"educ_yrs","age","month_interview","wealth_group","female","rural","earnings_usd","years_lived_elsewhere","christian_main","christian_evang","muslim","kikuyu"
1,23,8,4,0,0,43.98,8,0,0,0,0
10,21,3,3,0,0,118.88,1,1,0,0,0
0,21,8,1,1,1,18.43,9,0,0,0,1
8,17,2,5,0,1,57.42,10,0,0,1,0
6,22,11,3,0,0,77.2,3,1,0,0,0
6,19,9,3,1,1,36.5,10,0,1,0,1
4,45,1,4,1,1,51.06,7,0,1,1,0
11,37,11,3,0,0,462.47,8,1,1,0,1
6,57,9,3,1,1,930.37,2,0,1,1,0
6,26,5,3,0,0,89.75,1,0,1,0,0
2,43,9,1,0,1,223.62,3,0,0,0,0
6,52,10,4,1,0,790.06,3,1,1,0,0
6,24,9,4,1,1,56.38,8,1,1,1,0
13,28,12,5,0,0,267.36,8,0,1,0,0
4,39,4,2,0,1,239.1,11,1,0,1,0
3,21,7,4,1,1,25,5,0,1,0,0
2,20,12,5,0,0,74.97,5,1,0,0,0
6,33,8,5,0,1,160.03,11,0,0,0,0
4,22,1,2,1,1,79.24,11,0,0,0,1
6,35,7,4,1,1,183.09,5,1,0,1,0
0,23,5,2,0,1,25.07,5,0,1,0,1
4,33,9,5,1,1,106.96,1,1,0,0,0
0,26,11,5,0,1,39.45,3,0,0,0,0
2,25,4,1,0,1,30.75,1,0,0,0,0
10,20,11,5,1,1,98.37,4,1,0,0,0
1,20,6,2,1,1,19.78,6,1,0,1,0
8,38,7,5,1,1,273.65,2,1,1,0,0
6,22,9,5,0,1,61.74,5,0,0,0,1
3,25,5,2,0,1,61.71,4,0,0,1,0
0,29,1,2,1,0,47.14,4,0,0,0,0
6,20,8,1,1,0,61.94,3,0,0,1,0
0,35,1,4,0,1,70.63,2,1,1,0,0
5,36,1,5,0,0,193.87,1,0,1,0,1
3,17,7,5,0,1,29.89,9,1,0,1,0
8,23,8,3,1,0,93.78,13,1,1,0,0
1,17,8,1,1,1,12.14,1,0,1,0,0
0,39,7,3,1,1,87.75,3,1,0,0,0
0,20,5,1,1,1,20.41,2,1,0,0,0
2,23,10,5,1,0,39.48,6,1,0,0,0
8,23,2,3,0,1,24.12,9,0,0,0,0
0,22,7,2,1,1,19.71,5,0,0,0,0
4,25,5,2,0,0,63.22,13,0,1,0,0
0,36,8,4,1,1,67.83,7,0,0,0,0
6,23,5,4,1,1,63.09,2,1,0,0,0
1,47,9,1,1,1,205.86,8,1,0,0,0
0,31,12,3,1,1,43.91,1,1,0,0,0
1,31,12,1,0,0,89.54,4,1,0,0,0
3,25,11,3,0,1,43.34,5,1,1,0,0
4,29,12,3,1,1,75.31,5,1,0,0,0
5,34,2,3,0,1,153.2,8,0,0,0,0
3,35,5,1,1,0,139.47,4,0,0,0,1
10,25,3,5,0,0,170.41,4,1,0,0,0
6,20,7,5,0,0,64.4,3,0,0,0,0
4,23,11,3,1,0,95.31,7,0,1,0,0
4,21,3,1,0,1,98.94,10,1,0,0,0
8,17,3,4,0,0,73.5,9,0,0,1,0
8,19,1,5,1,0,82.31,4,0,0,0,1
3,37,2,4,0,1,127.13,6,1,1,0,1
6,22,2,1,1,0,74.97,8,0,0,0,0
0,49,6,5,0,1,328.35,9,1,0,1,0
8,19,8,1,1,1,3.57,0,1,0,0,0
1,33,8,2,1,0,66.56,1,1,1,0,1
2,27,4,2,1,0,56.81,6,0,0,1,0
7,19,5,3,1,1,42.89,4,0,1,1,0
0,29,8,5,0,1,51.48,4,0,0,0,0
0,26,3,3,1,1,28.22,5,0,0,0,0
6,44,2,4,0,0,524.9,5,0,0,0,0
9,24,5,3,1,1,50.73,6,1,0,1,0
4,34,2,4,1,0,149.38,4,1,0,0,0
0,28,8,2,1,0,5.49,2,0,1,0,0
0,25,10,1,0,0,37.5,10,1,1,0,0
7,25,9,5,0,1,73.06,5,1,1,0,0
7,23,9,2,0,0,96.26,8,1,0,0,0
11,54,3,4,0,0,2300.4,8,0,0,0,0
1,31,12,3,1,1,83.14,5,1,1,0,0
10,27,4,1,0,0,203.68,7,1,0,0,0
7,27,7,5,0,0,137.67,9,1,0,0,0
0,23,1,4,1,0,28.27,2,0,0,0,1
0,53,9,4,0,1,66.07,10,1,0,0,1
0,22,7,2,1,0,9.56,3,0,0,1,0
0,29,4,2,0,1,51.48,10,0,0,0,0
1,34,1,5,1,0,70.91,0,1,1,0,0
0,33,8,5,0,0,108.22,6,1,0,1,0
4,33,7,2,1,0,136.93,7,1,0,0,0
3,21,1,1,1,1,30.79,2,1,0,0,0
7,28,3,4,1,0,125.49,2,1,1,0,1
1,28,5,5,0,0,68.74,4,0,0,0,0
4,33,3,2,0,0,157.78,12,1,0,0,0
2,29,8,5,1,1,97.26,9,0,1,0,0
5,36,5,1,0,1,4.65,6,0,0,0,0
3,24,10,4,1,0,51.66,5,1,0,0,0
0,49,1,1,1,0,260.04,3,0,0,0,0
6,38,7,2,0,0,315.56,6,1,0,0,0
6,22,11,4,0,1,48.96,7,0,1,0,0
4,17,6,5,1,1,66.71,5,1,0,0,1
5,18,8,1,0,1,37.67,1,0,0,0,1
12,17,2,1,1,0,65.06,12,0,1,0,0
5,46,5,4,0,1,491.8,6,1,0,1,0
5,19,7,1,0,0,41.9,8,1,1,0,0
2,24,3,5,0,1,43.85,3,1,0,0,1
2,37,12,3,0,1,108.97,7,1,1,0,0
9,36,6,3,0,0,326.8,1,0,1,0,1
4,22,10,3,1,1,37.64,2,0,0,0,0
0,38,4,2,1,1,71.92,9,1,1,0,0
8,41,11,4,0,1,413.31,1,1,0,0,0
6,19,11,2,0,1,47.02,5,1,0,0,1
7,39,12,5,0,0,69.39,2,1,0,0,0
18,51,8,1,0,0,3648.16,9,0,1,0,0
3,22,10,1,1,1,95.41,3,1,0,1,0
2,45,1,3,1,0,266.76,1,1,0,0,0
1,49,6,1,1,1,7.96,3,1,1,0,0
2,30,2,4,0,0,75.88,5,0,1,0,0
0,38,2,2,0,1,91.45,5,1,1,0,0
2,27,9,4,0,1,64.73,5,0,0,1,0
10,35,11,4,0,1,320.93,2,1,0,0,0
0,46,3,2,1,1,8.74,1,0,1,0,0
6,33,9,2,0,0,166.34,2,1,1,0,0
5,30,6,2,1,1,98.37,12,1,0,0,0
10,29,4,4,1,1,220.32,7,1,0,0,0
4,25,6,4,1,0,54.86,7,1,1,0,0
10,30,6,3,0,1,239.83,1,0,0,1,0
7,28,1,5,0,1,117.52,3,1,0,0,0
5,24,3,4,1,0,59.99,1,1,1,0,0
6,21,8,3,1,0,58.67,3,1,0,1,0
4,25,5,2,0,1,60.82,0,0,0,0,0
0,36,9,5,1,1,67.83,0,1,0,0,0
4,32,5,5,0,1,93.9,0,0,1,0,1
6,55,12,3,0,1,823.61,2,1,1,0,0
7,28,1,4,0,1,120.33,10,0,0,0,1
6,21,1,1,0,1,55.09,0,1,0,0,0
0,31,6,2,0,1,61.39,0,1,0,0,0
9,42,6,3,0,0,545.5,1,1,1,0,1
3,18,10,3,0,1,63.93,14,0,0,0,0
3,31,2,3,1,1,75.09,10,1,0,0,0
6,28,9,2,1,0,126.22,4,0,0,0,0
0,24,12,4,0,1,32.99,5,1,0,0,0
2,44,7,5,1,1,22.97,3,1,1,0,0
3,31,3,3,0,1,90.82,7,1,0,0,0
8,30,6,2,1,0,215.38,4,0,0,0,0
6,19,9,1,0,1,43.12,4,0,1,1,0
8,21,1,4,1,0,11.7,6,1,0,0,1
5,22,4,4,1,1,48.2,4,1,0,0,0
0,39,11,5,0,1,122.68,13,1,0,0,0
1,59,1,5,0,0,931.6,12,0,0,0,0
11,27,4,4,0,0,268.32,9,0,0,1,0
9,25,5,5,0,1,17.28,1,0,1,1,0
0,34,2,2,0,1,79.76,8,0,0,0,0
4,39,5,5,0,0,264.75,6,0,0,0,0
4,25,1,2,0,0,94.05,13,0,0,0,0
5,25,1,1,1,1,63.12,10,1,0,0,0
5,20,4,1,0,1,36.91,4,1,1,0,0
3,43,10,2,0,1,206.89,13,1,1,0,0
12,24,7,1,0,0,72.55,0,1,1,0,0
2,30,2,2,0,1,59.27,0,0,1,0,0
4,27,11,2,0,0,95.28,11,1,0,0,1
12,48,12,4,0,0,1641.77,1,0,0,0,1
3,42,9,2,1,1,194.81,10,0,0,1,0
3,17,10,4,1,0,33.68,5,1,0,0,0
5,29,6,1,0,0,129.61,6,0,0,0,1
10,26,6,4,0,1,121,3,0,1,0,1
1,20,8,1,1,1,19.66,1,1,0,0,0
8,29,3,4,0,1,146.29,1,0,0,0,0
12,38,7,5,1,0,887.79,9,0,0,1,0
9,21,1,5,1,1,90.07,3,1,0,0,0
13,19,6,2,0,1,97.62,3,1,0,0,1
6,60,2,5,0,1,1549.5,6,1,0,0,1
0,40,3,3,1,1,95.55,0,1,0,0,0
6,26,3,1,1,1,67.02,5,1,1,0,0
2,24,2,2,1,1,67.55,5,1,0,0,0
0,22,8,4,0,1,36.73,7,0,0,0,0
0,32,1,5,1,0,61.35,0,1,0,0,0
13,25,6,3,0,0,258.13,0,1,0,0,1
4,30,3,3,0,1,109.58,4,0,0,1,0
4,36,12,5,0,0,204.65,13,0,0,0,0
10,32,2,3,0,1,285.82,8,1,0,1,0
7,18,8,3,0,0,49.65,5,1,1,0,0
4,20,3,2,0,0,40.28,2,0,1,0,0
6,45,5,2,1,0,548.93,1,1,0,1,0
0,23,3,1,1,0,22.42,3,1,1,0,0
6,28,5,4,1,1,18.98,3,1,0,0,0
4,52,7,1,1,1,93.01,8,0,1,0,0
1,40,11,2,1,1,114.96,3,0,0,1,0
8,37,3,4,0,0,352.99,7,0,1,1,0
0,18,5,4,1,0,17.54,10,0,0,0,0
0,25,3,1,0,1,63.58,4,1,0,1,0
1,28,12,2,1,1,54.1,0,0,0,0,0
18,17,9,2,0,0,271.19,10,0,0,1,0
8,37,7,4,0,1,293.72,1,0,0,0,0
10,32,5,4,0,1,200.73,1,1,1,0,0
5,27,12,2,1,1,75.44,7,0,0,0,0
0,21,7,1,0,1,29.1,11,1,0,1,0
0,49,7,5,1,1,164.93,10,0,1,0,0
0,30,6,2,0,1,56.22,4,0,0,0,0
10,19,4,5,1,0,93.35,4,1,1,0,0
0,23,10,4,0,1,24.48,4,0,1,0,0
0,56,9,1,1,1,359.29,3,1,0,0,0
6,31,3,5,0,1,137.56,5,0,0,0,1
7,17,1,3,0,0,45.3,1,0,1,0,0
4,33,11,4,0,0,83.15,5,0,0,1,0
0,21,12,5,1,1,18,2,1,0,0,0
0,31,1,3,1,0,45.64,1,0,1,0,0
8,19,1,3,1,0,65.27,8,0,1,0,0
0,25,8,3,0,1,41.71,0,0,0,1,0
2,23,2,3,0,0,50.12,11,0,0,0,0
2,36,9,3,0,1,126.07,7,0,0,0,1
0,36,2,4,1,0,86.83,1,0,0,0,0
0,41,4,3,1,1,84.47,6,1,1,0,0
7,27,11,4,0,0,24.65,8,1,0,0,0
6,22,7,2,0,0,72.47,9,0,1,1,0
4,30,3,2,1,0,93.6,7,1,0,0,0
4,43,1,3,1,0,66.19,8,0,0,0,1
0,31,7,2,1,1,57.31,5,0,0,0,0
6,18,8,1,0,1,41.92,5,1,0,0,0
0,22,6,3,0,1,48.42,2,1,0,0,0
5,41,9,2,0,0,297.33,4,1,1,0,1
13,26,8,3,1,0,66.57,0,0,1,0,1
6,24,5,1,0,1,72.2,5,1,0,0,0
2,34,3,5,1,1,31.5,8,1,0,0,0
6,30,1,3,1,1,117.64,4,0,0,0,0
11,22,11,2,0,1,94.05,6,0,1,0,0
7,24,9,4,1,1,20.4,2,0,0,0,0
7,41,11,3,1,0,477.01,6,1,0,0,1
3,37,10,1,0,1,143.55,8,0,1,1,0
0,21,8,5,0,0,32.22,3,1,0,0,0
6,38,11,5,1,1,59.35,9,1,0,0,0
6,34,12,1,1,0,15.92,0,0,0,0,1
2,30,11,4,0,0,10.25,3,0,0,1,0
7,27,12,4,1,1,107.9,7,0,0,0,0
14,19,6,1,0,1,130.51,1,0,0,0,0
14,28,2,2,0,1,293.08,6,1,0,0,0
1,29,2,2,0,1,58.66,6,0,0,0,0
4,37,7,2,0,1,174.24,1,1,0,0,0
5,34,11,5,0,1,15.35,2,0,0,0,0
2,19,10,3,1,1,21.98,6,0,0,0,1
0,25,1,1,1,0,87.5,2,0,0,0,0
5,23,8,1,0,0,74.14,2,0,0,0,0
11,40,3,5,0,0,583.82,5,1,1,0,0
2,20,11,1,1,1,23.51,13,1,0,0,0
0,30,1,1,1,1,61.05,5,1,0,0,1
4,35,6,4,1,0,162.91,0,1,0,0,0
2,21,3,4,1,0,32.96,8,0,0,0,0
5,20,11,5,0,0,68.33,11,1,0,0,0
7,22,7,3,1,0,71.66,5,1,1,0,0
1,43,3,5,0,0,251.23,0,0,0,0,0
2,49,4,2,1,0,301.97,5,1,1,0,0
2,31,9,5,1,1,75.48,8,0,0,0,0
8,26,7,1,1,0,154.73,8,0,0,0,1
0,48,1,4,0,1,302.31,8,0,0,1,0
6,22,1,4,1,1,47.92,14,1,1,0,1
9,19,7,2,0,1,67.95,5,1,0,0,0
3,20,11,5,0,0,43.53,11,1,0,0,0
0,22,5,3,0,1,27.55,3,0,0,0,0
0,30,2,4,1,1,14.81,5,0,0,0,0
2,40,12,4,1,0,22.6,1,0,1,0,0
0,27,1,3,1,1,31.58,10,0,0,0,1
0,27,5,5,0,1,44.15,2,0,0,0,1
6,33,8,5,1,0,57.57,3,0,1,0,0
5,24,4,3,0,0,74.75,7,0,1,0,0
0,35,7,5,1,0,79.64,5,0,0,0,0
12,21,4,2,0,0,154.34,5,1,0,0,0
8,37,2,1,0,1,293.72,5,1,0,0,0
3,28,12,2,0,0,89.25,10,0,0,0,0
7,45,8,5,0,0,650.38,3,1,0,0,0
3,36,3,3,0,1,143.65,2,1,0,0,1
3,25,3,3,1,0,66.94,2,0,0,0,0
5,32,8,1,0,1,148.8,13,1,0,1,0
3,22,6,3,1,1,56.17,8,0,0,0,0
0,19,10,4,1,0,19.33,3,0,0,1,0
0,24,8,1,1,0,24.52,9,0,1,0,0
0,32,11,4,1,0,50.12,5,1,1,1,0
2,38,11,2,0,1,146.23,8,1,0,0,0
2,22,5,2,0,1,29.05,10,1,1,0,0
0,46,12,2,0,1,221.45,0,0,0,0,0
0,28,4,1,1,1,7.24,4,1,0,1,0
6,43,1,4,1,0,461.32,9,1,0,0,0
3,21,3,4,1,0,32.2,10,1,1,1,0
3,18,8,1,1,0,29.99,10,0,0,0,0
4,22,5,4,0,0,59.46,7,0,0,0,0
0,22,4,3,1,0,67.28,4,1,0,0,0
9,53,6,2,0,1,1036.15,2,1,1,0,0
7,41,12,5,1,0,477.01,1,0,0,0,1
3,42,6,2,1,0,247.9,2,0,0,0,0
0,17,5,1,1,0,16.1,5,1,0,1,0
7,28,1,4,1,0,122.56,12,1,1,0,0
6,25,9,3,0,0,116.88,9,1,0,1,0
0,41,3,4,1,1,30.95,2,1,0,0,1
3,19,7,5,0,1,25.81,3,1,1,0,1
0,40,4,3,0,1,111.07,1,1,1,0,1
12,17,6,5,0,0,87.02,11,1,1,0,0
0,58,2,4,0,0,754.93,6,1,0,0,0
6,20,6,2,0,1,40.85,5,0,1,0,0
7,21,3,5,0,0,80.35,4,1,0,0,0
2,27,6,3,0,0,71.67,3,1,0,0,0
6,43,8,1,0,0,557.93,10,1,0,1,0
2,41,9,1,0,0,196.29,7,1,1,0,0
0,30,9,5,1,0,55.38,1,1,1,0,0
5,19,3,3,1,0,38.16,6,1,1,0,0
9,36,2,3,0,1,307.07,7,1,0,0,0
0,27,1,3,0,1,44.15,4,1,0,0,1
0,19,7,3,1,1,15.01,4,0,0,0,0
12,18,6,1,1,1,120.03,0,0,0,0,1
0,23,9,2,1,1,21.7,1,0,0,1,0
2,29,2,1,0,0,69.48,6,0,1,0,0
0,24,4,3,1,1,24.16,8,0,0,0,1
12,18,10,1,0,0,92.12,14,0,1,0,1
0,40,7,1,0,1,108.48,5,1,1,0,0
5,17,8,3,0,0,40.34,8,1,1,1,0
3,24,5,5,0,1,45.81,4,1,1,1,0
0,38,6,5,1,0,83.73,7,0,1,0,0
7,56,7,1,0,0,1603.8,2,1,0,0,0
6,44,9,5,1,0,504.81,8,1,0,1,0
5,24,2,2,0,0,93.78,1,0,0,1,0
6,26,9,5,0,1,71.78,10,1,1,0,1
4,22,4,4,0,0,59.46,9,0,0,0,0
3,27,5,4,1,1,54.01,0,1,0,0,1
6,39,10,2,0,0,285.77,1,0,1,0,1
3,31,9,5,0,1,75.5,2,1,1,0,1
6,37,1,1,1,1,216.26,4,0,0,0,0
8,30,4,4,0,0,204.53,4,1,0,0,0
0,32,8,3,1,0,61.35,1,1,0,0,0
0,26,10,2,1,0,16.29,3,1,1,0,0
0,50,1,2,0,1,308.38,8,1,0,0,0
4,30,7,3,1,1,21.06,2,1,0,1,0
8,35,8,1,0,0,323.99,0,1,0,0,1
6,19,4,1,0,1,36.07,2,1,0,0,0
0,33,4,1,0,0,76,3,1,1,0,0
6,21,6,2,0,0,81.53,8,1,0,1,0
4,24,7,1,1,0,63.25,9,1,0,0,1
1,50,1,4,0,1,285.31,7,1,1,0,0
0,39,6,4,1,0,91.76,10,0,1,1,0
0,28,3,1,1,1,33.7,1,1,0,0,0
8,39,9,3,0,0,446.3,5,0,0,0,0
12,25,11,2,1,0,31.24,13,1,1,0,0
4,18,6,5,0,0,33.56,4,1,1,0,0
7,41,9,3,1,1,372.62,6,1,0,0,1
4,19,5,3,0,0,52.36,4,1,0,1,0
4,25,8,4,1,1,64.12,6,0,1,0,0
12,22,11,3,0,0,168.96,1,0,0,0,0
1,18,11,2,1,1,80.11,7,0,1,0,0
12,18,8,3,1,0,150.07,4,1,0,0,0
0,18,7,2,0,1,22.14,0,0,0,1,0
0,25,12,3,1,0,43.59,10,1,1,0,0
8,25,12,2,1,1,18.03,0,0,0,0,0
14,19,8,2,0,1,133.63,9,1,0,0,1
10,20,3,3,1,0,125.93,4,0,0,0,0
7,32,8,3,0,1,193.2,6,1,0,1,0
0,53,7,5,1,1,281.88,6,1,0,0,0
5,20,5,5,1,1,40.21,3,1,0,0,0
3,24,11,1,0,1,48.8,3,1,0,0,0
6,33,6,2,1,1,152.98,5,1,0,0,0
12,46,11,3,1,0,1776.62,0,0,0,0,1
0,36,5,2,1,0,70.93,4,1,1,1,0
4,24,4,5,0,1,64.29,3,0,0,1,0
3,26,12,1,0,1,88.69,3,0,0,0,0
0,19,12,4,1,0,19.33,1,1,0,1,0
2,32,11,4,0,0,111.37,9,0,0,0,0
1,39,1,1,0,0,43.49,10,0,0,1,0
1,23,8,3,0,1,35.18,3,0,0,0,1
0,19,10,1,0,1,27.82,2,0,0,0,0
7,27,11,4,1,0,138.13,1,1,0,0,0
4,24,9,1,1,1,48.26,7,0,0,0,0
0,35,8,5,1,1,63.7,12,0,0,0,1
4,29,12,3,0,0,7.68,8,0,0,0,0
7,46,5,2,0,1,552.28,11,1,0,0,0
2,21,10,1,1,0,32.96,2,0,0,0,0
4,22,10,4,1,1,40.31,12,0,0,0,0
0,52,9,4,1,0,332.61,9,0,0,0,0
6,20,5,1,1,0,22.83,10,0,0,1,0
4,23,5,1,1,0,56.47,4,1,0,0,0
8,18,11,5,1,0,44.17,0,0,1,0,1
7,17,2,3,1,0,45.45,12,1,1,0,0
7,47,3,3,1,0,4.25,12,0,0,1,0
4,40,7,1,1,0,93.45,5,1,0,0,1
9,27,4,1,0,1,33.95,3,0,0,0,1
1,65,8,1,1,0,65.68,4,0,1,0,0
5,19,12,5,1,1,36.93,7,0,0,1,0
6,18,12,1,0,0,44.61,2,1,1,0,1
9,32,10,1,0,1,216.96,12,0,0,0,0
7,32,10,4,0,1,156.87,3,1,1,1,0
3,27,2,3,0,1,63.8,1,0,0,0,0
1,42,9,2,1,0,71.4,2,1,0,0,0
5,21,2,3,0,0,31.29,9,1,1,1,0
6,33,4,5,1,1,152.98,9,1,0,0,0
3,44,9,1,1,1,230.55,2,1,0,1,0
12,32,6,4,1,0,50.76,6,1,0,1,0
12,36,5,4,0,0,581.56,1,1,0,0,0
3,29,9,5,0,0,79.17,1,1,1,0,0
0,21,10,1,1,1,18.11,4,0,0,1,0
12,21,4,3,0,1,123.44,3,0,0,0,1
4,38,11,5,1,1,19.84,12,1,1,0,0
6,31,5,3,1,0,87.96,3,1,1,0,0
0,29,5,4,0,0,65.9,11,1,0,0,0
5,24,7,3,1,1,46.86,5,1,1,0,0
0,34,10,5,1,1,46.32,6,0,1,0,0
0,26,11,2,1,1,28.39,0,1,0,1,0
12,17,11,2,0,0,18.5,4,0,0,0,0
1,17,9,4,0,1,19.91,10,1,0,0,0
2,22,12,2,0,0,37.18,6,0,1,0,0
2,44,9,4,0,1,8.87,6,0,1,0,0
2,29,8,3,0,1,54.27,12,1,1,0,0
8,24,7,1,0,1,93.74,2,1,0,0,0
4,24,5,3,1,1,48.26,3,1,0,0,0
1,43,4,3,0,0,208.86,1,0,1,0,1
0,53,3,2,1,1,230.25,6,0,1,1,0
3,26,5,3,0,1,15.93,4,1,0,0,0
0,20,11,1,1,1,16.44,13,0,0,0,0
10,46,10,3,1,1,947.74,6,1,0,0,0
0,33,9,3,0,1,6.82,11,1,0,0,0
9,25,3,4,0,1,135.07,1,1,0,1,0
11,22,2,3,1,0,150.07,6,1,1,0,1
12,20,5,4,0,0,114.45,12,0,1,0,0
0,31,2,4,0,1,49.84,10,1,1,0,0
3,19,2,4,0,1,31.04,5,0,0,0,0
3,27,7,4,1,0,54.83,2,0,1,0,0
3,24,9,4,0,1,49.97,4,0,0,0,1
0,17,9,2,0,1,20.21,9,1,0,1,0
2,26,11,5,1,1,32.96,3,1,1,1,0
4,30,11,4,1,1,68.38,2,1,1,0,1
7,20,2,1,0,0,59.58,1,1,1,0,0
1,34,4,1,1,1,68.22,8,0,0,0,0
8,17,10,4,0,1,30.18,5,1,0,0,0
7,20,12,3,0,1,58.69,1,1,0,0,1
6,26,11,1,0,0,25.85,1,0,0,0,0
11,25,6,4,0,1,17.65,2,1,1,0,0
6,19,9,2,1,1,44.17,5,1,0,1,0
5,21,2,4,1,1,44.03,3,0,0,0,0
1,27,6,1,0,1,49.14,4,0,0,0,0
0,18,4,1,1,1,30.65,10,0,0,0,0
2,33,5,3,0,1,77.08,2,1,1,0,0
8,38,10,4,1,0,350.31,3,1,1,0,0
3,19,10,5,1,0,84.34,6,1,1,0,0
2,35,4,5,1,1,72.25,9,1,1,0,0
0,33,1,4,0,0,93.6,2,1,0,0,0
0,21,12,1,1,1,18,0,0,0,0,0
6,19,11,2,1,0,45.64,1,1,1,0,0
4,18,12,5,0,1,7.53,4,1,0,0,0
3,45,9,5,1,0,64.92,1,1,1,0,0
4,39,3,5,0,1,206.81,2,0,0,0,0
2,38,7,2,0,0,187.2,9,0,0,0,0
0,33,7,2,0,1,73.12,3,1,0,0,0
3,46,3,5,0,1,23.5,4,1,0,0,0
0,17,11,3,0,1,86.69,6,1,0,0,0
2,41,7,2,0,1,188.84,4,1,0,0,0
12,19,3,5,0,1,100.52,8,1,0,0,0
0,32,12,3,1,1,48.21,4,1,0,1,0
7,22,5,5,1,0,90.36,7,1,0,0,1
0,19,6,3,0,1,40.67,1,1,1,0,0
4,18,7,5,0,0,77.87,8,0,0,0,0
0,33,3,5,1,1,41.48,1,0,0,0,1
1,22,8,5,1,1,54.71,5,0,0,0,1
7,30,11,4,1,0,180.1,5,1,0,0,0
4,21,8,4,0,1,42.43,11,0,0,0,0
7,23,10,5,0,1,70.59,3,0,1,1,0
12,21,10,4,1,0,38.54,3,1,0,1,0
9,34,12,2,1,1,65.52,1,0,0,0,0
1,44,4,1,0,1,173.33,4,1,1,0,0
5,46,10,2,1,0,412.35,1,0,1,0,1
0,38,10,5,0,0,144.18,9,1,0,0,0
0,50,11,4,1,0,38.01,8,1,0,0,1
14,27,3,3,0,0,343.34,3,0,0,0,0
5,25,11,5,0,1,70.96,10,0,0,0,1
12,33,4,5,0,0,459.08,2,1,0,0,1
5,31,4,2,1,0,137.49,1,1,0,0,0
6,20,7,3,1,1,48.09,9,0,0,0,0
6,30,10,3,0,0,127.91,2,1,1,0,0
2,28,5,2,0,1,53.92,1,1,0,1,0
2,19,6,4,0,0,61.41,4,0,0,0,0
8,23,11,3,1,1,90.22,9,1,0,0,0
3,18,6,3,0,1,23.21,5,1,0,0,0
11,27,5,2,0,1,150.71,9,0,1,0,1
7,33,2,2,1,0,42.77,6,1,0,1,0
8,44,12,5,0,1,615.49,9,1,0,1,0
0,25,2,1,1,1,92.55,3,1,0,0,0
0,64,2,5,0,1,24.27,3,0,0,1,0
3,44,5,3,0,0,333.08,6,1,1,1,0
1,34,5,1,0,0,116.35,4,0,0,0,0
14,24,3,2,0,0,213.26,13,1,1,0,0
4,35,1,3,0,1,15.87,3,1,0,0,0
3,26,3,3,1,0,61.78,2,1,0,0,0
0,20,3,2,0,0,23.89,5,1,1,0,0
0,20,6,5,1,0,21.05,6,0,0,0,0
2,25,11,2,0,1,46.84,1,1,0,0,0
0,35,10,3,0,0,104.54,12,0,1,1,0
5,54,12,2,1,1,747.82,5,1,0,0,0
0,18,4,3,0,0,19.91,4,1,1,0,0
2,18,4,5,1,0,42.11,3,1,0,0,0
9,28,5,5,1,0,64.32,11,0,0,0,1
12,26,7,5,1,0,250.98,9,1,1,0,0
1,26,12,2,1,1,27.56,3,0,1,1,0
4,43,2,1,0,0,371.68,1,0,0,0,0
12,23,7,4,0,1,117.28,3,1,1,0,0
2,50,9,3,1,0,327.89,9,0,1,0,0
12,23,8,5,0,0,213.78,1,1,0,1,0
11,31,8,1,1,0,66.81,7,0,1,0,0
0,26,3,3,0,1,39.45,6,1,0,0,0
0,35,4,1,1,1,62.21,7,1,0,0,0
12,17,11,5,0,0,109.73,8,1,0,0,1
12,18,7,4,1,0,124.76,3,1,1,0,1
0,59,8,2,0,1,638.65,0,0,0,0,0
4,21,9,4,0,0,54.31,2,1,0,0,0
0,36,2,4,1,1,67.83,1,1,0,0,0
3,48,6,5,1,0,409.48,2,1,0,0,0
1,24,4,2,0,0,58.62,7,1,1,0,0
0,27,3,4,0,1,43.12,10,1,0,0,0
1,47,8,3,0,1,274.23,12,0,0,0,0
6,21,9,3,1,1,33.96,13,1,1,1,0
7,23,10,5,0,1,75.19,8,1,0,0,0
0,23,8,4,0,0,44.63,6,1,0,1,0
8,42,12,4,1,0,495.33,7,1,1,1,0
2,20,12,3,1,0,30.1,7,1,0,0,0
9,17,5,4,0,1,56.59,9,1,0,0,0
0,53,8,4,1,1,18.95,13,1,1,0,0
6,29,1,5,1,1,45.67,9,0,1,1,0
1,22,5,1,1,1,19.13,7,0,1,0,0
1,19,5,4,1,0,7.32,4,1,1,0,0
8,22,6,1,0,1,73.5,4,1,1,1,0
5,45,6,2,0,1,28.11,3,0,0,0,0
6,22,9,2,0,0,89.25,1,0,0,1,0
3,21,12,5,1,1,25.15,4,0,1,1,0
4,40,10,3,1,0,256.18,6,0,0,0,1
6,20,1,3,0,0,74.46,1,1,0,1,0
8,22,1,4,0,0,81.38,1,0,1,0,0
0,27,4,3,0,0,90.73,7,1,0,1,0
2,24,1,2,0,0,20.5,13,1,0,1,0
5,43,2,3,0,1,45.8,12,1,1,0,1
3,50,11,2,0,0,675.24,10,1,0,1,0
7,21,3,3,0,1,62.77,4,1,0,0,0
2,32,9,5,0,1,70.64,2,1,1,0,0
0,32,2,2,1,1,48.21,4,1,0,1,0
3,37,1,4,0,1,152.92,4,0,0,0,0
8,21,10,3,0,1,58.07,5,0,1,0,0
5,35,3,5,1,1,88.17,11,0,0,0,0
0,33,12,4,1,1,52.29,0,1,0,0,0
6,36,10,2,0,1,207.56,4,1,0,0,0
3,23,1,4,0,0,57.1,0,1,0,0,0
3,32,1,3,1,1,83.92,12,0,0,0,1
13,19,12,2,0,0,121.9,7,1,1,0,1
0,20,11,2,1,1,79.43,4,0,1,0,1
12,18,12,4,0,1,93.94,4,0,0,0,1
1,37,1,1,1,1,90.52,2,0,0,0,1
7,46,7,5,0,0,707.02,4,1,0,0,0
6,35,7,3,0,0,243.72,2,0,0,0,0
1,29,3,4,1,1,44.03,5,0,0,0,0
1,27,12,1,0,0,62.9,11,1,0,0,0
1,22,12,2,1,1,23.57,8,1,0,0,0
3,20,1,3,0,1,39.31,3,1,0,1,0
5,23,5,4,1,0,67.53,9,1,0,0,0
3,24,12,5,0,1,49.97,11,1,0,0,1
5,25,2,3,0,0,80.85,0,1,0,0,0
1,45,12,4,1,1,174.24,5,1,0,0,0
6,17,12,4,0,0,63.78,7,0,0,0,0
0,18,5,3,1,1,13.78,0,0,0,1,0
1,26,5,5,0,0,46.72,4,0,1,0,0
8,18,3,2,0,1,54.43,1,1,0,0,0
0,26,7,2,1,1,28.89,1,1,0,0,1
6,53,7,2,0,1,883.16,9,1,0,0,1
2,42,5,2,0,1,205.52,5,0,0,0,0
4,24,6,2,0,0,57.8,6,0,1,0,0
0,24,6,5,1,1,23.59,4,1,0,0,0
9,28,10,1,0,1,176.41,0,1,0,1,0
3,42,1,4,0,0,299.8,1,1,0,0,0
0,36,9,2,1,0,86.83,7,1,0,0,0
5,31,8,4,0,0,150.95,3,1,0,0,0
8,19,11,5,0,1,48.42,7,1,1,0,0
3,34,5,2,0,1,118,8,0,0,0,0
6,23,1,4,0,1,65.99,1,1,0,0,0
10,23,3,4,1,1,129.04,2,1,0,0,0
12,33,11,4,1,0,48.6,11,1,1,0,0
0,22,5,2,1,0,20.48,7,1,1,0,0
1,20,8,1,0,1,44.93,2,0,1,0,0
3,23,3,5,0,1,45.67,7,0,0,0,1
1,20,9,3,1,0,42.35,2,1,0,0,0
3,18,4,3,0,1,28.34,6,1,0,0,0
9,48,4,5,1,1,935.72,5,0,0,0,0
2,20,3,2,0,1,54.29,8,0,0,1,0
2,23,11,4,0,1,39.15,1,1,0,0,0
11,59,9,2,0,0,3437.16,2,0,0,0,0
1,24,8,5,1,1,28.39,2,1,0,1,0
3,23,9,2,1,1,36.88,1,1,0,0,0
2,29,11,1,0,0,85.57,8,1,0,0,0
3,19,8,5,1,0,53.53,2,1,0,0,0
3,48,4,4,0,0,495.21,0,0,0,0,0
7,31,11,3,0,1,10.52,1,1,0,0,1
2,31,4,4,1,1,62.79,2,0,0,0,0
6,41,3,5,1,0,391.92,1,0,0,1,0
3,20,8,1,1,1,12.48,7,1,0,1,0
6,30,6,4,1,0,150.6,10,0,0,0,0
5,24,5,1,0,0,81.11,6,1,0,0,0
3,27,12,2,1,1,42.83,8,1,1,0,0
7,39,10,2,0,1,313.26,2,0,0,0,1
8,31,12,4,0,0,223.32,1,1,0,0,0
2,40,3,3,0,1,173.46,9,1,0,0,0
6,46,9,2,0,1,496.26,3,1,0,0,1
3,23,9,4,0,1,44.61,12,1,0,0,0
0,35,9,4,0,1,89.06,6,0,0,0,1
0,37,6,4,0,1,85.93,9,1,1,0,1
3,48,11,3,1,1,319.87,5,0,0,0,0
2,42,9,3,0,0,213.63,0,0,1,0,0
5,20,2,1,0,1,44.15,5,1,0,0,0
1,50,10,4,1,0,5.91,4,0,1,0,0
2,23,1,3,0,1,31.79,12,1,1,0,0
1,29,9,1,1,0,56.37,3,0,0,0,0
0,26,11,4,0,1,45.61,5,0,0,1,0
3,23,2,3,1,0,51.37,4,0,0,0,0
3,40,8,1,0,1,197.65,5,1,0,0,0
2,25,4,4,1,1,37.13,6,1,0,1,0
5,21,4,4,1,0,57.21,1,0,1,0,0
8,23,4,4,0,0,109.69,2,0,0,0,0
5,17,10,1,0,1,33.57,11,0,0,0,0
4,24,9,2,1,0,55.6,6,1,0,0,1
9,24,2,1,1,1,49.41,5,0,0,1,0
8,24,10,2,1,1,13.24,8,0,1,0,0
2,22,12,4,0,1,35.77,2,1,0,0,0
10,33,4,1,0,0,353.58,0,0,0,0,1
2,20,2,5,1,0,24.44,12,0,1,0,0
0,34,2,2,1,0,73.03,4,1,0,0,0
1,32,2,4,0,0,44.23,8,1,0,0,0
2,29,10,4,1,0,33.08,0,1,0,0,0
0,26,6,4,0,0,50.5,12,0,0,0,0
0,20,7,5,1,1,16.44,6,0,0,0,0
2,35,6,1,1,1,88.98,6,1,0,0,0
0,25,1,1,1,1,25.96,4,0,0,1,0
11,31,1,5,0,1,264.23,1,1,0,0,1
2,35,3,4,1,0,114.59,4,0,0,1,0
0,26,11,2,0,0,50.5,0,1,0,0,0
0,28,4,4,0,1,38.26,4,0,1,0,0
9,27,6,4,1,0,90.81,4,0,1,0,0
6,54,2,1,1,0,1144.87,3,0,0,0,0
0,47,6,4,1,1,173.17,0,1,0,1,0
14,31,6,4,1,0,571.9,5,0,1,0,1
4,25,1,2,1,1,42.86,2,0,1,0,0
0,36,6,5,1,1,67.83,4,1,0,0,0
8,29,9,3,0,1,83.78,6,0,0,0,1
0,39,7,5,1,0,91.21,10,0,1,0,0
1,34,12,5,0,1,73.79,6,0,1,0,0
4,19,4,4,0,0,45.29,5,0,0,0,0
0,36,11,3,1,0,74.99,7,1,0,0,0
0,55,12,1,1,0,80.47,1,1,0,0,0
5,23,4,3,0,0,74.14,11,1,0,0,0
6,28,4,4,1,1,99.19,2,1,0,1,0
0,21,1,3,1,0,24.64,11,1,1,0,0
0,40,5,1,0,0,197.74,5,0,0,1,0
5,28,7,4,1,0,78.65,4,0,1,0,0
3,26,12,5,1,1,39.18,2,0,1,0,0
6,25,7,2,0,1,78.97,6,0,0,0,0
1,20,11,3,1,0,20.56,12,0,1,1,0
5,21,3,3,0,0,58.1,7,1,1,1,0
8,42,3,3,0,1,449.82,5,1,0,0,0
0,18,2,5,0,0,23.02,1,1,1,1,0
3,35,9,3,0,1,128.68,3,1,0,0,0
8,25,3,1,0,0,134.38,5,1,0,0,1
6,37,6,4,0,0,296.52,1,1,0,0,1
4,34,11,2,1,0,149.38,10,1,0,0,0
9,19,8,4,0,1,55.17,4,1,1,0,0
12,20,9,1,0,1,91.54,11,0,1,0,1
6,29,10,2,0,1,112.67,6,1,0,0,0
5,26,6,1,1,0,73.45,4,0,1,0,1
0,38,3,2,1,1,81.04,8,1,0,1,0
0,43,1,1,1,0,157.7,0,1,0,0,0
5,22,12,3,0,0,55.01,0,1,1,0,0
6,49,3,3,0,1,32.79,2,1,0,0,1
0,20,3,2,0,1,85.59,0,1,0,1,0
3,28,1,4,1,1,59.02,3,0,0,0,1
3,31,5,1,0,1,90.82,6,1,0,0,0
2,20,5,4,0,1,29.84,9,0,0,0,0
10,17,8,1,0,1,28.27,1,1,1,0,1
4,22,10,4,1,1,13.33,6,0,0,0,1
0,29,8,2,0,0,65.9,13,0,0,0,0
6,37,10,2,1,1,216.26,3,0,0,0,0
7,27,3,1,0,0,129.24,3,0,1,1,0
6,38,9,4,1,0,244.94,1,1,1,0,0
6,35,1,5,0,0,281.78,6,1,0,1,0
0,43,1,1,1,1,100.62,3,1,1,1,0
0,37,7,3,0,1,103.36,7,0,0,0,0
4,41,5,5,1,1,75.7,8,0,1,0,1
8,27,6,5,1,0,165.19,8,1,0,0,0
6,34,11,5,1,0,173.47,2,1,1,0,0
7,29,11,1,1,0,87.22,1,1,0,0,0
2,21,5,1,1,0,32.96,0,0,0,0,0
0,31,9,2,0,0,78.59,0,1,0,0,0
6,26,5,3,0,0,89.75,10,0,1,0,0
0,32,7,5,0,1,67,7,0,0,0,0
2,27,7,3,0,0,58.2,2,1,1,0,0
2,21,2,2,0,1,37.78,9,1,0,1,0
12,33,6,5,1,0,89.96,5,1,0,0,0
6,32,2,1,0,1,146.65,4,0,0,0,0
0,27,5,1,0,1,43.12,3,1,0,0,0
6,24,7,4,0,1,24.67,6,1,1,0,0
11,41,4,4,0,1,611.46,7,1,0,0,0
0,34,7,2,0,1,45.84,5,1,1,0,0
6,18,12,4,0,0,43.57,1,0,1,0,0
2,28,1,3,1,1,39.14,3,0,1,0,0
6,36,1,2,1,0,254.01,4,0,0,0,0
3,39,7,3,0,1,147.37,1,1,1,0,0
8,31,9,3,1,0,235.16,9,1,0,0,0
5,29,5,4,0,0,126.59,1,1,0,0,0
0,20,9,5,1,1,7.33,9,1,0,0,0
4,24,8,2,0,1,45.15,7,0,1,0,0
2,24,7,2,0,0,63.39,6,1,0,1,0
0,38,5,4,0,1,105.73,4,0,1,1,0
6,43,12,3,0,0,494.09,4,1,0,0,1
0,47,12,5,1,1,56.85,2,1,1,0,0
0,26,10,1,0,1,45.61,10,0,0,1,0
3,29,9,2,0,1,76.16,4,0,0,0,0
4,18,11,1,1,0,35.87,10,1,0,0,0
5,33,5,2,0,1,140.44,0,1,0,0,0
4,17,1,3,1,1,96.95,5,0,0,0,0
1,41,1,1,1,0,130.09,3,1,1,1,0
0,38,7,4,1,1,65.41,4,1,1,0,0
8,23,5,5,0,1,85.68,1,0,0,0,0
0,18,8,3,1,1,13.7,9,1,0,0,0
3,38,3,5,1,0,93.42,12,1,1,0,0
6,32,3,3,1,0,45.4,3,1,1,0,0
2,36,4,4,1,1,97.01,9,1,0,0,0
10,21,9,5,1,1,89.55,3,0,1,0,1
0,38,11,2,1,0,103.74,2,1,0,1,0
6,44,11,5,0,1,474.05,4,1,0,1,0
0,21,11,2,0,1,20.92,10,1,1,0,1
0,30,1,3,0,1,45.65,2,1,1,0,0
7,23,11,1,1,0,71.82,1,1,0,0,0
5,19,12,4,1,0,38.16,1,0,1,0,0
0,22,10,1,0,1,22.37,7,1,1,0,0
0,19,6,3,0,1,86.83,6,1,0,0,0
8,56,6,4,1,0,93.91,3,0,0,0,0
3,25,12,3,0,1,88.73,3,0,0,0,0
11,19,1,3,0,0,112.94,11,1,0,0,0
1,26,3,2,1,1,34.55,3,0,0,0,1
0,41,11,4,0,1,118.1,8,0,1,0,0
2,22,9,2,0,0,28.2,4,0,0,0,0
3,40,12,3,0,1,197.65,5,1,0,0,0
1,27,6,2,0,0,51.07,5,1,1,0,0
3,19,12,5,0,1,31.04,2,1,0,0,0
0,29,12,3,1,1,36.82,3,0,0,0,0
0,26,7,2,1,1,72.57,1,0,0,0,0
2,28,9,2,0,1,70.74,1,1,0,1,0
0,33,8,1,1,0,66.95,1,1,0,0,0
8,25,8,3,0,0,134.38,1,0,0,0,1
15,26,7,3,1,1,422.84,2,0,0,0,1
11,18,2,3,1,0,72.31,3,0,0,0,0
5,29,10,3,1,0,93.62,6,1,1,0,0
6,49,4,3,0,0,795.74,1,0,0,0,0
0,32,3,2,0,1,67,7,1,0,0,0
1,32,2,4,0,0,98.89,6,1,1,0,0
3,20,3,2,1,1,15.78,1,1,0,0,1
3,37,2,4,0,0,226.33,6,1,0,1,0
0,18,9,5,0,1,19.15,6,0,0,0,0
4,22,7,5,1,1,40.31,4,1,0,0,0
1,43,6,4,1,0,153.13,5,0,1,0,0
12,29,3,5,1,0,405.8,7,0,0,1,0
7,28,2,2,1,0,57.44,3,0,0,0,0
2,36,9,2,0,1,123.13,5,1,0,0,0
2,48,8,4,0,1,5.53,7,1,1,0,0
7,17,6,1,1,0,45.45,10,1,1,0,0
12,33,7,4,1,0,576.35,13,1,0,1,0
0,40,7,2,0,1,108.48,1,0,1,0,0
3,25,5,5,1,1,44.14,6,1,0,0,0
0,19,9,1,0,1,20.98,0,0,0,0,0
2,38,6,5,1,1,115.21,12,1,0,0,0
0,29,12,2,0,0,65.9,6,1,0,0,0
5,31,11,4,1,1,57.1,1,1,1,0,0
4,50,12,3,1,0,72.54,2,1,0,0,0
2,19,1,1,1,1,17.43,4,1,1,0,0
6,29,1,4,1,0,137.89,5,1,0,0,0
2,33,5,2,1,0,96.32,0,0,0,1,0
0,53,1,1,0,1,394.1,2,1,0,0,0
4,46,9,2,1,1,323.98,10,0,0,0,0
0,31,10,4,0,0,78.59,5,1,0,0,0
6,30,9,1,1,0,48.53,2,0,0,0,0
6,57,10,4,0,1,1191.42,1,1,0,0,0
6,18,6,3,1,1,63.9,1,1,0,0,0
2,20,4,3,0,1,24.23,1,1,1,0,0
6,20,8,1,1,0,51.18,9,1,1,0,1
0,23,11,4,1,0,78.43,1,0,1,1,0
5,46,1,4,1,1,322.1,10,1,1,0,1
7,39,1,5,0,1,61.54,6,1,1,0,0
1,34,7,1,0,1,93.05,3,1,0,0,1
1,27,12,3,1,1,36.88,11,0,0,0,0
12,32,11,4,0,0,65.01,5,0,1,0,0
4,17,11,1,0,0,37.71,1,0,0,0,0
6,23,7,2,0,0,58.53,5,0,0,0,1
4,21,4,3,0,1,35.27,7,1,1,0,1
5,46,1,2,0,0,442.16,1,0,1,0,0
10,47,5,4,0,0,1136.74,6,1,0,0,0
12,59,8,3,0,1,3132.38,1,0,0,0,1
5,39,9,5,1,1,60.21,11,1,0,0,0
6,19,10,4,0,0,47.74,6,1,1,0,0
5,17,5,5,0,0,35.73,3,0,1,0,1
1,21,3,5,1,1,16,9,0,1,0,0
1,29,11,5,1,1,44.3,0,0,0,1,0
3,29,7,3,1,1,63.36,6,0,0,1,0
0,49,5,1,1,1,57.08,1,0,0,0,0
4,27,12,1,1,1,63.09,8,0,0,0,0
10,35,2,4,1,0,1.89,9,0,0,0,0
0,22,3,1,0,1,26.6,5,0,0,0,0
4,27,5,1,0,1,72.69,9,1,0,0,0
12,40,11,2,0,0,819.28,6,1,0,0,0
11,32,6,2,0,0,360.61,0,1,0,0,0
10,29,3,4,0,0,248.96,4,1,0,0,1
1,58,9,1,1,1,30.41,0,1,0,0,0
1,20,5,3,1,1,50.16,0,0,1,0,1
6,23,5,3,1,0,80.76,2,1,0,0,0
0,26,9,4,0,1,39.45,1,1,0,0,0
0,37,8,2,1,0,94.64,7,1,0,0,0
0,26,6,4,1,0,36.12,0,0,0,0,0
0,64,2,1,0,1,769.22,1,1,1,0,0
8,21,3,1,1,0,96.41,3,1,0,0,0
5,25,11,3,1,1,63.12,6,0,0,0,0
0,32,3,1,1,0,49.81,1,1,1,0,0
6,34,11,3,0,1,174.57,6,1,0,0,0
9,26,3,4,0,0,80.39,4,1,1,0,0
0,29,11,1,1,1,29.9,8,1,1,0,0
13,46,7,4,0,0,1547.43,3,1,0,0,0
9,30,12,1,0,0,233.06,1,1,0,0,0
0,24,1,3,1,0,30.2,11,1,0,0,0
6,33,4,2,1,0,162.81,6,1,1,0,1
5,34,5,4,0,0,196.13,3,1,0,0,0
3,28,11,4,1,0,60.28,4,1,1,1,0
11,38,11,3,0,1,393.63,7,0,1,0,1
0,62,12,3,1,1,579.21,10,0,0,0,0
5,18,6,2,0,0,47.1,4,1,0,0,0
1,33,4,1,1,0,80.06,9,1,0,0,0
4,37,9,3,0,1,163.57,10,1,1,1,0
6,40,5,5,0,1,292.4,1,0,0,0,0
1,46,7,3,1,1,29.33,5,1,1,0,0
2,46,4,4,0,0,368.08,2,0,0,0,0
6,56,6,4,0,0,1407.52,0,1,0,0,0
4,20,12,2,1,0,44.07,7,0,0,0,1
4,33,9,5,0,1,100.08,0,0,1,0,0
4,49,7,4,1,0,531.89,1,0,0,0,0
5,24,5,5,1,1,59.09,8,0,0,0,1
7,29,5,5,0,1,104.25,2,0,1,0,0
4,25,6,1,0,1,62.27,7,1,0,0,1
5,19,6,1,1,0,47,3,0,0,0,0
2,27,10,3,1,0,56.47,6,1,0,0,0
2,54,10,2,0,0,710.44,11,0,0,0,0
4,23,11,4,0,0,25.09,13,0,0,1,0
5,22,3,2,1,0,61.71,11,0,0,0,0
8,32,6,3,1,0,258.22,4,1,0,1,0
0,18,7,4,1,1,13.7,1,0,0,0,0
7,27,11,1,0,0,84.17,14,0,1,0,0
2,34,11,1,1,0,61.5,12,1,0,0,0
7,22,8,4,0,0,82.58,10,1,1,1,0
13,18,8,1,1,0,179.47,2,1,0,0,0
4,22,10,3,1,0,58.06,2,1,0,0,0
0,27,3,2,1,0,39.48,12,1,0,0,0
10,19,1,3,1,0,114.97,12,1,0,0,0
2,20,8,3,1,1,19.09,1,1,1,0,0
7,18,11,5,0,0,61.15,1,1,0,0,0
2,23,1,3,1,1,93.1,11,1,1,0,0
1,22,7,1,1,1,23.57,7,1,0,0,0
0,31,7,5,1,0,45.64,1,1,1,0,0
2,35,6,2,0,1,83.88,7,1,1,0,0
9,26,8,5,0,1,103.72,3,1,1,0,0
15,17,9,3,0,1,123.85,8,1,0,0,0
4,34,1,3,0,1,134.45,5,0,0,0,0
4,24,9,5,1,0,35.36,0,0,1,0,0
0,36,9,3,1,0,86.83,6,1,0,0,0
4,32,10,4,0,0,144.6,1,1,0,0,0
0,33,11,3,0,1,18.64,3,0,0,0,0
2,22,8,2,1,0,36.3,8,0,0,1,0
4,28,10,5,0,1,79.44,1,0,0,0,0
0,35,3,1,1,1,62.21,14,1,0,0,0
1,26,1,1,1,0,22.35,5,0,1,0,0
1,19,4,1,1,1,17.95,0,1,0,0,0
0,37,9,3,0,0,26.71,1,1,1,0,0
11,28,1,1,0,0,253.61,7,1,0,0,0
0,20,10,4,1,1,16.44,9,1,0,0,0
14,21,4,1,0,1,156.54,9,1,0,0,0
5,18,2,5,1,0,34.83,2,1,1,0,0
9,36,2,4,0,0,319.19,10,0,1,0,0
0,33,9,1,1,1,66.47,8,0,0,0,1
3,46,1,4,0,0,340.55,0,0,1,0,0
2,43,2,4,1,1,18.07,1,1,0,0,1
2,20,11,2,0,1,34.5,4,1,0,1,0
0,20,6,3,1,1,16.44,4,0,0,0,0
8,31,6,1,0,0,181.33,2,1,1,0,0
9,21,3,1,1,1,90.07,6,0,0,0,0
0,36,2,1,1,0,87.35,2,0,0,1,0
6,18,6,3,0,0,43.57,9,0,1,0,0
0,42,3,2,0,1,162.07,6,1,0,0,1
1,22,12,2,0,0,40.19,6,0,0,0,0
13,25,5,4,1,0,338.08,3,0,0,0,0
3,24,1,3,1,0,41.95,3,0,1,0,0
0,45,10,4,0,1,165.41,2,1,1,0,0
0,48,12,2,0,1,212.31,14,1,1,0,0
6,46,10,3,0,1,22.12,8,1,0,0,1
0,45,10,4,0,1,8.37,4,0,0,1,0
7,34,3,5,1,1,165.92,5,0,1,0,1
0,30,7,4,1,0,13.68,8,0,0,0,0
0,36,9,2,1,1,92.72,2,1,0,0,0
6,51,4,2,1,1,87.3,2,0,0,0,0
11,38,2,2,0,1,393.63,5,0,1,0,1
4,25,7,5,1,0,79.11,2,0,1,0,0
0,31,2,2,0,1,70.97,11,0,0,1,0
2,24,4,3,1,1,33.74,4,0,0,0,0
18,26,9,5,0,0,542.13,9,1,0,0,1
9,22,1,4,0,0,92.73,2,0,1,0,0
8,27,7,1,0,1,122.54,0,1,0,0,0
3,28,1,3,0,1,69.71,4,1,0,0,0
8,22,7,4,0,1,63.57,0,1,1,0,0
8,19,3,1,0,0,63.46,0,1,1,0,1
0,20,10,4,1,0,21.05,10,1,0,0,0
2,48,6,5,0,0,434.61,0,0,0,0,0
3,39,2,5,0,1,181.5,13,1,0,0,0
9,33,12,2,0,0,303.07,11,0,0,0,0
2,23,3,4,0,1,39.15,2,1,0,0,0
5,27,6,3,0,1,67.26,4,0,1,0,0
9,17,9,1,1,0,92.14,10,1,0,0,0
5,20,12,2,0,0,56.52,1,1,0,0,0
0,33,5,4,0,1,74.86,3,1,0,0,1
6,39,11,1,0,0,279.11,2,0,1,0,0
8,33,5,2,0,1,168.7,7,0,1,0,0
0,36,11,5,1,0,66.01,9,1,1,0,1
2,34,6,5,1,1,81.59,9,0,0,0,0
5,19,12,5,1,0,47,8,0,0,0,0
1,52,5,4,1,0,322.98,6,0,1,0,0
2,29,2,3,1,0,64.69,9,1,0,0,0
7,23,8,2,0,1,75.19,2,0,0,0,0
4,26,9,4,0,0,9.34,3,0,0,0,0
0,21,3,3,1,1,60.13,9,1,0,0,0
10,33,4,3,0,0,345.34,7,0,0,0,0
3,39,2,1,1,0,192.12,1,0,0,0,0
8,26,10,4,0,0,143.51,6,1,0,0,0
5,21,6,5,0,0,50.25,5,1,1,0,0
8,36,11,5,0,0,94.67,8,1,0,1,0
3,22,3,5,0,1,40.76,6,0,0,0,0
4,31,12,2,1,0,67.24,9,1,0,0,0
5,19,1,5,1,0,29.09,2,1,1,0,0
6,31,12,1,0,0,172,2,1,0,0,0
1,17,6,1,1,1,25.56,6,1,0,0,1
6,22,9,1,1,0,73.8,6,1,0,0,0
0,32,10,1,0,1,55.7,1,0,1,0,1
3,28,12,3,1,1,57.65,3,0,0,0,0
6,19,5,5,1,1,43.91,13,1,0,0,0
4,48,11,1,0,1,440.78,5,1,0,0,0
4,29,5,5,1,0,96.41,11,1,0,0,0
7,30,5,1,1,0,180.1,14,0,0,0,0
5,31,2,2,0,0,174.52,4,1,0,1,0
0,26,6,5,0,0,47.41,3,0,1,1,0
5,59,5,2,1,1,53.71,5,0,0,0,0
2,32,2,5,1,1,47.7,2,0,0,0,0
12,26,5,2,1,0,309.11,7,1,0,0,0
1,44,5,2,0,1,200.39,2,1,1,1,0
0,35,9,3,0,0,104.54,7,0,1,1,0
6,42,1,5,0,1,325.24,7,1,1,1,0
0,23,10,3,1,0,22.55,2,1,1,1,0
5,23,8,3,1,1,52.75,2,1,0,0,0
0,17,4,4,0,1,17.48,6,0,0,0,0
9,35,7,4,0,1,281.65,9,0,0,0,0
0,18,12,5,1,1,44.37,3,1,0,0,0
12,34,5,2,0,0,489.12,3,0,0,0,0
5,31,4,4,1,1,17.75,6,1,1,0,1
7,42,9,5,1,0,510.11,4,0,0,1,0
3,24,8,2,1,1,41.32,0,0,0,0,1
4,25,9,2,1,0,55.2,2,1,1,1,0
3,23,6,2,1,1,36.88,5,0,0,0,0
7,59,1,4,0,1,1630.75,4,1,0,0,1
2,22,7,2,1,0,7.09,6,1,0,0,0
2,37,7,3,0,1,18.4,5,1,0,0,1
0,21,9,1,1,1,66.95,1,0,1,0,0
3,19,5,1,1,0,75.28,7,0,0,0,0
4,24,4,2,0,0,96.26,4,1,1,0,0
1,22,4,4,1,0,30.17,3,1,0,0,0
0,49,12,3,0,1,328.35,11,1,0,1,0
3,41,7,1,0,1,215.17,4,0,0,0,0
3,27,4,3,0,0,94.42,0,0,0,1,0
8,25,5,4,0,1,85.24,1,1,1,0,1
0,23,10,3,1,1,79.22,2,1,0,0,0
13,21,9,1,0,0,142.8,6,1,1,0,0
6,18,5,1,1,1,40.07,6,0,0,0,0
0,24,5,3,1,0,3.18,3,1,0,0,0
6,41,1,4,0,0,382.57,1,1,1,1,0
1,34,2,3,0,0,94.47,10,1,1,0,0
5,30,9,5,1,0,17.06,3,1,1,0,0
0,38,1,4,0,0,144.18,2,0,0,0,0
8,23,7,2,0,1,85.68,2,1,0,0,0
0,21,2,5,1,1,18.43,13,0,0,0,1
8,45,12,4,0,0,758.76,10,1,0,0,1
0,29,1,1,1,1,37.04,13,1,0,1,0
5,23,11,2,1,1,68.1,5,1,0,0,0
0,44,5,3,1,0,21.63,1,0,0,0,0
1,43,3,3,1,1,15.72,3,1,1,1,0
5,21,9,2,1,0,56.37,14,0,0,0,0
3,17,8,5,0,1,20.99,10,1,1,0,0
7,18,4,1,1,1,22.24,6,0,1,0,0
1,38,2,2,1,1,78.22,10,1,1,0,0
4,29,6,5,1,0,96.99,4,0,0,1,0
0,24,8,4,1,0,45.11,3,1,1,0,0
0,45,6,5,1,1,24.28,3,1,0,0,0
8,28,4,4,0,1,1.46,5,0,0,0,0
0,36,4,3,1,1,55.07,10,0,1,0,0
6,26,8,3,0,0,127.79,10,1,0,1,0
12,58,3,5,0,0,3616.34,7,1,0,0,0
1,30,9,4,1,1,27.9,2,0,0,0,0
4,20,11,1,0,1,38.75,10,0,0,0,0
5,35,10,5,0,1,171.07,2,1,0,0,1
0,34,9,3,1,1,23.02,1,0,0,0,0
15,17,11,5,1,0,190.17,1,0,1,0,0
0,31,4,2,1,1,35.65,1,1,1,0,0
2,41,11,1,0,1,188.84,6,0,0,0,0
8,34,5,2,1,0,305.54,2,1,0,0,0
4,25,4,3,1,0,67.57,1,1,0,0,0
1,27,8,5,0,0,62.9,5,1,0,0,0
6,24,8,5,1,1,74.8,1,0,1,0,0
4,29,6,5,1,1,15.6,12,1,0,0,0
12,22,3,3,1,0,215.88,6,0,0,0,0
4,19,10,2,0,0,98.85,8,1,0,0,0
4,31,1,3,0,1,103.48,6,0,0,0,0
0,29,4,2,0,1,41.8,6,0,1,0,0
3,30,9,2,1,1,91.56,0,1,1,0,0
12,18,12,4,0,1,106.08,3,1,0,1,0
3,20,5,2,0,0,43.53,4,1,0,0,0
8,40,3,3,1,0,3.98,0,1,1,0,0
3,51,11,1,0,1,572.57,6,0,0,1,0
0,19,1,2,1,1,15.01,15,1,0,0,0
8,32,3,4,0,0,281.82,1,1,0,1,0
0,36,8,5,1,1,69.45,7,0,0,0,1
7,30,12,5,0,0,179.5,1,1,0,0,0
12,18,2,3,0,0,117.45,2,0,0,0,0
0,53,2,2,0,1,394.1,1,1,0,0,0
7,46,7,1,0,0,817.43,2,1,0,1,0
2,37,2,1,1,1,105.73,0,0,0,0,0
6,27,10,2,0,0,120.82,5,0,0,0,0
11,23,2,4,0,0,162.27,7,0,0,0,0
9,20,8,3,1,1,67.19,14,1,1,1,0
4,56,9,1,0,0,880.24,6,1,1,0,0
0,58,9,2,0,1,589.71,11,0,0,0,0
0,39,6,3,0,0,157.05,10,1,0,0,0
3,18,10,4,0,0,37.14,1,1,0,0,1
6,24,3,3,0,0,76.84,1,1,1,0,1
0,22,7,2,0,1,27.55,1,0,0,0,0
6,43,3,1,1,0,93.68,1,1,0,0,0
5,24,6,1,1,1,25.47,1,0,0,0,0
0,19,10,2,0,1,20.98,3,1,0,0,0
9,17,8,4,1,0,66.56,1,1,1,0,1
0,51,7,5,1,0,308.35,7,1,0,1,0
4,23,8,2,0,1,58.76,1,1,0,1,0
4,22,8,5,0,1,98.59,1,1,0,0,0
7,33,12,4,0,1,210.82,11,0,0,1,0
2,31,6,3,0,1,79.7,7,0,0,0,0
0,23,9,2,0,1,4.26,6,1,1,0,0
6,23,8,2,0,1,54.86,13,1,1,0,1
0,18,1,2,0,0,24.52,3,0,0,0,0
0,37,8,2,1,1,10.89,2,1,1,0,0
1,50,8,4,0,1,351.38,9,1,0,0,0
5,44,8,4,0,0,471.66,4,0,0,0,1
0,26,12,4,1,1,23.05,2,0,1,1,0
1,31,11,5,0,1,80.87,12,1,0,1,0
6,37,7,1,1,1,179.79,1,0,1,0,1
3,36,2,3,1,0,120.59,2,0,1,0,0
2,26,3,5,0,0,65.57,2,1,0,0,0
12,27,10,1,0,0,264.44,2,1,0,0,0
1,27,7,1,1,1,29.95,4,0,1,0,0
4,21,9,2,1,1,25.09,7,1,1,0,0
4,35,1,3,1,0,135.43,14,0,1,0,1
1,50,12,4,0,1,56.1,2,1,1,0,0
4,25,6,2,1,1,5.61,6,0,1,0,0
13,17,6,2,0,1,95.39,6,0,0,0,0
7,19,1,1,1,0,54.58,6,1,1,0,0
6,30,8,1,0,0,127.91,2,1,1,0,0
4,20,2,1,0,0,40.28,2,1,1,0,0
10,56,10,3,0,1,1540.85,5,0,1,0,1
0,55,11,2,1,1,6.15,1,1,1,0,0
1,20,2,2,0,1,26.19,2,0,0,0,0
2,20,2,4,0,0,31.02,0,0,1,0,0
1,20,9,4,1,1,58,1,1,1,0,0
2,22,2,3,0,1,29.74,4,0,1,0,1
5,50,10,4,0,1,592.34,4,0,0,0,0
11,19,4,5,0,0,78.42,9,1,1,0,0
4,17,2,5,1,1,25.57,3,1,0,0,0
6,21,8,1,1,0,67.41,8,1,0,0,0
6,20,6,2,0,0,64.4,9,0,0,0,0
15,33,5,1,0,0,538.61,5,0,1,0,0
5,40,9,2,0,0,81.75,1,1,0,0,1
7,28,5,2,0,0,122.16,1,0,1,0,0
0,26,9,1,1,1,28.22,1,1,0,0,0
6,23,3,2,0,1,53.58,12,1,1,0,0
0,45,9,2,0,1,165.41,8,1,1,0,0
0,31,10,1,0,0,63.81,11,1,1,0,0
1,31,11,2,0,0,72.71,3,0,1,0,0
9,25,10,1,1,0,98.7,7,0,0,1,0
6,23,12,5,0,0,86.5,1,1,0,0,1
0,30,4,4,0,0,58.44,2,1,1,0,0
0,17,10,4,0,1,17.48,7,0,0,0,0
4,40,6,1,1,0,250.21,2,1,0,0,0
0,24,11,1,0,0,42.23,0,1,0,0,0
10,21,1,5,0,0,118.88,9,0,0,0,0
6,23,9,3,1,0,67.14,3,0,1,0,1
10,24,11,3,0,1,121.71,3,0,0,0,0
6,20,9,5,1,0,49.99,5,1,1,0,0
2,30,12,1,0,1,74.74,1,1,0,0,1
7,28,11,1,1,0,5.87,1,1,0,1,0
4,60,12,5,0,1,1165.61,8,1,0,0,0
0,36,8,1,1,1,76.53,3,0,0,1,0
7,30,10,3,1,1,114.23,5,0,1,0,0
8,52,9,3,0,1,1032.3,8,1,0,0,0
6,19,10,2,1,0,56.55,3,0,0,1,0
6,21,8,5,0,1,55.09,3,1,0,0,0
6,46,2,1,1,1,466.14,7,0,0,1,0
0,30,10,2,0,0,86.19,8,0,1,0,0
0,35,1,2,1,0,65.06,4,1,1,1,0
4,33,9,2,1,1,11.96,10,0,1,0,0
5,29,5,1,1,0,84.81,8,1,0,0,0
6,23,2,5,1,1,64.59,2,1,0,0,1
2,26,1,5,1,0,51.66,12,0,0,0,0
0,22,6,2,0,1,31.85,9,0,0,1,0
0,27,4,1,0,1,43.89,4,1,0,0,0
2,26,4,3,1,0,42.2,5,0,1,1,0
0,45,1,5,0,1,203.71,4,0,0,0,0
0,18,8,1,1,1,9.72,7,0,1,0,0
0,30,2,4,1,0,82.98,1,0,0,0,0
11,33,8,3,0,0,393.5,2,1,0,0,0
0,41,8,5,1,1,84.98,2,1,1,1,0
6,26,8,2,1,0,105.67,1,1,0,0,0
0,50,9,2,0,1,256.37,5,1,1,0,1
5,27,1,1,0,0,106.04,9,1,0,0,0
0,27,10,2,1,1,30.84,8,0,0,0,0
0,22,8,1,0,1,22.37,6,0,1,0,0
1,38,1,3,1,0,123.32,10,0,0,0,0
1,20,10,2,0,1,26.19,3,0,0,0,0
7,46,6,1,0,1,448.44,11,1,1,0,0
9,21,4,3,0,1,81.49,1,0,0,0,0
10,17,11,1,0,0,67.02,5,0,1,0,0
2,17,8,4,0,0,33.58,1,0,0,1,0
9,21,6,3,0,1,83.44,3,0,0,0,1
4,25,7,4,0,0,63.22,2,0,1,0,0
0,27,3,2,1,1,30.84,1,1,0,0,0
9,18,6,2,1,0,71.24,2,1,1,0,0
0,31,3,2,0,1,49.84,9,0,1,0,0
12,39,12,3,1,0,961.27,0,1,0,0,0
0,24,3,5,1,0,30.92,3,1,0,0,1
10,23,5,2,1,0,134.13,3,1,1,0,0
2,19,3,5,0,1,22.12,6,1,1,0,0
6,30,6,4,0,1,92.39,0,0,0,0,0
2,24,12,5,1,0,43.46,5,0,0,1,0
7,23,8,1,0,1,75.19,3,1,0,0,0
0,25,3,1,0,0,46.19,1,0,0,0,0
5,33,11,3,0,1,143.79,2,1,0,0,1
2,19,4,4,1,0,39.82,7,1,0,0,0
0,19,9,2,1,1,15.01,11,1,0,0,0
2,38,10,4,1,0,24.55,1,1,1,0,0
0,20,4,5,1,0,78.27,4,1,0,0,0
5,48,1,4,0,1,471.5,3,0,1,1,0
5,23,9,4,0,0,75.91,2,1,0,0,1
6,48,12,5,1,0,94.91,3,1,1,0,0
4,38,2,2,0,0,243.05,1,0,0,0,0
14,18,1,1,0,0,126.78,5,0,1,0,1
5,26,7,4,0,0,112.15,2,0,0,1,0
8,19,1,3,1,0,80.87,3,1,0,1,0
0,19,11,1,0,1,17.45,10,1,1,0,1
13,20,3,3,0,0,164.44,11,0,0,0,1
2,28,7,4,0,1,61.18,4,0,0,0,0
10,24,6,3,0,0,155.81,11,1,0,0,0
0,34,10,4,1,1,57.05,0,1,0,0,0
4,21,4,1,0,0,44.1,9,0,1,0,0
8,21,3,5,1,0,96.41,1,0,0,0,0
9,22,5,2,1,0,103.1,4,1,1,1,0
2,35,7,2,0,1,112.94,8,0,0,0,0
1,32,9,2,1,0,33.11,3,1,1,0,1
2,47,7,3,1,1,246.18,8,1,0,0,0
12,61,11,5,1,1,15.23,7,0,0,0,0
7,39,3,4,1,0,392.98,10,0,0,0,0
8,50,6,3,0,0,1121.83,4,0,0,0,0
7,31,6,3,1,0,7.02,3,1,0,0,0
5,26,7,2,0,0,97.01,4,0,0,0,0
7,17,10,4,0,0,20.09,6,1,0,0,1
12,40,9,5,1,0,50.39,3,0,0,0,0
13,26,8,3,0,1,179.01,3,1,1,0,1
0,28,9,2,0,0,60.33,0,1,0,0,0
7,27,3,2,0,0,137.67,0,1,0,0,0
12,52,4,5,0,0,2227.72,12,1,0,0,0
2,18,12,2,1,0,25.08,1,0,0,0,0
9,32,5,3,0,1,176.16,9,1,1,0,0
1,19,10,4,1,0,18.66,3,1,1,0,0
8,21,6,5,0,0,93.74,0,1,0,0,1
9,18,9,4,0,1,62.02,10,1,0,0,0
7,24,1,5,0,1,66.8,4,0,1,0,0
6,36,7,5,0,1,207.56,2,1,0,0,0
2,34,5,5,0,1,103.56,4,1,0,0,0
4,19,5,5,0,1,40.9,3,0,0,1,0
8,34,3,5,1,1,198.42,1,1,1,0,1
11,34,8,2,0,0,429.26,7,1,0,0,0
0,19,6,1,1,0,15.6,14,1,1,0,0
5,24,5,4,1,1,59.09,1,0,0,0,1
8,32,3,5,0,0,281.82,5,1,0,1,0
2,44,3,1,0,1,3.82,9,1,0,0,0
11,29,8,3,0,0,260.1,8,0,1,1,0
0,17,8,2,1,1,45.68,5,0,0,0,0
3,20,6,2,1,1,28.79,7,0,0,0,1
2,21,11,1,1,1,20.9,4,0,1,0,0
9,19,1,4,1,1,16.03,3,1,0,0,0
3,17,10,5,1,0,22.36,1,1,1,1,0
0,19,5,4,1,1,49.32,13,0,0,0,0
0,45,10,4,0,1,203.71,6,1,0,0,0
6,52,12,3,0,1,795.08,4,1,0,0,0
3,25,11,5,0,1,97.38,9,0,1,0,1
4,21,10,5,1,1,37.55,12,0,0,0,0
2,26,5,2,1,0,42.2,10,0,1,1,0
2,43,12,5,1,1,146.46,3,0,1,0,1
0,29,6,4,1,1,25.19,1,0,1,0,0
0,19,9,4,1,0,16.28,5,0,1,0,0
4,25,9,4,0,1,49.38,4,0,1,0,0
3,55,5,1,0,1,792.7,8,1,0,1,0
3,17,6,2,0,1,29.89,13,0,0,1,0
1,23,3,1,1,1,84.37,5,1,1,1,0
7,50,5,3,1,0,9.92,4,0,0,0,0
6,21,6,3,0,0,72.2,0,0,0,0,1
3,28,12,2,1,0,37.27,2,1,1,0,0
4,19,2,5,1,1,25.52,6,1,1,0,1
3,32,10,1,1,1,66.96,4,0,1,1,0
5,33,12,5,1,1,127.92,11,1,0,0,0
5,22,9,5,1,0,67.16,9,0,0,0,0
1,34,6,4,1,1,55.39,3,1,1,0,0
3,35,10,1,1,1,88.46,2,0,1,0,1
5,30,9,2,1,1,98.37,3,1,0,1,0
4,23,11,5,0,1,42.26,2,1,1,0,1
6,26,9,1,0,1,86.34,8,1,0,0,0
14,19,3,3,0,0,7.76,8,0,0,0,0
0,38,7,4,1,0,49.66,11,0,0,0,0
5,22,2,5,0,1,52.92,4,0,0,0,0
3,25,7,1,1,0,56.5,5,1,0,0,0
1,28,1,5,0,1,62.16,2,0,0,0,0
4,36,11,5,0,1,129.8,1,0,1,0,0
6,21,4,3,1,1,52.98,1,0,0,1,0
3,24,8,2,0,0,62.47,2,1,0,0,0
0,19,1,2,1,1,15.01,1,1,0,0,0
5,37,9,2,0,1,198.54,12,0,0,0,0
2,44,1,4,0,0,311.38,2,1,0,0,0
0,23,10,5,0,1,34.86,4,0,0,1,0
1,17,11,3,1,1,65.24,11,1,1,0,0
5,38,12,3,0,1,93.45,0,0,1,0,1
0,41,6,2,0,0,2.5,10,0,1,1,0
1,24,8,5,0,1,37.59,5,1,0,0,0
10,37,10,4,0,0,499.86,2,1,0,0,1
3,18,7,2,0,1,28.34,3,1,0,0,0
0,28,5,2,1,1,33.7,1,0,0,0,0
1,21,12,2,1,0,41.68,0,1,0,0,0
18,19,3,5,1,0,481,4,0,0,0,0
12,19,9,4,0,0,131.76,6,0,0,0,1
4,46,2,3,1,1,263.06,14,0,1,0,0
2,31,10,1,1,0,80.39,3,1,0,0,0
0,33,4,1,0,0,108.22,3,0,0,1,0
2,36,12,5,0,1,123.13,1,0,0,0,0
0,59,8,2,1,1,459.54,7,1,0,1,0
6,38,2,2,0,1,284.99,6,0,0,1,0
0,22,1,4,0,1,22.37,11,0,1,0,0
0,33,3,5,0,0,108.22,8,1,0,1,0
8,39,8,3,1,1,298.08,2,1,1,0,0
6,32,5,2,0,0,152.44,2,1,1,0,0
0,18,9,1,1,1,54.15,12,0,0,0,0
9,19,11,5,0,0,78.28,14,0,1,0,1
1,28,11,4,1,1,40.31,8,0,0,0,0
4,23,1,3,1,1,44.11,0,0,0,0,0
4,32,1,5,1,0,128.48,1,1,0,0,1
2,26,3,3,0,0,41.48,3,0,1,0,0
0,26,6,3,1,1,28.22,1,0,0,0,0
2,36,11,2,0,0,182.24,3,1,0,1,0
0,25,1,5,1,1,21.08,8,1,1,1,0
7,22,3,1,0,1,68.71,0,1,0,0,0
7,40,5,2,0,0,426.53,7,1,0,0,0
2,20,5,2,1,1,23.65,0,1,0,1,0
12,20,11,5,1,0,86.18,7,0,0,0,0
0,40,10,2,1,1,96.13,2,1,0,1,0
0,26,9,2,0,1,39.45,3,1,0,0,0
5,19,5,1,0,0,59.66,5,1,0,1,0
11,29,6,5,0,0,277.06,4,1,0,0,0
7,25,7,3,0,0,115.19,1,1,0,0,0
0,36,2,4,0,0,140.36,3,1,0,1,0
2,17,10,5,0,1,22.69,5,1,0,0,0
3,26,11,1,0,1,59.76,6,0,0,0,1
4,49,5,1,0,1,15.29,2,0,0,0,0
3,43,8,4,0,0,67.47,0,1,0,0,0
4,20,9,2,0,1,97.23,7,0,0,0,0
8,28,4,2,1,1,141.01,5,0,0,0,0
4,34,2,4,0,0,199,5,1,0,1,0
2,29,5,2,0,0,87.61,4,0,0,0,1
6,25,11,3,0,1,64.12,10,1,1,0,0
0,20,6,1,1,1,53.66,4,1,1,1,0
2,40,3,5,1,1,13.23,7,0,1,0,0
1,34,4,1,1,1,55.39,6,0,1,0,0
6,28,11,3,0,0,23.21,5,1,1,0,0
5,56,10,3,1,0,1125.12,1,0,0,0,0
12,29,12,2,0,1,252.49,10,1,0,0,1
7,21,8,4,0,1,62.77,14,0,0,0,0
12,17,11,2,1,0,113.84,9,0,1,0,1
5,36,12,5,1,0,212.4,9,1,0,0,0
6,27,8,2,0,1,76.63,2,1,1,0,0
0,22,12,2,1,0,20.48,4,0,1,0,0
6,18,8,5,0,1,63.81,10,1,0,1,0
0,28,5,5,1,0,43.15,6,1,0,0,0
2,33,1,4,1,1,61.09,3,1,1,1,0
7,23,5,3,0,0,111.29,0,1,0,1,0
9,26,8,5,1,1,141.17,1,1,0,0,0
2,30,5,5,0,1,21.65,10,0,1,1,0
4,25,6,3,1,1,42.86,4,1,1,0,0
0,42,4,5,0,0,202.64,4,1,0,0,0
3,26,5,3,1,1,39.18,0,0,1,0,0
3,44,9,1,1,1,58.51,1,1,0,0,0
4,28,9,3,1,1,86.16,0,0,0,0,0
0,44,5,1,1,1,134.8,3,0,0,1,0
2,20,9,5,0,0,44.17,1,0,0,1,0
3,46,12,1,1,1,270.91,7,0,0,0,0
8,32,5,5,1,0,93.19,3,0,0,0,1
3,43,1,2,1,0,271.34,1,0,0,1,0
0,20,5,2,0,0,29.42,9,0,0,0,0
10,41,4,3,0,0,686.97,3,0,0,0,0
0,35,12,3,1,1,62.21,4,1,0,0,0
7,21,7,5,1,1,51.85,4,0,1,0,0
4,28,3,2,0,0,117.57,2,0,0,1,0
9,42,3,3,0,0,656.16,1,1,0,0,0
0,23,6,4,0,0,38.6,8,0,0,0,0
7,33,4,4,0,0,18.25,6,0,0,0,0
0,25,1,2,0,1,29.3,2,0,1,0,0
0,46,12,5,0,1,256.04,14,0,0,1,0
8,37,7,2,0,0,376.01,0,1,0,0,0
2,20,10,5,0,1,29.84,13,1,0,0,0
1,23,4,1,0,0,43.98,7,0,0,0,0
3,23,12,5,1,0,47.22,1,1,0,0,0
0,34,2,2,1,1,84.21,9,0,0,1,0
12,22,1,3,0,0,168.96,5,0,0,0,0
0,22,9,4,1,1,19.71,4,0,0,0,0
4,44,10,2,1,0,359.23,9,0,0,0,1
3,23,12,1,0,1,36.22,2,1,1,0,0
0,27,5,3,1,1,25.04,3,1,1,0,0
0,43,6,2,0,1,139.85,2,1,1,0,0
6,54,11,5,0,0,1384.64,4,0,0,1,0
2,32,8,3,1,1,68.54,8,0,0,0,0
9,19,2,5,1,1,75.09,2,0,0,0,0
5,28,10,1,0,1,73.5,14,1,1,0,0
4,33,10,2,1,0,136.93,14,1,0,0,0
0,28,11,5,1,0,43.15,5,0,0,0,0
0,41,7,1,1,1,104.65,14,1,0,1,0
8,23,1,1,0,0,109.69,6,0,0,0,0
0,40,5,2,1,1,95.55,2,0,0,0,0
5,23,2,1,0,1,49.66,9,1,0,0,0
13,27,7,5,0,0,250.5,6,0,1,0,1
0,37,12,1,0,1,52.67,2,1,0,0,0
0,17,5,2,1,0,42.27,2,0,0,0,0
5,29,3,4,1,1,73.13,11,1,1,0,0
6,31,7,3,0,0,176.11,7,1,0,0,1
5,22,11,2,1,1,48.2,2,0,0,0,0
4,26,9,1,0,1,76.89,10,0,0,1,0
3,37,7,4,0,1,152.92,4,0,0,0,0
0,54,12,1,0,1,494.18,4,0,0,1,0
3,20,4,4,1,1,87.07,3,1,0,0,0
11,26,11,5,0,0,212.31,3,1,0,0,0
0,40,4,4,1,1,77.59,7,0,1,0,0
4,38,4,3,0,1,154.16,6,1,1,0,0
3,36,6,5,1,1,116.01,2,0,0,0,0
3,18,12,3,1,1,23.43,3,0,0,0,0
6,24,6,5,1,0,91.75,9,1,0,0,0
2,36,1,1,1,1,78.77,7,0,1,0,0
1,27,10,5,1,1,41.61,6,0,0,0,0
6,19,9,2,1,0,45.64,1,1,1,0,0
0,24,9,3,0,0,34.29,4,1,1,0,0
7,40,10,3,1,1,271.43,1,0,1,0,0
8,45,12,5,1,1,609.58,3,1,0,0,0
6,22,1,1,0,1,60.3,5,1,0,0,0
6,31,8,2,0,0,198.86,8,1,0,1,0
1,18,2,1,1,1,75.54,5,0,1,0,1
1,26,8,2,0,0,47.84,1,1,1,0,1
0,34,3,4,1,1,57.05,4,1,0,0,0
3,18,2,2,0,1,29.01,1,1,0,0,1
0,17,11,1,1,0,82.09,6,1,0,1,0
15,24,1,2,0,1,20.05,3,0,1,0,0
3,17,6,2,1,1,21.38,1,1,0,0,0
0,37,7,4,0,1,97.03,10,0,1,1,0
2,27,6,2,0,1,45.46,9,0,1,0,0
0,39,9,1,0,0,127.52,1,1,1,0,0
2,19,2,5,0,0,34.88,10,0,0,0,0
1,33,3,1,0,0,106.65,9,1,0,0,0
1,22,9,4,1,0,30.17,3,1,0,0,0
9,20,6,4,0,1,60.43,9,0,1,0,0
0,27,9,4,0,1,43.12,3,0,0,0,0
4,24,11,4,1,1,48.55,6,1,0,1,0
8,27,9,1,0,1,141.68,2,1,0,1,0
7,25,12,1,1,1,53.6,1,0,0,1,0
2,20,11,1,0,0,39.12,5,1,0,0,1
7,48,5,4,0,0,834.8,1,0,0,0,0
6,30,6,3,1,1,117.64,11,1,0,0,0
7,18,2,2,1,0,36.79,12,1,0,0,0
7,44,1,4,0,1,467.2,2,1,0,0,0
5,41,4,1,0,1,279.37,1,0,0,0,0
5,30,6,1,0,0,138.25,11,0,0,0,0
6,25,2,1,1,1,61.29,5,0,1,0,0
4,23,9,4,1,1,44.11,11,0,0,0,0
2,33,7,3,0,1,78.92,10,0,1,0,1
0,27,9,4,1,0,39.48,5,1,0,0,0
0,46,11,4,0,0,283.5,7,1,0,0,0
6,38,2,4,1,0,246.42,12,0,1,1,0
4,24,8,4,1,1,39.42,4,1,1,1,0
5,38,9,1,0,0,276.94,1,1,0,0,0
5,34,11,4,1,0,178.64,1,0,0,0,0
6,26,1,4,0,1,86.34,6,1,0,0,0
0,30,4,4,1,0,51.48,4,1,0,0,0
1,28,2,2,1,0,51.6,2,1,0,0,0
1,40,9,5,0,0,194.88,6,0,0,0,0
0,62,10,1,1,0,21.41,4,0,0,1,0
8,20,1,3,1,1,68.78,1,1,0,0,0
12,29,7,5,0,1,246.61,10,0,0,0,0
5,36,7,4,0,0,233.19,0,0,0,0,0
0,22,8,5,1,0,25.38,1,1,0,1,0
1,22,10,1,0,1,32.14,6,0,0,0,1
2,17,8,4,0,1,22.69,6,1,0,0,0
7,19,10,4,0,0,54.4,6,0,1,0,0
9,19,11,5,1,1,62.43,3,0,1,0,1
1,48,8,1,0,0,309.7,4,1,1,0,0
3,18,5,1,0,1,28.34,4,1,0,0,0
4,19,11,1,0,0,45.29,1,1,0,0,0
3,59,1,4,0,1,8.77,5,1,1,0,0
6,30,2,2,1,1,117.64,5,0,0,0,0
3,22,8,3,1,0,35.03,3,1,1,0,0
8,30,11,3,0,0,204.53,10,0,0,0,0
8,31,5,2,1,0,2.75,2,1,1,0,0
10,28,4,5,1,0,56.31,11,1,1,1,0
0,32,10,1,1,0,61.35,11,0,0,0,0
4,44,8,5,0,1,256.42,10,1,1,0,0
4,22,11,3,0,0,68.74,5,1,0,1,0
3,29,6,2,1,1,62.98,1,0,0,0,0
2,25,12,2,1,1,36.91,8,0,0,0,0
10,48,9,2,1,0,1170.19,12,0,1,1,0
4,40,9,2,1,1,37.88,4,0,1,0,0
6,19,11,1,0,0,47.74,12,1,1,0,0
0,22,5,2,1,1,19.71,2,0,0,0,0
12,39,2,4,1,0,961.27,1,1,0,0,0
7,26,4,1,0,1,81.79,1,1,1,0,1
0,42,2,5,1,0,144.94,5,1,0,0,0
1,42,11,2,1,0,173.33,6,0,0,0,0
5,27,12,5,0,1,82.83,3,0,0,0,0
1,28,10,2,1,0,41.9,9,1,1,0,0
12,40,2,2,0,1,639.98,8,0,0,0,0
6,20,4,4,0,0,6.39,4,0,1,1,0
8,22,4,5,0,1,80.16,8,1,0,0,1
0,42,5,5,1,0,4.48,10,1,0,0,0
6,39,11,2,1,0,330.58,9,1,0,1,0
10,32,10,2,1,0,367.1,8,1,0,0,0
0,37,4,4,1,1,4.38,6,0,0,0,1
5,28,3,1,1,1,13.41,0,1,0,0,1
2,28,3,3,1,0,61.71,0,1,0,0,0
4,20,10,4,1,0,10.2,3,1,0,0,0
6,25,3,4,0,0,84.04,7,1,1,0,1
3,46,3,5,0,0,419.41,12,1,0,0,0
10,21,7,3,0,1,92.86,3,1,0,0,0
9,19,8,2,1,1,76.89,1,0,0,0,1
8,30,8,5,1,0,179.06,4,0,1,0,1
12,23,2,5,1,0,57.83,0,0,0,0,1
5,24,1,2,1,0,73.88,7,0,0,0,0
0,27,4,1,0,1,43.12,6,1,0,0,0
0,21,12,2,1,0,19.16,1,1,1,0,1
4,23,6,2,0,1,18.37,7,0,0,0,0
0,19,7,4,0,1,17.04,2,1,1,0,0
0,39,4,1,1,1,20.93,3,1,0,1,0
3,22,5,3,0,1,40.76,6,1,0,0,0
9,26,11,1,0,0,163.52,1,1,0,0,0
0,20,5,4,1,1,16.44,2,0,0,0,0
0,21,6,5,1,1,95.48,3,1,0,0,0
7,28,2,3,0,0,150.45,5,0,0,0,0
6,40,3,4,0,0,432.78,7,0,0,1,0
0,20,12,5,1,1,54.18,8,1,1,1,0
0,21,10,2,1,0,94.06,4,0,0,0,0
0,30,1,3,1,1,32.65,6,1,1,0,0
0,32,5,1,1,1,39.15,4,1,1,1,0
2,18,5,2,1,0,72.07,6,1,0,0,0
6,38,10,5,1,1,51.4,2,0,0,0,0
2,57,4,3,0,0,904.78,3,1,0,0,0
6,24,10,4,0,1,72.2,2,1,0,0,0
3,43,12,4,0,0,326.19,5,1,0,0,0
1,41,7,1,1,1,124.41,2,1,0,0,0
0,26,10,3,1,0,30.03,8,0,1,0,1
7,33,1,1,1,0,12.95,2,1,0,0,0
6,24,8,4,0,1,83.47,7,1,0,1,0
0,26,11,1,1,1,69.08,9,1,0,0,0
5,27,6,5,0,1,82.83,1,0,0,0,0
5,18,6,1,0,1,36.79,3,1,0,0,0
7,25,7,4,0,0,108.13,2,1,1,1,0
0,18,4,1,0,1,22.14,7,1,0,1,0
0,43,12,4,1,1,100.62,7,1,1,1,0
0,41,7,1,1,1,104.03,7,1,0,0,0
0,35,1,2,0,0,90.42,7,1,1,0,0
0,25,6,1,1,1,20.95,9,1,1,0,0
6,30,4,3,0,0,157.53,2,0,0,0,0
0,45,1,2,1,1,77.8,2,1,1,0,0
8,29,1,3,0,0,155.69,1,0,1,0,1
2,41,6,1,1,0,154.65,1,1,1,0,0
0,17,9,1,0,1,14.19,0,1,1,0,0
5,46,6,4,0,0,629.58,4,1,0,1,0
6,19,1,1,0,1,54.32,8,1,0,0,0
0,41,2,4,1,0,133.17,9,1,0,0,0
3,42,11,1,0,0,299.8,1,1,0,0,0
4,46,11,2,1,1,92.15,2,0,0,0,0
0,19,10,3,0,1,24.26,4,1,0,1,0
0,35,5,1,0,1,86.98,8,0,0,0,0
7,19,10,3,0,1,42.49,1,1,1,0,0
6,36,3,5,0,1,207.56,11,1,0,0,0
0,33,11,4,1,1,52.29,3,1,0,0,0
10,24,12,3,0,0,155.81,2,1,0,0,0
3,39,5,3,0,1,147.37,9,0,1,0,0
0,22,12,3,1,0,25.38,6,1,0,1,0
7,17,7,3,0,0,45.3,7,1,1,0,0
4,22,6,1,1,0,73.82,6,1,0,0,1
3,22,1,3,0,0,42.37,5,0,1,0,0
1,41,10,2,0,1,137.78,3,0,1,0,1
6,22,9,3,0,1,60.3,5,0,0,0,0
9,46,4,5,0,1,829.04,5,0,0,1,0
3,24,7,1,1,0,57.82,7,0,0,1,0
6,22,8,1,0,1,69.72,11,1,0,1,0
3,21,5,3,0,1,30.23,6,0,1,0,0
4,23,3,3,1,1,45.16,6,0,0,0,1
8,27,10,2,0,1,122.54,9,1,0,0,0
5,47,9,5,0,1,473.32,4,0,0,0,1
6,43,9,4,0,1,376.96,4,1,0,0,0
0,22,8,5,0,0,35.27,9,1,0,0,0
12,52,4,4,0,0,2280.9,3,0,0,0,1
0,56,5,1,1,1,291.74,0,1,1,0,0
0,34,12,2,1,0,23.85,8,0,1,0,0
5,49,1,4,1,1,499.87,4,0,0,1,0
6,25,11,2,1,0,96.64,7,0,0,0,0
12,25,12,2,0,0,255.8,3,1,0,1,0
2,22,1,1,1,0,36.3,10,1,0,1,0
3,18,3,2,1,1,23.43,8,1,0,0,0
9,34,1,3,0,1,209.7,1,1,1,0,0
7,34,1,1,1,1,199.57,0,1,0,0,0
0,25,2,4,1,1,23.53,7,0,0,0,0
8,36,4,3,0,0,323.87,1,0,1,1,0
1,25,9,3,0,0,53.88,10,0,0,0,1
4,28,3,1,1,0,30.61,4,1,0,0,0
3,29,7,3,1,1,51.13,1,1,1,0,0
4,28,2,5,1,0,91.12,9,0,0,0,0
6,30,9,5,0,0,182.13,12,1,0,1,0
1,28,1,3,0,0,68.74,12,1,0,0,0
12,31,6,5,1,0,492.48,6,1,0,0,1
6,21,8,4,0,1,55.09,13,1,0,0,0
5,32,7,1,0,1,128.7,6,1,0,0,0
4,23,2,3,0,1,42.26,7,1,1,0,1
0,46,12,3,0,1,221.45,9,0,0,0,0
5,18,11,3,1,1,67.49,9,0,1,0,0
8,39,10,2,1,0,33.68,4,1,0,0,1
0,35,9,1,1,1,18.61,2,0,1,0,0
14,19,3,1,0,0,193.17,2,1,0,1,0
9,35,1,4,0,0,360.56,4,1,0,0,0
12,20,8,2,0,0,144.32,11,1,0,0,1
7,39,2,3,1,1,79.5,7,1,1,0,0
2,25,9,4,1,1,36.91,5,0,0,0,0
4,22,12,4,0,0,48.28,2,1,1,0,0
12,20,10,5,0,1,89.4,4,0,1,0,0
7,20,5,4,0,1,66.27,5,0,0,1,0
3,28,1,2,1,0,73.8,9,1,0,0,0
6,18,4,4,0,1,86.62,3,1,0,0,1
1,50,12,2,0,1,351.38,4,1,0,0,0
0,34,2,4,1,1,57.05,4,0,0,0,0
0,28,4,3,1,0,11.59,0,0,1,0,1
7,37,2,5,0,0,67.43,9,1,1,0,1
9,30,5,4,0,1,182.05,4,1,0,0,0
3,56,11,3,1,1,614.52,6,1,0,0,0
0,49,2,3,1,0,30.64,1,1,0,0,0
6,19,5,3,1,0,56.21,9,0,0,0,0
4,37,6,1,1,1,40.29,2,1,0,0,1
4,17,4,5,0,0,30.62,3,0,1,0,0
6,44,3,5,0,1,410.02,1,1,0,0,0
0,57,7,1,0,1,511.03,4,1,1,1,0
4,48,10,4,0,0,564.28,4,0,0,0,0
6,38,2,1,1,1,15.39,3,1,1,0,0
12,17,12,5,0,1,88.44,5,0,1,0,1
5,29,5,4,0,0,62.58,10,1,0,1,0
1,41,9,1,1,1,124.41,4,0,0,0,0
1,20,2,1,0,1,33.15,3,0,0,1,0
2,21,6,2,0,1,32.68,9,0,0,0,0
2,29,5,5,1,1,52.66,6,0,0,0,0
2,22,8,3,0,0,45.79,8,1,0,0,0
6,25,7,2,0,0,84.04,0,0,1,0,1
5,32,6,3,0,1,128.7,0,1,0,0,0
0,20,7,1,1,1,87.53,5,1,1,0,0
4,17,2,5,1,0,55.49,6,0,0,0,0
9,36,12,1,0,0,402.48,0,0,0,0,1
7,24,4,1,1,0,105.67,4,1,0,0,0
2,24,10,2,0,1,34.78,5,0,1,0,0
0,31,1,5,1,1,36.5,2,1,1,0,1
8,37,8,4,1,0,48.71,2,1,1,0,0
2,28,10,5,0,1,61.18,7,0,0,0,0
8,23,3,1,0,0,109.69,1,0,0,0,0
2,24,4,4,1,1,33.95,3,0,0,1,0
5,18,11,4,0,0,47.1,4,0,0,0,0
6,34,2,5,1,0,213.64,10,0,0,0,0
1,32,6,3,0,0,8.64,7,0,0,1,0
5,25,4,3,1,1,63.12,6,0,0,0,0
0,59,11,2,0,0,663.85,7,0,1,0,0
5,24,10,4,0,0,93.78,6,0,0,1,0
0,24,2,4,0,1,32.99,9,1,0,0,0
4,28,8,2,0,1,79.44,0,1,0,0,0
4,26,5,1,0,1,66.5,8,0,0,0,0
0,41,2,4,0,1,145.44,3,1,0,0,0
8,24,9,3,0,0,138.74,5,0,0,1,0
4,26,12,2,1,1,59.09,4,0,0,0,1
7,25,11,1,1,1,26.25,0,0,0,0,1
9,23,12,5,1,1,87.61,7,1,1,0,0
5,31,4,3,1,0,137.49,10,0,0,0,0
12,36,11,3,0,0,672.38,7,1,0,1,0
6,23,9,1,0,1,65.99,2,1,0,0,0
0,25,5,1,1,0,33.03,6,1,0,0,0
6,26,1,2,1,0,86.31,3,0,1,1,0
3,25,4,1,1,1,80.28,0,1,1,1,0
3,38,10,3,0,0,246.61,9,0,0,1,0
4,19,5,2,1,1,30.7,2,0,0,0,0
5,19,12,1,1,1,67.36,3,1,1,0,1
0,38,2,3,1,1,65.41,3,1,1,0,0
4,27,7,5,1,0,80.76,6,0,0,0,0
4,22,12,2,1,1,40.31,9,1,0,0,0
8,34,11,2,1,1,6.02,9,1,0,1,0
12,22,9,3,0,0,195.34,7,1,0,1,0
2,55,10,2,1,1,485.38,5,1,0,0,1
2,35,3,4,1,1,89.51,4,1,0,1,0
2,22,10,1,1,1,28.18,1,1,0,0,0
1,19,1,1,1,0,64.55,1,1,0,0,0
5,24,4,1,0,0,65.86,6,0,1,0,0
1,18,9,1,0,0,28.61,5,1,0,0,1
3,23,7,4,1,1,96.87,3,1,0,0,1
0,20,9,1,1,1,13.35,11,1,1,0,0
13,50,11,3,1,0,92.1,6,1,0,0,1
0,21,2,3,0,0,37.25,0,0,0,1,0
5,29,8,2,1,0,115.3,11,1,0,0,0
8,18,1,4,1,1,47.65,0,1,1,0,1
0,25,10,4,1,1,4.75,6,0,1,1,0
6,20,11,5,0,0,64.4,1,0,0,0,0
5,35,4,2,0,1,167.08,10,0,0,0,0
0,30,9,5,0,0,83.22,7,1,0,1,0
0,22,3,3,0,0,35.27,3,0,0,0,0
6,45,11,2,0,1,445.86,2,0,0,0,0
0,19,5,1,1,1,48.46,9,1,0,0,0
0,30,9,2,1,0,25.23,1,0,0,0,1
4,17,2,2,1,0,26.58,1,1,1,0,0
4,31,12,3,0,1,84.02,5,0,1,0,0
2,26,4,1,1,0,51.66,4,1,0,0,0
4,24,11,1,1,0,61.78,13,0,0,0,0
6,25,9,2,1,1,61.29,0,0,1,0,0
0,31,11,5,1,1,43.91,1,1,0,0,0
0,22,6,5,1,1,20.18,2,1,0,0,1
0,24,2,1,0,1,31.49,5,0,0,0,0
12,29,6,1,1,0,327.53,2,1,1,0,0
4,29,12,1,1,1,62.61,4,0,0,0,1
6,23,10,1,1,0,80.76,10,1,0,0,0
9,19,8,5,0,0,86.98,3,0,0,0,0
0,35,6,1,0,0,111.35,8,0,0,0,0
0,17,4,2,1,1,45.69,6,0,0,0,0
12,19,11,3,0,0,131.76,2,1,0,0,1
0,29,4,3,1,1,36.82,2,1,0,0,0
4,32,8,1,0,0,117.41,6,1,1,0,0
6,23,5,3,0,0,84.48,0,1,0,0,0
1,27,4,2,0,1,40.85,0,1,1,0,1
0,30,9,2,0,1,56.22,8,1,0,0,0
3,28,8,1,1,1,46.81,5,1,1,0,0
5,18,12,4,1,0,34.83,8,0,1,0,0
0,41,1,2,0,0,186.19,5,0,0,0,0
0,20,11,3,0,0,29.42,1,1,0,0,0
6,51,12,5,0,1,17.01,10,1,0,0,0
0,17,5,2,0,1,14.19,7,0,1,0,0
4,31,12,2,1,1,74.59,9,1,0,0,1
1,39,12,4,0,1,161.62,5,0,0,1,0
9,23,7,3,0,0,85.03,5,1,1,0,0
1,43,8,5,0,0,251.23,3,1,0,0,0
3,36,3,1,1,0,8.72,2,0,0,1,0
0,27,10,2,1,1,30.84,7,0,0,0,0
11,23,10,5,0,1,146.55,2,0,0,1,0
6,45,10,3,0,0,95.43,1,1,0,1,0
2,33,11,3,0,0,121.53,14,1,0,0,0
5,21,10,2,0,1,48.34,8,0,0,0,0
10,19,2,4,1,0,44.03,8,0,1,0,0
0,44,9,1,1,1,133.99,2,1,0,0,0
3,42,7,4,1,1,198.26,8,1,0,0,1
0,25,7,1,1,1,25.8,2,1,0,0,0
2,19,4,4,0,1,27.9,1,0,0,0,1
0,20,5,4,1,1,13.43,0,0,1,1,0
0,42,3,4,0,1,158.29,6,1,0,0,0
10,44,2,1,0,1,799.13,1,0,0,1,0
0,25,8,5,1,1,20.95,6,0,1,0,0
0,31,8,2,0,1,49.84,8,0,1,0,0
6,45,7,5,0,1,445.86,1,1,0,0,0
4,25,7,3,0,1,70.32,2,1,0,1,0
6,26,7,1,1,1,67.02,5,1,1,0,0
3,17,9,2,1,0,27.37,7,0,0,0,0
3,32,6,2,0,1,80.49,7,1,1,0,0
0,28,11,5,1,0,43.15,9,0,0,0,0
1,50,3,1,1,0,337.67,2,0,0,0,0
5,32,9,3,1,1,117.23,5,1,0,0,0
8,24,12,2,1,1,62.72,3,1,0,0,0
5,45,4,1,1,0,456.26,2,1,0,0,0
8,41,10,4,1,1,67.02,2,1,1,0,0
7,23,5,4,0,1,95.27,6,0,0,0,0
8,21,5,3,1,1,75.31,6,0,0,0,0
0,38,12,4,1,0,103.12,1,1,0,0,0
1,23,9,3,0,0,43.98,7,0,0,0,0
0,30,9,5,0,0,71.98,7,0,0,0,0
0,48,9,2,1,1,7.43,2,1,0,0,0
4,20,10,4,1,1,27.3,12,0,1,0,0
0,21,10,1,0,0,30.25,8,0,1,1,0
4,46,8,5,1,1,323.98,7,1,0,0,0
6,17,2,2,1,1,76.49,9,0,1,1,0
8,40,9,5,0,1,29.48,0,1,0,1,0
1,21,4,2,0,0,36.71,3,0,0,0,0
8,21,8,2,0,1,71.52,3,0,0,0,0
3,18,10,5,1,1,47.98,3,1,1,1,0
2,32,3,5,1,0,26.97,1,0,1,1,0
5,33,5,1,0,1,143.79,5,1,0,0,1
6,19,7,4,1,1,36.5,8,0,1,0,1
0,31,5,4,1,0,45.64,1,0,1,0,0
3,39,4,1,0,1,147.37,11,1,1,0,0
2,25,3,1,1,1,29.97,8,1,1,0,0
4,25,10,3,0,1,62.27,4,0,0,0,1
10,24,9,1,0,1,98.82,4,1,1,0,0
10,18,3,3,0,1,57.38,0,1,1,0,0
3,18,4,1,0,0,41.94,0,1,0,1,0
1,36,2,4,0,0,115,6,1,1,0,1
0,21,8,3,0,0,26.16,0,1,1,0,0
2,23,8,2,0,1,36.75,1,0,1,1,0
1,20,4,1,0,1,21.27,4,1,1,0,0
4,33,7,2,0,0,157.78,4,1,0,0,0
2,19,12,4,0,0,34.88,2,0,0,0,0
7,47,8,2,1,0,629.73,2,1,1,1,0
0,19,4,4,0,1,20.98,6,1,0,0,0
7,28,9,5,1,1,12.1,8,0,0,1,0
0,19,5,5,1,1,15.01,3,0,0,0,0
4,39,12,4,0,1,239.1,5,0,0,1,0
7,27,11,5,1,1,87.61,12,1,1,0,0
1,25,1,3,0,0,52.63,10,0,0,0,0
8,23,9,4,0,0,89.06,4,1,1,0,0
12,20,6,1,1,0,96.17,6,0,0,0,0
4,21,8,4,0,1,42.43,0,1,0,0,0
1,18,3,1,1,1,16.38,5,0,0,0,0
0,35,3,3,1,1,62.21,4,1,0,0,0
8,18,6,5,1,0,56.37,6,1,1,0,1
0,23,11,4,1,1,40.93,9,1,0,0,1
0,24,2,1,1,0,22.48,4,1,0,0,0
11,23,2,3,0,1,77.1,4,0,1,0,0
2,33,2,5,1,1,74.79,5,1,0,0,0
2,22,1,1,1,1,28.18,8,1,0,0,0
2,26,4,3,0,1,59.22,7,1,0,1,0
2,30,10,5,1,0,59.78,9,1,1,0,0
12,17,9,2,0,0,87.83,8,1,0,0,0
2,34,8,5,0,1,119.73,4,1,0,1,0
5,32,5,3,1,0,52.28,3,1,1,0,0
6,21,4,3,0,0,66.2,11,0,1,1,0
7,20,12,3,0,1,57.32,5,0,0,0,0
5,27,11,2,1,0,96.58,2,0,0,0,0
3,26,1,3,1,1,48.26,2,1,0,0,0
7,25,11,1,1,0,115.57,5,1,0,0,0
0,37,5,3,0,1,83.93,1,0,1,0,0
0,48,9,2,1,1,187.02,6,1,0,0,0
8,24,7,4,0,1,108.38,4,1,0,1,0
4,38,2,3,1,1,168.7,1,1,0,0,1
6,30,2,2,1,0,45.71,3,0,0,1,0
2,18,11,1,1,1,19.59,3,0,0,0,0
3,39,3,2,0,1,185.83,0,0,0,0,1
9,29,12,2,0,0,83.8,5,1,0,0,0
2,21,8,1,1,1,20.9,2,0,1,0,0
1,50,6,2,0,1,285.31,4,0,1,0,0
2,31,10,5,0,0,65.37,4,1,0,0,0
4,18,3,3,1,0,36.09,2,1,0,1,0
1,32,11,1,0,0,113,2,0,0,1,0
8,19,8,5,1,0,80.87,12,0,0,1,0
0,28,7,2,0,1,59.84,9,1,1,0,0
5,27,5,1,0,0,108.57,1,0,0,0,1
3,22,6,2,1,0,43.15,2,1,0,0,0
7,19,2,5,0,0,62.89,3,0,1,1,0
13,44,6,5,1,0,1755.45,1,1,0,0,0
7,42,5,3,0,0,517.44,8,1,0,0,1
2,28,4,5,1,0,23.49,6,1,0,0,0
5,23,12,5,1,0,67.53,3,1,0,0,0
0,32,3,1,0,1,6.18,8,0,1,0,0
0,36,12,3,0,1,89.03,5,0,1,1,0
1,31,12,4,0,1,65.66,8,0,1,1,0
4,27,2,4,0,0,92.83,13,0,0,0,0
6,26,8,4,0,0,110.53,1,1,0,0,0
6,34,3,3,0,0,258.38,9,1,0,1,0
0,43,12,2,1,1,100.02,3,1,1,0,0
4,24,5,2,1,1,13.79,2,1,1,1,0
7,27,5,2,1,0,138.13,2,1,0,0,0
10,26,10,4,1,1,172.86,5,1,0,0,1
0,22,11,3,1,1,19.71,4,1,0,0,0
6,28,8,1,1,0,126.98,9,1,0,1,0
4,44,6,4,1,0,31.29,9,1,0,0,0
4,21,10,1,0,1,34.45,1,0,1,0,0
8,38,11,4,1,0,431.44,3,1,0,0,0
11,34,2,5,0,1,343.32,3,0,0,0,1
2,18,12,4,1,0,25.08,9,0,0,0,0
4,21,9,5,0,0,44.1,2,1,1,0,0
4,35,4,3,1,0,28.95,4,0,0,0,0
4,30,6,1,1,0,105.3,10,1,0,0,0
3,29,1,2,1,1,62.98,9,1,0,0,0
2,23,1,2,1,1,25.04,8,1,1,0,0
12,24,6,3,0,0,96.83,0,1,0,0,0
3,23,12,1,1,0,55.05,8,1,0,0,0
6,25,6,4,0,0,82.08,0,1,1,0,0
7,42,5,2,1,0,507.05,11,1,0,0,0
10,24,5,1,1,1,144.54,2,0,0,0,1
2,31,3,2,1,1,51.29,3,1,1,1,0
0,32,3,4,0,1,54.41,7,1,1,0,0
3,40,4,5,0,1,53.22,10,1,0,0,0
0,34,4,1,1,1,30.05,3,0,1,1,0
7,43,1,3,0,1,348.76,2,1,1,0,0
0,57,1,4,0,1,544.36,1,0,0,0,0
2,22,9,2,0,0,45.79,10,0,0,0,0
9,45,2,3,0,0,844.42,7,0,0,0,0
0,51,6,5,1,1,239.42,2,0,0,0,0
0,26,5,5,1,1,28.22,3,1,0,0,0
0,40,5,1,1,1,95.55,6,1,0,0,0
1,19,2,5,1,1,18.38,3,1,0,0,1
10,39,9,5,0,1,452.64,11,1,0,0,0
3,41,5,4,0,0,275.46,0,1,0,0,0
5,31,8,2,0,0,150.95,3,1,0,0,0
8,27,3,4,1,0,166.18,7,1,0,1,0
2,23,2,1,0,0,41.66,4,0,1,0,1
3,35,1,3,1,0,110.61,5,0,1,0,0
0,30,3,2,1,1,40.21,14,1,0,0,0
0,28,12,1,0,1,38.26,12,1,1,0,0
6,28,11,4,0,1,119.24,8,1,0,1,0
2,21,6,5,0,0,42.83,0,0,0,0,1
0,32,6,1,1,1,67.15,13,0,0,0,0
12,24,1,3,1,1,201.9,1,0,0,0,0
6,34,12,4,0,1,174.57,3,0,0,0,0
1,30,5,2,1,1,48.38,14,0,0,1,0
0,22,1,1,1,0,20.97,3,1,1,0,1
3,25,8,2,0,0,55.48,2,0,1,0,0
0,47,3,3,1,1,176.24,8,0,0,0,1
6,18,10,2,1,1,26.47,4,0,1,0,1
5,22,7,1,1,0,61.71,5,1,0,0,0
3,29,10,3,1,0,81.11,1,0,0,1,0
6,17,7,1,0,0,39.76,8,1,1,0,0
3,18,4,4,1,0,29.99,3,0,0,0,0
7,19,3,4,0,1,52.33,1,1,0,0,0
1,33,2,1,0,1,67.65,5,0,1,0,0
7,18,7,2,0,0,62.61,0,0,0,0,1
5,21,7,2,1,1,63.97,9,1,0,0,1
6,17,8,4,1,0,46.81,7,1,0,0,0
18,18,10,4,1,1,351.12,10,1,0,0,1
6,17,9,2,0,0,10.94,11,1,1,0,1
2,25,8,2,1,1,44.71,0,0,1,0,0
0,36,9,1,0,1,94.83,3,1,0,0,0
7,23,12,4,0,1,44.48,4,1,1,0,0
0,19,1,5,0,1,20.98,12,1,0,0,0
10,25,4,4,0,0,197.02,4,1,0,1,0
2,22,11,3,0,1,29.05,1,1,1,0,0
5,33,3,3,0,1,114.03,6,0,1,0,0
6,56,6,4,0,1,1099.48,11,0,0,0,0
6,26,9,4,0,1,70.11,7,0,1,0,0
0,32,12,2,1,1,47.92,13,0,0,0,0
6,25,2,2,0,1,78.97,6,0,0,0,0
0,21,5,1,1,0,23.04,12,0,0,0,0
1,25,7,4,0,0,52.63,2,1,0,0,0
9,24,4,5,1,0,151.12,11,1,0,0,0
12,27,4,4,1,0,274.35,1,1,1,0,0
8,23,1,1,1,1,92.38,8,1,0,0,1
4,35,3,2,1,1,98.75,6,0,1,0,0
3,18,1,4,1,0,30.71,1,1,0,0,1
3,21,9,5,0,0,47.67,2,1,0,0,0
6,18,7,5,0,0,44.61,8,1,1,0,1
1,41,1,4,0,0,217.22,6,0,0,0,1
8,18,7,1,1,1,58.68,4,0,0,0,1
0,22,10,3,1,1,54.8,4,0,1,0,0
3,23,11,5,0,1,44.61,9,1,0,0,0
10,33,3,1,0,0,345.34,9,1,0,0,0
0,52,2,1,0,0,465.05,10,1,0,0,0
12,17,12,2,0,1,78.59,0,1,1,1,0
2,17,5,5,1,1,17.88,5,0,0,0,0
3,45,11,1,0,0,385.81,6,1,0,0,0
4,21,6,2,1,0,38.27,3,1,1,0,0
0,30,1,1,0,0,71.98,14,1,0,0,0
4,29,1,1,1,1,62.61,11,1,1,0,1
5,20,10,5,0,1,35.85,5,1,1,0,0
0,20,5,4,1,1,42.85,6,1,1,0,0
6,29,11,2,1,0,137.89,5,0,0,0,0
0,26,9,3,1,1,28.39,14,0,0,1,0
1,22,2,3,0,1,25.49,2,0,1,0,0
1,44,12,3,0,0,273.27,3,1,0,0,0
1,25,3,2,0,1,41.11,0,0,0,0,0
0,19,3,5,1,0,52.45,2,1,0,0,0
1,28,11,4,1,1,92.68,1,0,0,1,0
12,33,12,1,0,0,459.08,10,0,0,0,1
7,27,3,3,0,1,87.32,10,1,1,0,0
1,19,3,5,0,1,97.61,2,1,0,0,0
8,38,7,5,0,0,25.93,4,1,0,0,0
5,19,5,4,0,1,40.31,6,1,0,0,0
6,25,7,1,1,1,77.17,1,1,0,0,0
0,39,4,3,1,0,112.33,14,0,0,0,0
2,32,8,4,1,1,47.97,9,0,0,0,0
1,19,10,1,1,1,18.06,2,0,0,1,0
0,36,8,3,0,1,109.64,4,1,0,1,0
0,21,6,1,1,1,14.62,10,0,1,0,0
3,25,7,5,0,1,53.38,5,1,0,0,0
4,36,6,3,0,0,204.65,7,1,0,0,0
2,35,8,4,1,1,72.25,2,0,1,0,0
3,24,12,2,0,0,62.47,1,0,0,0,0
6,29,6,2,1,0,48.13,7,1,0,0,0
2,36,7,3,1,0,124.18,3,1,0,0,0
0,18,6,1,1,1,3.68,0,1,1,0,0
0,38,10,5,1,0,2.13,4,0,0,0,0
8,34,2,2,0,0,297.08,5,1,0,0,1
6,17,8,2,0,1,44.22,6,0,0,1,0
0,22,7,1,1,1,19.71,10,1,0,0,0
6,19,12,1,1,0,48.2,3,1,0,0,0
7,47,10,3,1,1,488.97,4,0,1,0,0
0,19,4,3,0,1,20.98,10,0,0,0,0
8,17,8,5,0,1,44.39,5,1,0,0,0
0,30,8,4,1,0,25.97,5,1,0,0,0
0,42,2,2,0,1,162.07,2,1,0,0,1
0,34,1,1,1,0,59.3,3,0,1,0,0
4,21,4,5,0,1,49.05,2,0,0,1,0
2,25,12,3,1,1,43.42,7,0,0,0,0
9,30,4,3,1,0,78.03,6,1,0,1,0
2,33,1,5,1,0,98.03,9,0,0,0,1
3,19,5,3,1,1,21.34,5,0,1,0,1
4,37,3,4,1,0,198.2,8,1,0,0,1
0,36,2,4,0,1,94.83,4,1,0,0,0
0,18,6,4,0,1,19.15,9,0,0,0,0
4,47,8,5,1,1,72.92,13,0,0,0,0
8,19,7,5,1,0,42.4,2,0,0,1,0
12,19,5,1,0,0,104.49,6,0,1,0,0
0,26,5,5,0,0,50.5,2,0,0,0,0
0,26,12,5,1,1,76.47,6,1,0,0,0
0,21,10,4,0,0,32.22,9,1,0,0,0
9,18,12,3,1,0,71.24,7,0,1,0,0
8,20,7,4,1,1,68.78,2,0,0,0,0
0,55,11,2,1,1,331.47,1,0,0,0,0
4,28,6,2,0,1,64.5,2,0,1,0,0
6,39,12,5,0,1,5.36,2,0,0,0,0
4,50,9,2,1,0,32.43,6,1,1,0,0
2,24,2,2,0,1,42.83,4,1,0,0,0
0,32,6,2,1,1,49.07,5,0,0,0,1
6,38,3,5,1,1,241.27,0,0,0,0,1
1,30,3,3,0,0,48.91,5,1,1,0,0
12,21,9,4,0,1,120.56,5,0,0,0,0
6,56,6,3,0,0,1407.52,0,1,0,0,0
7,36,8,4,1,0,252.54,6,1,1,0,1
0,20,7,2,0,1,19.11,2,1,1,0,1
2,19,11,2,1,0,98.03,11,1,0,0,0
8,46,11,1,1,0,688.82,6,1,1,0,0
3,27,5,2,0,1,63.8,3,0,0,0,0
3,18,6,5,1,1,23.99,0,0,0,0,1
1,26,5,1,1,1,27.4,10,1,1,0,0
3,26,1,1,1,1,49.41,7,0,0,0,1
6,23,3,1,1,1,32.05,9,0,0,0,1
7,20,7,1,0,1,46.54,12,0,1,0,0
13,29,7,5,1,0,482.39,1,1,0,0,0
4,23,6,2,1,0,25.67,4,1,1,0,0
3,19,10,5,0,1,25.81,1,0,1,0,1
4,26,7,1,0,1,66.5,2,1,0,0,0
12,52,8,4,0,1,1412.97,10,0,1,0,0
15,33,4,1,0,1,518.16,5,1,0,0,0
5,19,8,3,1,0,38.16,7,0,1,0,0
9,41,4,2,0,1,44.6,2,0,1,0,0
2,52,12,3,1,0,475.7,4,0,0,0,0
2,21,5,1,0,1,33.46,9,1,0,0,1
1,48,11,2,0,0,309.7,5,1,1,0,0
10,28,4,5,1,1,1.28,1,0,1,0,0
7,27,3,2,0,0,111.79,4,0,1,0,0
2,47,4,1,0,1,312.48,2,0,0,0,0
6,47,11,2,1,1,408.87,1,1,1,0,0
2,22,4,3,1,1,57.74,0,1,0,0,0
0,54,3,5,1,1,305.71,6,1,0,0,0
12,43,10,4,0,0,1056.19,12,1,0,0,0
1,21,2,1,0,1,86.94,4,1,0,0,0
4,21,7,1,0,0,45.15,4,1,1,0,1
13,33,11,3,0,0,19.34,6,0,1,1,0
3,35,3,4,0,0,136.96,6,1,1,0,1
0,32,2,2,1,1,39.84,12,0,1,0,1
0,23,11,4,1,1,68.83,3,1,1,0,0
4,21,6,2,0,1,34.45,4,1,1,0,0
6,20,10,2,0,1,47.23,15,1,1,1,0
5,32,5,5,1,1,89.79,2,1,0,0,0
4,23,11,2,1,1,44.11,4,0,0,0,0
7,21,10,1,1,1,51.44,2,1,1,1,0
0,41,8,3,0,1,148.92,1,0,0,0,1
8,24,12,2,0,1,95.98,12,0,0,0,1
1,20,7,3,0,1,35.54,0,1,1,0,0
7,47,6,2,0,0,638.78,5,1,1,0,1
5,50,6,5,0,0,776.39,3,0,0,0,1
0,24,12,1,1,1,19.27,10,1,1,1,0
0,22,10,1,1,1,16,9,0,1,0,0
0,21,8,2,1,0,18.71,1,1,1,0,0
2,23,12,1,0,1,45.26,12,0,0,1,0
6,23,9,4,0,1,54.86,8,1,1,0,1
0,26,8,4,1,0,73.6,3,1,1,0,0
2,40,10,3,1,1,137.48,3,1,0,1,0
3,20,9,3,0,0,44.57,11,0,0,0,1
4,19,9,1,1,1,12.89,4,1,1,0,0
6,24,6,1,0,1,12.81,6,1,0,0,0
4,25,7,1,0,1,49.38,7,0,1,0,0
9,37,7,5,1,0,41.87,3,1,0,0,0
3,20,1,1,0,1,31.92,5,1,1,1,0
4,36,1,5,0,1,159.86,7,1,0,0,0
7,40,1,2,0,0,426.53,4,1,0,0,0
4,34,10,5,0,0,68.38,6,0,1,0,0
6,31,8,3,0,0,176.11,9,1,0,0,1
2,25,9,4,0,1,91.02,0,1,0,0,0
5,26,10,4,1,1,69.43,4,0,0,1,0
2,30,7,5,0,1,1.49,4,0,0,0,0
3,36,5,2,1,0,152.06,13,1,0,0,1
2,20,1,2,0,1,16.13,9,1,0,0,0
3,34,7,4,1,0,69.99,13,1,0,0,0
2,26,9,5,0,1,51.22,4,1,0,0,0
6,49,8,1,0,0,814.74,2,1,0,0,1
6,24,5,1,1,0,88.36,3,0,0,0,0
5,23,3,1,0,0,61.64,14,0,1,0,1
3,24,12,1,0,1,48.8,6,0,0,0,0
5,22,1,5,0,0,3.72,6,0,0,1,0
12,38,4,3,0,0,560.8,10,0,1,0,0
0,27,5,4,0,0,55.2,11,0,0,0,0
12,29,6,5,1,1,8.31,4,0,0,0,1
1,30,1,1,0,1,64.06,0,1,0,0,0
3,27,6,4,1,1,98.01,7,1,0,1,0
3,22,7,3,0,0,52.18,1,1,0,0,0
7,30,11,3,1,0,2.81,1,0,0,0,0
0,26,5,4,1,1,61.32,5,0,1,0,0
9,42,3,1,0,0,53.86,2,1,1,0,1
1,27,5,3,0,0,51.07,7,0,1,0,0
2,18,4,4,1,1,30.94,10,0,0,0,0
2,24,11,1,1,0,43.2,2,0,0,0,0
10,25,11,5,1,0,164.33,13,0,1,0,1
0,17,4,2,0,1,20.21,4,1,0,1,0
4,34,10,5,0,1,155.45,2,1,0,1,0
6,20,1,2,0,0,64.4,1,0,0,0,0
0,37,10,4,1,0,94.64,2,1,0,0,0
8,18,4,2,1,0,69.88,12,0,0,1,0
0,28,7,2,1,1,27.37,2,1,1,0,0
4,45,2,1,0,0,412.7,14,1,1,1,0
7,24,3,1,0,1,24.88,6,1,0,1,0
4,41,4,2,0,1,251.03,7,0,0,0,1
0,34,2,1,0,0,102.11,12,1,0,0,0
5,26,2,3,0,1,75.78,8,0,0,0,0
5,44,3,1,0,1,299.16,5,0,1,0,1
0,31,3,5,0,1,61.39,2,0,0,0,0
5,39,10,1,1,0,274.77,5,1,0,0,0
2,21,8,5,0,1,26.53,7,0,1,0,0
6,17,3,1,0,1,64.28,12,0,0,0,0
0,32,11,2,1,1,47.92,8,1,0,0,0
2,44,1,5,0,1,249.04,11,0,0,0,1
0,39,8,5,0,1,122.68,0,0,0,0,0
0,18,12,2,0,1,17.98,3,0,1,1,0
2,28,4,1,0,1,61.18,4,0,0,0,0
9,19,10,2,0,1,63.79,6,1,1,1,0
9,21,6,1,0,1,81.49,12,0,0,0,0
0,23,1,5,0,1,25.07,6,0,1,0,1
3,46,1,4,0,1,327.62,3,1,0,0,0
1,34,9,1,1,0,39.1,13,1,0,0,0
2,19,10,4,0,1,22.12,4,1,1,0,0
12,24,10,3,1,0,264.64,3,1,0,0,1
8,27,11,1,0,1,122.54,12,0,0,0,0
6,29,10,4,0,1,33.77,2,0,1,0,0
0,28,12,4,1,0,37.13,7,0,1,0,0
3,39,5,1,1,0,156,7,0,1,0,0
0,42,11,2,0,1,162.07,0,1,0,0,1
1,24,2,4,1,1,22.91,4,0,1,0,0
6,44,9,2,0,1,410.02,1,1,0,0,0
0,43,1,3,1,1,43.32,7,0,0,0,0
4,22,10,3,1,0,51.6,1,1,0,0,0
4,27,4,2,1,0,80.76,2,1,0,0,0
7,32,3,3,1,0,215.92,6,1,0,1,0
0,47,12,5,1,1,139.77,1,1,1,0,0
2,35,4,3,1,1,72.25,3,0,1,0,0
1,18,10,4,1,0,86.2,4,0,1,1,0
2,31,6,5,0,0,102.03,6,0,0,0,0
3,38,4,3,0,0,218.39,9,0,0,0,1
0,20,2,2,0,1,26.57,12,0,0,1,0
11,34,9,3,0,0,439.51,2,1,0,0,1
6,23,10,1,1,1,64.59,8,0,0,0,1
0,19,1,3,1,1,15.01,12,1,0,0,0
2,34,7,1,0,0,135.74,8,1,0,0,1
5,37,2,5,0,0,254.16,2,1,0,0,0
0,27,2,5,1,1,30.84,3,1,0,0,0
14,23,1,5,0,1,187.53,10,1,0,0,0
6,44,5,5,0,0,524.9,1,0,0,0,0
6,28,1,1,0,0,107.21,9,0,1,0,0
0,20,3,3,1,1,43.22,3,1,0,1,0
3,32,4,1,0,0,146.72,1,0,0,1,0
12,47,9,2,0,1,1152.89,8,1,0,0,0
1,26,7,1,0,1,44.95,1,0,0,0,0
8,24,9,4,1,0,129.38,9,1,0,0,1
4,28,11,4,0,0,117.57,12,1,0,1,0
6,37,12,3,0,1,226.23,1,0,0,0,0
0,27,11,3,1,1,35.67,1,0,0,0,0
5,42,6,2,0,0,389.24,0,1,0,0,0
9,27,2,4,1,0,164.23,12,0,1,0,1
0,35,6,1,0,1,86.98,0,0,0,0,0
0,36,11,3,1,1,55.41,5,0,1,1,0
0,24,12,5,1,0,24.52,4,0,1,0,0
6,23,5,1,0,1,53.58,7,1,1,0,0
2,23,3,3,0,1,39.15,4,1,0,0,0
2,56,12,5,0,1,542.23,10,0,1,0,1
3,42,1,5,0,1,58.48,4,0,0,0,0
2,25,9,3,1,0,79.93,7,1,1,0,0
4,18,11,2,0,1,26.22,7,0,1,0,0
4,32,1,1,1,1,65.45,7,0,1,0,0
4,17,11,4,0,1,34.06,2,0,0,1,0
9,29,1,2,1,0,237.26,8,1,0,1,0
0,17,2,4,1,1,30.29,10,1,1,0,0
2,30,7,1,0,0,93.45,1,1,0,0,0
6,28,10,4,0,1,103.14,4,0,0,0,0
0,26,11,1,1,0,29.33,2,0,1,0,0
1,17,6,2,0,1,19.91,5,1,0,0,0
5,41,5,5,1,0,14.02,11,0,1,0,0
1,35,8,2,1,0,51.84,2,1,0,0,0
0,31,11,3,0,1,20.61,3,0,0,0,0
8,22,3,3,1,0,108.06,4,0,0,0,1
14,20,4,2,0,0,46.61,5,0,0,0,0
4,41,3,2,0,1,199.08,5,0,1,0,0
3,21,12,4,0,1,43.05,6,0,0,1,0
2,55,4,4,0,1,488.58,13,0,1,0,0
1,24,1,4,0,1,10.42,7,1,1,0,0
13,23,1,3,0,0,171.07,0,1,1,0,0
0,58,4,4,1,1,10.4,5,1,0,0,0
1,40,2,3,1,0,86.06,4,0,0,0,0
1,25,8,2,1,1,4.22,3,0,0,0,0
8,22,10,4,0,1,78.29,2,1,0,0,0
6,34,8,3,1,1,166.88,14,0,0,0,0
4,26,8,5,1,1,29.83,5,1,0,0,0
10,61,9,4,1,0,3408.79,7,1,1,0,1
0,37,8,1,0,0,132.32,2,1,0,0,0
1,26,6,4,1,0,3.82,6,0,1,0,1
6,25,5,4,0,1,64.12,8,1,1,0,0
9,33,4,3,0,0,303.07,3,1,0,0,0
5,37,11,4,0,1,198.54,4,0,0,0,0
0,27,4,1,1,0,32.06,6,0,1,0,0
4,26,1,5,1,0,91.37,3,1,1,0,0
5,19,5,2,0,0,51.6,3,1,0,0,0
6,26,10,2,0,0,113.17,3,0,0,0,1
6,21,2,1,1,1,19.34,4,0,0,0,0
13,18,12,2,0,1,98.14,4,1,1,1,0
6,33,6,2,0,0,15.75,6,0,0,0,1
4,34,4,4,0,0,139.76,10,0,1,0,0
0,23,5,3,1,0,27.61,2,0,0,0,0
0,36,3,1,1,1,67.83,0,0,0,0,0
7,45,12,2,0,0,650.38,2,0,0,0,0
3,27,5,3,0,1,63.8,3,0,0,0,0
0,18,4,1,0,0,24.52,8,0,0,0,0
8,30,3,1,1,0,72.94,4,1,0,0,0
0,17,11,1,0,0,21,6,1,1,1,0
0,34,9,4,1,1,57.05,7,1,0,0,0
0,38,12,2,1,1,65.41,14,0,1,0,0
11,19,5,1,1,0,138.32,4,0,0,1,0
6,17,4,4,1,1,10.48,5,1,0,0,0
0,43,5,5,1,0,42.34,5,0,0,0,0
1,31,2,1,0,0,89.54,8,0,0,0,0
5,38,1,4,1,0,252.25,5,0,0,0,0
6,27,6,5,0,1,76.63,4,0,1,0,0
3,30,2,4,0,1,27.77,3,0,0,0,0
12,59,9,1,0,1,70.4,4,0,0,0,0
1,37,10,3,1,0,46.27,2,0,0,0,0
13,22,6,1,1,1,167.66,2,1,1,0,1
0,37,12,5,1,0,90.09,8,0,0,0,0
4,44,10,2,0,0,1.29,7,1,0,0,0
12,29,10,2,0,0,256.34,10,1,1,0,0
0,18,7,1,1,1,34.47,2,1,1,0,0
0,38,6,3,1,1,81.04,14,1,0,1,0
4,19,11,5,0,0,52.36,1,1,0,1,0
0,18,4,5,1,1,11.19,6,1,1,1,0
0,43,2,2,0,0,225.75,5,0,0,0,1
0,31,4,3,0,1,91.66,3,1,1,1,0
2,60,4,4,1,1,724.18,2,1,0,0,1
0,23,5,1,1,0,27.61,7,0,0,0,0
0,22,6,2,1,1,19.71,1,1,0,0,0
6,42,6,1,0,0,416.37,1,1,1,1,0
6,18,12,1,0,1,41.92,3,0,0,0,0
4,35,6,2,0,1,119.06,4,1,1,0,0
5,19,1,2,1,1,55.26,7,1,0,0,0
0,33,12,5,0,1,4.35,2,0,1,1,0
4,30,9,2,1,0,105.93,0,1,0,1,0
4,56,4,4,0,1,687.59,12,1,1,0,0
3,30,10,4,1,1,70.42,2,0,0,0,1
1,18,4,2,0,0,32.3,6,1,0,1,0
2,22,4,2,1,0,29.29,8,1,1,0,0
0,46,7,5,0,1,256.04,3,1,0,1,0
0,19,11,3,1,1,37.44,6,1,0,0,0
0,51,8,5,1,1,194.4,14,1,1,0,0
11,32,10,3,1,0,449.49,4,1,0,0,1
4,30,2,2,0,1,53.98,1,0,0,0,0
7,31,10,5,0,0,159.13,8,0,1,0,0
6,17,2,5,0,0,48.97,4,1,0,0,0
6,42,9,2,0,0,28.49,1,1,0,0,0
4,24,2,5,0,0,57.8,4,1,1,0,0
1,33,9,5,0,1,83.31,0,1,0,0,0
2,35,1,3,1,1,73.97,13,1,1,0,1
0,40,2,3,1,0,122.33,1,1,0,0,0
2,23,11,1,0,1,32.07,2,1,0,0,0
6,20,10,5,1,1,88.61,1,1,1,0,0
0,32,4,1,1,0,61.72,10,0,0,1,0
5,34,9,2,1,0,55.89,9,1,0,0,0
0,35,1,4,0,1,70.63,3,1,1,0,0
0,45,11,4,1,1,145.7,0,0,0,0,0
3,26,11,1,1,1,74.84,1,0,0,1,0
0,18,8,1,1,1,15.64,6,1,0,0,1
0,17,7,1,0,0,22.37,7,1,0,0,0
3,22,7,4,1,0,35.03,7,1,1,0,0
4,36,3,5,0,0,204.65,2,1,0,0,0
1,23,7,5,1,0,26.81,3,1,1,0,0
10,27,10,1,1,0,241.89,12,0,0,0,1
0,46,12,3,0,0,283.5,8,0,0,0,0
2,35,9,1,1,0,113.91,2,1,0,0,0
6,23,9,3,1,0,82.69,10,0,0,0,1
4,24,10,5,0,1,45.15,11,1,1,0,0
3,36,4,2,1,1,116.71,3,1,0,1,0
4,29,8,2,0,0,91.06,8,0,0,0,0
4,24,4,2,0,0,71.19,3,0,0,0,0
8,20,12,5,1,0,88.05,6,1,0,0,0
0,59,7,1,0,1,638.65,9,0,0,0,0
0,29,1,3,1,0,47.42,2,0,0,1,0
2,23,8,5,1,0,32.06,4,1,1,0,0
4,21,12,3,0,1,32.95,1,0,0,0,0
11,52,1,3,1,0,2394.45,4,1,0,1,0
6,26,9,3,1,1,83.04,0,1,0,1,0
0,55,4,2,1,0,32.91,3,0,0,0,0
6,36,1,4,1,1,161.11,5,1,1,0,0
1,36,7,4,1,1,81.12,9,0,0,0,0
6,22,10,3,1,0,73.8,7,0,0,0,0
8,34,8,2,0,0,335.47,0,0,0,1,0
2,21,10,2,0,1,32.68,4,0,0,0,0
1,45,5,4,0,1,268.37,2,0,0,1,0
4,36,4,3,0,0,204.65,1,0,0,0,0
1,24,9,2,1,0,57.45,2,0,0,0,0
0,21,12,2,1,1,18,2,1,0,0,0
6,25,4,3,0,0,101.09,11,1,0,0,0
0,17,7,1,0,0,48.42,13,1,0,0,0
7,19,2,3,0,1,52.33,0,0,0,0,0
9,18,6,5,0,1,47.81,2,1,0,0,1
0,18,6,2,0,1,15.55,1,0,1,0,0
6,23,2,3,1,1,63.09,1,1,0,0,0
1,50,6,5,1,0,337.67,3,1,0,0,0
6,31,4,2,0,0,172,5,1,0,0,0
8,20,8,5,0,0,96.67,7,1,0,1,0
3,23,5,3,1,1,29.95,4,0,1,0,0
0,19,12,1,1,0,15.6,4,1,1,0,0
0,43,3,1,0,1,139.85,2,1,1,0,0
9,17,2,1,0,0,88.89,3,1,1,0,0
3,45,7,3,1,1,66.35,8,1,0,0,1
1,24,2,4,1,1,28.22,5,1,0,0,0
2,25,5,3,1,0,48.37,2,1,0,0,1
6,23,1,2,0,0,84.48,1,1,0,0,0
8,32,6,1,1,0,54.99,6,0,1,0,1
8,24,4,1,1,1,98.71,7,0,0,0,0
3,20,5,1,1,1,22.83,6,1,1,0,0
9,27,6,4,0,0,83.15,7,0,1,0,0
1,25,6,4,1,0,32.27,10,1,1,1,0
4,57,9,1,1,1,646.63,9,1,1,0,0
6,43,12,1,0,1,376.96,3,1,0,0,0
2,20,10,3,0,1,29.84,5,1,0,0,0
0,49,3,2,0,0,20.99,7,0,0,0,0
0,18,8,2,1,1,14.03,6,0,0,0,1
3,22,5,3,0,0,52.18,7,1,0,0,0
6,31,8,2,1,1,76.54,5,1,0,0,0
12,27,4,1,0,0,305.74,2,0,0,1,0
3,45,7,5,0,0,313.27,5,1,1,0,0
0,34,1,2,1,1,81.51,2,0,0,0,1
7,17,10,5,0,1,43.58,6,0,0,0,0
2,44,12,5,1,0,245.32,3,0,0,0,0
3,28,12,3,0,1,93.82,5,0,0,0,0
5,28,4,4,0,0,115.87,2,1,0,0,0
0,38,6,2,0,0,166.69,1,0,0,1,0
0,23,4,5,1,0,27.61,3,1,0,0,0
8,39,12,4,0,1,97.99,3,0,0,0,0
2,23,10,1,0,0,50.12,11,1,0,0,0
1,36,5,3,0,0,85.91,12,0,1,1,0
1,20,11,4,0,0,27.22,7,1,1,0,0
12,18,2,5,0,1,106.08,9,1,0,1,0
6,48,2,1,1,1,444.22,2,0,1,0,0
0,26,5,1,1,1,22.91,11,0,1,0,0
4,22,4,3,0,0,59.46,1,0,0,0,0
6,27,1,5,0,1,33.49,11,0,1,0,0
4,18,9,1,0,1,51.86,3,1,1,0,0
4,27,9,5,0,1,72.69,8,0,0,0,0
9,34,7,5,0,1,10.44,6,0,0,0,0
8,27,6,3,0,0,130.42,12,0,1,0,1
0,23,10,4,0,1,87.6,1,0,0,0,0
6,25,10,1,0,1,78.97,3,1,0,0,0
9,32,9,5,0,1,176.16,8,1,1,0,0
11,20,2,1,1,1,67.75,10,0,1,1,0
7,22,6,4,1,0,14.92,0,1,0,1,0
0,19,5,3,0,1,19.7,3,1,1,1,0
6,18,9,2,1,0,51.61,12,1,0,1,0
7,31,6,3,1,1,153.6,1,0,0,0,0
6,27,1,1,0,1,94.38,4,1,0,0,0
8,19,4,4,0,1,61.06,7,0,0,0,1
4,18,10,2,0,1,32.29,1,1,0,0,0
5,17,11,3,1,1,30.58,13,0,0,0,0
0,20,2,3,1,1,43.57,3,1,1,0,0
4,18,9,2,1,1,28.02,0,1,0,0,0
11,23,6,3,1,0,202.27,8,0,0,0,1
3,24,2,2,1,0,82.96,5,0,1,0,0
0,22,1,2,0,1,25.86,6,1,1,1,0
3,34,4,1,0,0,151.06,0,1,0,0,0
14,22,9,4,0,1,142.46,2,1,1,0,1
7,22,12,4,0,0,87.96,4,0,0,0,0
5,23,12,2,0,1,66.96,8,1,0,1,0
2,28,11,4,1,0,61.71,10,1,0,0,0
9,42,11,5,1,1,579.99,8,0,0,0,1
1,31,10,2,0,1,56.8,4,0,1,0,0
7,30,11,2,1,0,181.18,3,1,0,1,0
8,18,9,1,0,0,69.68,2,0,0,0,0
6,36,4,4,0,0,272.06,5,1,0,0,1
6,18,12,2,1,1,40.07,5,1,0,0,0
6,38,7,2,1,0,250.79,10,0,1,0,1
5,47,10,4,0,1,473.32,10,1,0,0,1
1,21,7,4,0,0,37.59,10,0,0,0,1
0,26,1,4,1,1,23.46,3,1,1,0,1
6,32,11,3,0,0,152.44,6,0,1,0,0
9,27,2,1,0,1,44.96,11,1,0,0,1
0,35,1,2,1,1,62.21,0,1,0,0,0
2,51,8,5,0,1,434.62,2,0,0,0,0
0,22,10,2,1,0,36.24,11,1,0,0,1
12,31,1,4,0,0,376.45,1,1,0,0,0
3,29,10,4,0,0,84.65,2,0,0,0,0
5,31,1,4,0,1,136.33,10,0,0,1,0
4,25,12,2,0,0,90.63,6,1,0,0,0
4,23,9,2,0,0,52.83,6,1,1,0,0
0,23,9,3,1,1,21.7,13,1,0,1,0
1,23,3,3,1,0,26.81,10,1,1,0,0
0,50,7,2,1,0,282.36,4,1,0,0,0
9,24,4,3,0,1,106.81,10,1,0,0,0
0,32,5,2,0,1,67,11,1,0,0,0
8,48,10,4,1,0,10.19,3,1,0,0,0
2,21,3,3,0,1,32.68,1,1,0,0,0
2,31,12,5,1,1,62.79,6,0,0,0,0
7,24,5,5,0,0,105.32,5,1,0,0,0
1,37,1,2,1,1,71.79,11,1,1,0,0
0,32,5,5,1,1,92.64,9,0,0,0,0
6,37,4,3,0,0,235.15,7,1,1,0,0
7,21,12,4,0,1,72.57,0,1,0,1,0
9,32,7,2,0,0,225.52,1,1,1,0,0
3,29,12,3,1,0,80.62,4,1,0,0,0
0,32,3,5,1,0,61.35,4,0,0,0,0
0,38,12,4,0,1,93.63,12,1,1,0,1
0,28,5,3,1,0,43.15,8,1,0,0,0
4,26,12,1,0,0,85.13,0,1,0,0,0
0,22,9,3,1,1,19.71,7,0,0,0,0
0,18,5,1,0,1,22.14,8,0,0,1,0
1,51,6,5,1,1,232.49,8,1,1,0,0
3,21,2,5,0,1,38.12,1,0,0,0,1
4,25,6,4,0,0,77.86,11,1,0,0,0
6,18,6,4,0,1,34.04,0,0,1,0,0
0,19,9,1,1,1,12.19,9,0,1,0,0
0,21,4,3,0,1,25.17,10,1,0,0,0
9,22,6,3,0,1,91.34,4,1,0,0,1
3,38,11,4,0,0,213.3,6,0,0,0,0
0,42,6,1,1,1,57.39,3,1,0,0,0
0,20,5,5,0,1,80.72,3,1,0,0,1
4,30,7,2,0,1,94.78,9,0,0,0,0
6,20,6,3,1,0,61.94,4,0,0,1,0
1,37,4,1,0,1,117.78,10,1,0,0,0
1,21,11,2,0,1,28.68,10,0,0,0,0
0,53,12,4,0,1,394.1,2,1,0,0,0
2,20,5,5,1,1,71.41,10,1,1,0,0
11,49,11,2,0,0,1434.88,5,0,1,1,0
5,22,3,5,0,1,93.65,0,0,1,1,0
12,24,8,5,1,1,164.93,12,1,1,1,0
2,31,8,3,1,0,80.39,0,0,0,0,0
8,26,10,2,0,0,143.51,3,1,0,0,0
5,24,3,4,1,0,73.88,8,1,0,0,0
0,20,6,1,0,1,22.98,14,0,0,0,0
6,27,10,4,0,0,120.82,3,1,0,0,0
7,23,1,2,1,1,88.41,5,0,0,0,1
14,27,3,4,0,0,343.34,10,0,0,0,0
5,53,4,4,1,0,60.83,6,0,0,1,0
1,26,4,1,0,0,46.72,2,0,1,0,0
0,19,7,1,1,0,19.21,11,1,0,0,0
4,25,8,2,1,1,53.1,3,1,0,1,0
7,19,1,3,0,0,68.6,2,1,0,0,1
0,27,5,3,0,1,40.48,5,0,1,1,0
1,30,6,2,0,1,38.2,3,0,1,0,1
4,30,12,5,1,0,105.3,4,1,0,0,0
1,30,1,1,1,0,61.56,3,0,0,0,0
4,30,12,5,1,1,96.14,0,1,0,0,1
2,61,7,4,1,1,765.56,2,1,0,0,0
12,43,1,5,0,0,857.59,5,1,1,0,0
6,27,1,5,1,0,62.39,11,0,0,0,0
2,33,7,4,0,0,121.53,5,1,0,0,0
3,59,5,5,0,0,60.99,11,0,1,0,1
8,42,1,4,0,0,665.78,5,0,0,1,0
1,19,1,1,0,1,35.47,1,1,0,0,0
6,34,2,1,1,0,218.74,11,1,0,0,1
4,22,12,2,1,0,51.6,5,0,0,0,0
4,20,6,2,1,0,43.05,8,0,0,0,0
4,25,8,1,0,1,38.65,1,0,0,0,1
4,26,10,5,0,0,69.13,9,0,1,0,0
3,36,1,2,1,1,116.01,0,1,0,0,0
0,46,2,4,1,1,158.39,4,0,0,0,0
3,43,4,1,0,0,326.19,14,0,0,0,0
6,23,1,1,1,1,75.93,3,1,0,0,1
5,20,4,2,0,0,65.35,3,0,0,1,0
9,27,1,1,1,0,197.55,4,0,0,0,0
8,28,1,5,1,1,114.5,12,1,1,0,0
0,33,9,3,1,0,37.43,6,1,1,1,0
7,36,8,5,1,0,311.02,4,0,0,0,1
9,32,5,5,1,0,46.03,3,1,1,0,0
6,19,4,3,1,0,45.64,11,1,1,0,0
0,34,9,2,1,0,59.3,0,1,1,0,0
7,30,4,5,0,1,140.22,1,0,0,0,0
9,26,5,4,0,1,147.68,2,0,0,1,0
2,39,4,1,1,0,130.44,9,0,1,0,0
3,20,5,5,0,1,39.31,1,0,0,1,0
3,24,5,5,1,0,51.66,7,1,0,0,0
6,21,10,2,0,1,74.48,2,1,1,0,0
6,39,3,5,0,0,397.42,2,0,0,1,0
3,40,6,3,1,0,209.22,3,1,0,0,0
5,19,4,2,0,0,59.66,10,1,0,1,0
3,23,10,5,0,0,57.1,1,0,0,0,0
4,19,8,5,1,1,87.75,2,1,0,1,0
6,20,9,3,0,0,52.29,4,1,1,0,0
2,36,4,1,1,1,97.59,4,1,0,1,0
3,32,7,3,0,1,80.49,8,0,1,0,0
0,37,1,2,1,0,94.64,1,1,0,0,0
0,25,2,1,0,1,41.71,2,1,0,1,0
0,26,12,3,1,1,22.91,1,0,1,0,0
4,56,2,2,0,0,73.47,7,0,0,0,0
2,46,8,1,1,1,188.32,4,1,1,0,1
1,28,5,4,0,1,53.69,6,0,0,0,0
0,22,3,4,0,0,35.27,1,1,0,0,0
5,32,1,4,1,0,150.07,2,0,0,0,0
1,26,2,4,1,1,81.17,7,1,1,1,0
2,28,11,2,0,0,78.32,10,1,0,0,0
5,18,1,3,0,1,36.79,6,0,0,0,0
6,33,7,5,0,1,160.03,1,0,0,0,0
6,33,5,2,0,0,209.75,6,1,0,0,1
0,50,3,4,1,1,221.89,6,0,0,1,0
6,27,8,4,1,1,92.38,4,0,0,0,1
2,48,9,3,1,0,342.41,0,1,0,0,0
0,38,8,5,1,1,80.55,9,1,0,0,0
1,39,3,2,1,1,48.15,8,1,0,0,0
7,33,11,5,0,0,269.88,2,0,0,1,0
2,35,11,1,0,0,135.72,11,0,1,1,0
6,38,8,5,0,0,256.23,7,1,1,0,0
5,31,5,4,0,0,25.52,2,0,0,1,0
6,31,4,5,0,1,111.7,0,1,1,0,1
8,20,12,1,0,0,85.61,6,1,0,0,1
8,26,4,4,0,0,116.53,2,0,1,0,0
0,34,9,1,1,1,57.05,1,0,0,0,0
0,22,4,2,0,1,28.21,2,1,0,0,1
4,36,8,4,1,1,112.65,6,0,1,0,0
1,61,3,5,0,0,1091.7,8,1,0,0,0
2,37,2,2,1,1,86.37,1,1,1,1,0
0,28,11,3,1,1,27.37,5,0,1,0,0
6,40,1,3,1,1,35.84,6,0,0,0,0
11,23,2,4,0,1,102.92,0,0,1,0,0
6,18,11,4,0,1,41.92,2,1,0,0,0
0,21,4,2,0,0,32.22,1,1,0,0,0
3,20,4,3,1,0,88.18,1,1,0,0,0
14,21,10,1,0,1,51.42,5,1,0,0,1
5,28,9,1,1,0,85.7,2,0,1,0,0
4,18,10,2,0,1,26.22,11,1,1,0,0
8,24,1,3,1,1,98.71,0,1,0,0,0
0,31,12,4,0,1,49.84,0,0,1,0,0
1,26,12,3,1,0,23.85,9,1,0,0,0
9,22,12,3,0,0,114.21,9,0,0,0,0
4,17,10,2,1,0,26.58,1,1,1,0,0
3,27,1,2,1,0,69.14,2,1,0,0,1
6,48,6,4,0,1,464.68,0,1,1,0,0
3,30,4,2,0,1,83.18,6,0,0,0,0
7,37,2,1,0,0,330,2,1,0,0,0
0,21,2,4,1,0,23.04,9,1,0,0,0
4,32,5,4,0,1,115.65,1,1,0,0,1
0,29,3,1,1,1,37.04,1,1,0,1,0
2,27,6,5,0,1,55.99,7,0,0,0,0
6,34,12,3,1,0,218.74,10,1,0,0,1
9,22,2,2,0,1,103.14,7,1,0,1,0
6,22,5,5,0,1,46.09,10,0,0,0,0
6,23,12,3,1,1,98.95,2,1,0,1,0
3,24,2,4,1,0,67.85,3,0,1,1,0
4,33,1,1,0,1,123.25,6,0,0,0,0
2,26,3,2,1,0,32.67,4,0,0,0,0
2,26,11,4,1,0,51.66,4,0,0,0,0
1,19,3,5,0,1,24.48,4,1,0,0,1
7,20,8,1,0,0,73.38,0,1,0,0,0
13,36,8,1,1,0,721.55,11,0,1,0,0
3,32,4,5,0,1,99.13,2,0,0,0,0
0,27,2,3,1,1,31.58,4,0,0,0,1
6,24,10,3,1,0,90.47,15,1,0,0,1
2,28,9,1,1,1,40.07,1,0,1,0,1
0,26,3,1,0,0,50.5,3,0,0,0,0
8,44,9,3,0,0,787.93,8,0,0,1,0
3,18,6,3,1,0,3.6,3,0,0,0,0
1,18,4,2,0,1,17.72,2,0,1,0,0
4,36,4,2,0,1,159.86,4,0,0,0,0
7,23,8,2,1,0,97.16,6,0,0,1,0
4,27,3,3,1,0,65.58,9,0,1,0,0
2,29,1,1,0,1,68.44,10,1,0,0,1
4,19,7,3,0,0,82.16,3,1,0,0,1
11,17,8,2,1,0,92.97,4,0,1,0,0
4,19,12,1,0,1,88.87,4,0,1,0,0
0,29,10,3,0,1,51.48,11,1,0,0,0
2,19,7,1,1,0,27.48,3,0,0,0,0
12,40,5,1,0,0,838.84,6,0,0,0,1
0,49,9,2,0,1,284,5,0,0,0,0
1,29,5,2,0,1,58.66,8,0,0,0,0
0,21,11,4,0,1,29.1,7,0,0,1,0
12,22,1,5,0,0,137.19,13,1,1,0,0
15,18,11,1,0,0,144.46,2,1,1,0,1
5,24,2,2,1,0,73.88,12,1,0,0,0
4,19,6,5,0,0,45.29,3,1,0,0,0
0,18,11,4,1,0,17.54,2,1,0,0,0
4,17,12,3,1,0,7.91,1,1,1,0,0
4,40,9,4,0,0,51.06,13,1,1,0,1
8,34,2,3,1,0,305.54,1,1,0,0,0
8,27,12,3,0,0,156.87,10,1,0,0,0
2,47,8,3,0,0,400.02,6,0,0,0,0
8,19,2,4,1,1,19.8,4,1,0,0,0
3,34,7,3,0,1,71.35,9,1,0,0,0
10,22,9,5,0,0,34.26,4,0,1,0,0
3,25,9,1,1,1,44.4,3,0,0,1,0
18,19,10,3,0,0,288.38,2,0,0,0,1
12,33,11,2,1,1,29.94,3,1,0,1,0
8,29,11,4,1,1,91.45,8,1,0,0,0
9,20,3,1,1,0,86.01,0,1,1,1,0
8,25,6,3,0,1,102.53,6,1,0,0,0
0,26,5,2,1,1,28.22,3,0,0,0,0
6,22,4,3,0,0,77.2,0,0,0,0,0
8,18,1,4,0,0,71.34,12,1,0,0,1
4,26,5,3,0,1,66.5,6,1,0,0,0
4,19,5,2,0,0,33.22,3,0,0,0,1
12,19,11,2,1,0,164.42,4,0,0,0,0
3,23,12,5,1,1,29.95,10,0,1,0,0
6,19,2,1,1,0,56.21,10,0,0,0,0
0,53,1,4,1,1,288.6,3,0,0,0,1
0,18,11,4,1,1,13.78,2,0,0,1,0
0,44,2,2,1,1,133.99,3,0,0,0,0
4,47,5,5,0,0,519.37,3,0,0,0,0
0,33,11,2,0,1,73.12,1,0,0,0,0
0,36,3,2,0,1,109.64,9,1,0,1,0
3,22,10,4,0,1,5.17,6,1,1,0,0
17,36,9,2,0,0,1291.51,1,1,0,1,0
1,33,1,5,1,1,51.09,12,0,1,1,0
0,49,10,1,1,1,203.13,12,0,0,0,0
5,44,4,3,0,0,460.66,0,1,0,0,0
6,29,4,2,0,1,112.67,3,0,0,0,0
2,20,2,3,1,1,82.59,2,0,0,1,0
1,34,4,1,1,1,48.47,1,0,0,0,0
0,32,5,2,1,1,47.92,2,0,0,0,0
6,25,5,5,1,0,96.64,13,0,0,0,0
3,19,1,1,1,0,33.65,4,0,0,0,1
4,26,5,4,0,1,66.5,4,1,0,0,0
1,24,7,5,0,1,27.43,1,1,1,0,0
2,34,10,2,0,0,135.74,1,1,0,0,1
9,43,3,4,0,1,557.68,11,1,0,0,0
10,28,9,2,0,1,3.27,2,1,0,1,0
2,33,8,1,0,1,94.93,5,0,0,0,0
7,20,3,1,1,0,59.78,4,0,1,0,0
6,29,1,4,0,0,69.22,1,0,1,0,0
0,21,7,2,1,0,23.04,1,0,0,0,0
6,18,8,2,0,0,43.57,7,1,1,0,0
5,26,9,1,1,0,71.74,2,0,1,0,0
1,25,1,2,1,1,31.6,2,1,0,0,1
5,20,9,4,0,1,35.85,4,1,1,0,0
3,40,10,5,0,1,197.65,8,0,0,0,0
9,38,10,2,1,1,403.04,1,1,0,0,0
0,35,2,3,1,1,62.21,9,0,0,0,0
0,39,8,4,1,1,16,7,0,1,0,0
6,32,7,4,1,1,116.55,4,0,1,0,1
6,44,7,3,1,0,501.78,2,0,0,0,0
3,51,2,2,1,1,419.27,1,0,0,0,1
0,30,12,4,0,0,71.98,2,1,0,0,0
6,18,10,4,0,1,8.13,1,1,0,1,0
0,44,5,2,1,1,108.8,2,1,1,0,0
6,22,10,3,1,0,73.8,3,0,0,0,0
6,39,9,4,0,0,343.74,3,1,0,0,0
2,18,10,2,1,1,20.06,10,1,0,0,1
6,46,3,3,0,0,582.49,1,1,1,1,0
4,33,7,4,1,1,106.96,3,0,0,0,0
8,29,10,1,1,1,2.05,3,1,1,0,0
3,21,6,4,1,1,75.69,4,1,0,0,1
1,43,1,4,0,0,203.99,3,1,1,0,0
0,24,3,1,1,1,19.16,3,1,1,0,0
0,44,8,1,1,0,31.33,6,0,0,0,0
0,20,3,3,1,1,16.54,7,0,0,1,0
8,21,12,4,0,1,66.64,4,1,0,0,1
8,44,6,2,0,1,432.26,12,1,1,0,0
8,24,8,5,1,1,82.06,1,1,1,0,1
8,19,1,5,0,0,78.16,5,0,0,0,1
9,18,1,5,1,0,23.37,0,1,0,0,1
3,25,2,1,0,1,53.38,5,0,0,0,0
0,27,1,5,1,1,25.04,0,1,1,0,0
9,19,5,1,0,0,70.63,11,0,1,0,0
3,48,11,5,0,1,386.84,1,1,0,0,0
1,17,5,2,1,1,15.04,3,0,0,1,0
0,20,7,4,0,0,29.42,11,0,0,0,0
9,39,6,5,0,1,459.28,1,1,0,1,0
13,32,9,3,0,0,468.2,10,1,0,0,0
7,18,9,5,1,1,47.92,2,1,0,0,0
6,25,7,5,0,0,103.5,5,0,0,0,1
1,41,10,2,1,1,124.41,1,1,0,0,0
5,41,9,4,0,1,226.84,2,1,1,0,0
1,37,7,2,0,1,117.78,4,1,0,0,0
6,27,12,2,0,1,94.38,5,0,0,0,0
0,30,12,1,1,1,32.65,7,0,1,0,0
5,20,6,2,1,0,51.48,11,1,0,0,0
0,30,6,1,0,0,58.44,3,0,1,0,0
9,19,10,5,0,0,70.63,4,0,1,0,0
9,31,2,2,1,0,49.76,4,1,0,0,0
0,37,4,4,0,1,103.36,4,0,0,0,0
2,17,11,4,1,0,18.58,9,0,1,0,0
7,18,5,3,0,0,49.65,0,0,1,0,0
0,23,12,5,1,1,21.57,5,0,0,0,0
5,32,9,1,1,0,2.04,2,1,1,0,0
3,52,5,4,0,0,645.87,4,1,1,1,0
6,19,6,2,0,0,60.2,4,0,0,0,1
6,22,7,2,0,0,62.68,3,1,1,0,0
6,44,10,3,0,1,23.48,2,0,0,0,1
7,29,6,4,0,1,17.79,5,1,0,0,0
0,33,4,5,1,1,21.47,10,1,1,0,0
6,20,6,5,0,1,47.23,11,1,1,1,0
0,18,4,3,0,0,28.35,1,1,0,1,0
6,24,5,4,0,0,76.84,1,0,1,0,1
4,29,6,1,0,1,86.78,6,0,0,0,0
5,20,3,1,0,0,62.13,1,1,0,0,1
12,25,11,1,1,0,282.7,6,1,0,0,0
8,30,11,3,0,1,159.77,0,1,0,0,0
5,24,12,3,1,1,47.14,12,1,1,1,0
0,30,2,1,1,0,18.17,5,1,1,0,0
14,18,1,3,0,0,143.16,7,0,1,1,0
7,35,11,2,0,1,250.8,0,1,0,1,0
0,58,4,5,1,0,539.95,4,1,0,0,0
2,39,3,1,1,1,70.07,5,1,0,1,0
4,26,4,4,1,1,57.71,7,1,0,0,0
9,34,10,5,1,0,365.4,9,1,0,0,0
2,28,10,2,0,0,80.19,12,0,0,0,1
4,35,1,4,0,1,150.13,5,1,0,0,1
9,28,3,4,1,0,217.18,5,0,0,1,0
1,29,1,2,1,1,45.08,1,0,0,0,1
2,22,1,4,0,1,29.05,0,0,1,0,0
2,49,3,5,0,1,368.74,7,0,0,0,0
0,33,3,5,1,1,20.01,0,1,0,0,1
8,19,5,1,0,0,76.34,0,0,0,0,0
0,35,1,3,0,0,90.42,7,1,1,0,0
7,25,6,3,0,0,115.19,7,1,0,0,0
6,41,12,3,1,0,389.57,2,1,0,0,0
6,24,12,5,0,1,25.66,5,0,0,0,1
4,29,2,4,1,0,79.9,4,0,0,0,1
9,24,3,2,0,1,109.36,10,1,0,0,1
2,34,11,4,1,1,82.08,6,0,0,1,0
6,21,11,4,1,1,42.76,1,1,1,0,0
9,25,9,5,0,0,140.4,8,1,1,1,0
4,37,8,3,1,1,122.78,9,0,1,0,0
0,44,8,2,1,1,111.39,8,0,1,0,1
12,22,1,4,0,0,172.99,3,0,0,0,1
0,20,10,5,0,1,18.66,6,1,1,0,0
6,22,6,3,1,1,59.02,6,1,0,0,1
0,18,2,2,1,0,14.24,9,1,1,0,0
3,27,2,4,1,1,44.18,2,0,0,0,0
2,20,11,4,1,1,23.51,12,0,0,0,0
2,24,7,5,0,1,54.18,0,1,1,0,1
0,38,12,5,1,0,81.83,7,0,0,1,0
2,24,5,3,0,1,34.78,8,1,1,0,0
0,40,9,4,1,1,95.55,8,1,0,0,0
7,22,6,4,0,1,70.35,7,1,0,0,1
1,20,11,5,0,1,26.19,12,1,0,0,0
0,25,3,2,0,0,46.19,6,0,0,0,0
2,23,2,5,0,1,76.08,7,1,1,0,1
2,36,9,2,1,1,80.65,1,0,1,0,1
4,22,5,2,0,1,46.44,3,0,0,0,0
5,35,10,3,1,1,124.31,6,0,1,1,0
7,27,8,1,1,1,6.18,9,1,0,0,0
5,26,12,1,1,0,88.36,0,1,0,0,0
8,18,10,1,1,0,73.81,5,0,0,1,0
7,29,9,5,1,0,164.9,10,1,0,0,0
6,23,10,4,0,0,84.48,7,1,0,0,0
0,39,12,1,1,1,88.27,5,0,0,1,0
9,26,3,1,0,0,163.52,5,1,0,0,0
0,32,11,4,1,1,39.84,2,1,1,0,1
10,20,11,2,0,1,70.5,4,1,1,0,1
12,26,10,2,0,1,193.49,9,0,0,0,1
8,23,12,1,0,1,85.68,9,0,0,0,0
2,26,6,3,0,0,53.24,0,1,1,0,0
3,38,1,2,0,1,35.23,3,1,0,0,1
2,33,9,3,0,0,121.53,4,1,0,0,0
6,33,8,1,0,0,204.86,3,0,0,0,0
9,29,1,2,1,0,241.47,8,1,0,0,1
7,31,5,4,0,1,124.31,5,0,1,0,0
6,50,5,3,1,0,825.99,1,0,0,0,0
2,19,3,4,0,1,27.25,7,1,0,0,0
12,21,4,5,0,0,154.34,2,1,0,0,0
1,55,3,5,0,1,528.08,7,0,0,0,0
6,19,12,4,1,1,43.91,3,1,0,0,0
1,34,12,4,0,1,90.88,8,1,0,0,0
3,20,5,5,1,0,36,4,1,0,0,0
9,25,12,4,0,1,116.82,2,1,0,0,0
5,20,7,4,0,1,44.15,2,0,0,0,0
0,32,8,1,0,1,54.41,8,1,1,0,0
12,20,6,2,0,1,93.63,12,0,0,0,0
6,21,1,1,0,1,44.73,4,0,1,0,0
4,25,11,3,0,0,77.86,1,0,0,0,0
2,25,7,4,0,0,2.77,12,0,1,0,1
0,32,1,1,1,1,50.4,13,0,1,0,0
0,21,10,1,0,1,86.52,8,0,0,0,0
5,20,1,4,1,0,51.79,10,0,0,1,0
9,18,10,3,0,0,64.46,4,1,1,0,0
11,31,2,2,1,1,57.59,6,0,0,0,0
2,36,7,2,1,0,124.18,6,0,0,0,0
1,20,1,1,1,1,20.13,9,1,0,0,1
8,18,5,3,1,0,59.57,1,0,1,0,0
9,19,10,4,1,0,98.43,9,0,0,0,1
0,37,5,3,1,1,60.03,1,1,1,0,0
6,32,9,5,0,0,187.74,2,1,0,0,0
0,19,2,1,0,0,26.86,2,1,0,0,0
2,19,4,1,1,1,21.47,1,0,0,0,0
2,19,12,5,1,1,83.15,4,0,1,0,0
11,25,3,4,1,1,184.65,6,1,0,0,0
0,25,6,1,1,0,33.03,8,1,0,0,0
10,33,10,5,0,1,269.76,2,1,0,0,0
9,19,4,5,0,0,81.66,0,1,1,1,0
7,24,5,3,0,0,85.51,1,0,1,0,0
6,49,3,3,1,0,778.86,10,0,0,0,1
6,27,1,1,1,1,85.65,10,0,0,0,0
1,32,10,2,1,0,73.37,1,0,0,0,0
4,31,5,3,0,0,107.57,6,1,1,0,0
0,25,8,5,1,1,25.8,1,1,0,0,0
2,28,7,1,0,1,10.31,8,0,0,1,0
0,20,3,1,1,1,80.79,3,1,0,0,0
3,36,10,3,1,1,94.2,2,1,1,0,0
2,26,5,3,1,0,51.66,6,0,0,0,0
7,18,5,5,1,1,38.91,5,0,1,0,0
2,23,9,4,0,1,26.11,0,1,1,1,0
1,28,5,3,0,0,55.81,6,1,1,0,0
6,30,6,5,1,0,122.28,8,1,1,0,0
0,42,3,2,1,1,113.22,2,1,0,0,0
1,19,4,4,1,1,17.95,7,0,0,0,0
14,31,7,2,0,0,565.1,14,0,0,1,0
6,23,6,4,0,1,65.99,5,1,0,0,0
6,29,2,5,1,1,110.28,1,1,0,0,1
5,32,6,1,1,1,95.76,6,0,1,1,0
10,31,10,5,0,1,226.49,3,0,0,0,0
0,22,7,3,0,1,54.35,8,1,0,0,0
4,21,10,5,1,1,36.82,11,1,0,0,0
3,26,5,1,0,1,17.19,11,1,1,1,0
2,37,12,4,0,1,94.15,8,1,0,0,0
0,39,10,4,1,1,37.88,1,1,0,0,0
4,41,11,2,1,0,226.45,4,1,1,0,1
7,46,5,1,1,1,84.41,6,0,1,0,0
0,37,6,4,1,1,85.15,6,0,0,0,1
13,23,11,4,0,0,215.72,0,1,0,0,1
3,21,2,5,0,1,30.96,1,1,1,0,1
0,26,5,4,0,1,16.09,2,1,0,0,0
0,27,4,2,0,1,43.12,9,1,0,0,0
0,19,7,5,0,1,20.98,1,0,0,0,0
1,42,5,4,0,1,208.54,11,1,0,1,0
0,22,3,1,1,1,19.71,1,1,0,0,0
10,27,12,1,0,0,208.54,3,0,0,0,1
1,37,6,1,0,1,97.91,7,1,1,0,1
6,23,5,3,1,0,82.31,1,1,0,0,0
6,27,11,5,1,0,39.59,9,1,0,0,0
0,39,6,3,0,1,122.68,12,0,0,0,0
2,17,3,4,1,0,71.75,4,0,0,0,1
0,39,10,3,1,0,112.33,12,0,0,0,0
0,31,5,4,0,1,61.39,1,0,0,0,0
0,19,2,2,0,1,17.04,3,1,1,0,0
5,18,1,5,0,0,48.22,0,0,0,0,1
0,17,8,1,1,0,64.12,1,1,0,0,0
9,32,5,5,1,0,255.19,6,1,1,0,1
8,20,3,4,0,1,75.52,6,1,0,1,0
5,18,8,1,0,1,29.87,3,0,1,0,0
6,17,4,4,0,0,50.13,2,1,0,0,1
4,45,10,1,0,0,356.96,7,1,1,0,0
0,26,1,2,1,1,28.22,1,0,0,0,0
4,22,9,5,0,1,37.71,1,1,1,0,0
6,25,6,4,1,0,96.64,9,0,0,0,0
3,32,11,3,0,0,126.9,5,0,0,0,0
2,20,1,1,0,1,34.5,8,1,0,1,0
2,44,11,3,1,0,246.8,10,1,0,1,0
0,31,12,5,1,1,43.91,11,1,0,0,0
0,48,7,3,1,0,239.41,3,1,0,0,0
4,50,5,4,0,1,422.1,2,0,1,0,0
5,38,3,1,1,1,16.79,11,1,0,0,0
6,23,9,5,1,0,4.75,2,0,0,0,0
0,19,2,4,1,0,19.33,4,0,0,1,0
3,29,9,4,0,1,43.96,14,0,0,0,0
0,22,10,3,0,0,35.27,3,0,0,0,0
12,33,3,5,1,0,29.4,6,0,0,0,0
1,45,7,5,1,1,141.48,6,1,1,0,0
2,22,7,4,0,0,45.79,10,1,0,0,0
4,19,2,3,1,0,97.22,10,0,1,0,0
0,39,7,4,1,1,69.44,3,1,0,0,1
11,41,3,1,1,1,618.85,2,0,1,0,1
2,23,7,5,1,1,67.97,3,0,0,0,1
5,21,11,3,0,1,39.25,10,0,1,0,0
3,41,1,3,1,0,227.77,14,0,0,0,0
9,19,12,1,0,1,67.95,4,1,0,0,0
0,28,9,5,0,1,47.12,2,0,0,0,0
5,32,6,5,1,1,120.03,8,1,0,0,1
0,37,3,2,1,1,91.08,7,1,0,0,0
12,35,1,5,1,1,10.79,1,1,0,0,0
4,36,12,2,0,0,209.54,7,1,0,0,1
0,53,3,1,0,0,68.29,9,0,0,0,0
9,40,5,1,0,0,567.01,3,1,0,0,1
0,54,12,4,0,1,347.06,6,0,1,0,0
0,21,7,1,1,0,45.93,9,0,0,0,0
9,33,6,3,1,0,55.25,2,0,0,0,1
1,30,7,1,0,0,83.97,13,1,0,0,1
3,18,9,2,1,0,29.99,5,1,0,0,0
4,36,2,3,1,0,177.61,5,1,0,0,0
5,21,1,1,0,0,61.89,2,0,0,0,0
2,54,9,4,0,0,51.57,0,1,0,0,0
4,19,6,3,1,1,31.43,6,0,0,0,1
4,31,8,3,1,1,72.92,5,1,1,0,0
8,32,12,1,1,1,200.5,8,0,0,0,0
5,31,2,5,1,1,96.65,2,1,0,0,0
0,41,3,3,0,1,145.44,2,1,0,0,0
10,24,3,2,0,0,146.27,9,1,1,1,0
0,21,7,2,1,1,32.57,4,0,0,0,0
2,27,3,4,1,0,57.82,1,1,0,0,1
2,44,9,5,0,1,197.5,0,1,1,0,0
8,32,2,5,0,1,154.6,5,0,1,0,0
0,26,7,1,0,1,24.56,5,0,0,0,0
10,29,5,5,1,1,31.97,12,0,0,0,1
0,29,7,4,0,1,51.48,3,1,0,0,0
3,47,5,4,0,0,466.69,14,1,0,0,1
5,32,2,1,0,0,164.76,6,0,0,0,0
14,43,1,5,0,0,1585.46,9,1,0,1,0
5,19,11,3,1,1,37.59,3,1,0,0,1
0,22,10,3,0,1,22.37,5,1,1,0,0
0,48,12,2,1,0,239.41,5,1,0,0,0
1,20,10,2,1,1,19.78,5,1,0,1,0
2,33,11,5,0,0,121.53,10,1,0,0,0
0,32,1,3,1,1,70.87,8,0,0,0,0
0,21,10,3,1,1,18,2,1,0,0,0
0,27,12,1,1,0,32.25,7,0,1,1,0
3,22,12,3,0,1,40.76,10,1,0,0,0
0,24,1,5,0,1,32.99,7,1,0,0,0
6,35,11,5,0,1,59.25,6,1,0,0,0
0,23,8,3,0,1,25.07,3,0,1,0,1
6,17,9,3,0,0,50.13,11,0,0,0,1
0,18,3,1,0,0,24.52,4,0,0,0,0
5,18,6,1,0,1,30.58,0,1,1,0,1
5,49,8,5,0,1,91.89,10,1,0,0,0
0,40,1,2,1,1,77.59,2,1,1,0,0
6,31,12,5,0,1,44.57,4,1,1,0,0
6,20,8,5,0,1,51.51,13,0,0,0,1
2,42,6,4,1,0,168.31,1,0,1,0,0
5,24,2,1,0,0,67.36,0,0,1,0,0
6,29,12,5,0,1,115.36,9,0,0,0,1
3,27,4,2,1,0,67.53,7,1,0,0,0
6,45,2,2,0,0,570.78,6,0,0,0,0
8,18,7,1,1,0,59.93,2,1,1,1,0
3,25,7,1,0,1,53.55,8,1,0,0,0
1,27,10,1,1,1,29.95,4,0,1,0,0
5,28,9,5,0,0,63.54,2,0,0,0,0
0,17,3,2,1,1,3.47,1,0,0,0,0
0,40,8,4,1,1,95.55,12,1,0,0,0
6,37,9,5,1,0,10.56,6,1,0,0,0
12,30,10,2,0,0,353.02,3,1,0,0,1
0,27,3,1,0,0,55.2,13,1,0,0,0
7,35,1,2,0,1,203.65,12,0,1,1,0
4,42,11,5,1,1,30.43,9,0,0,0,1
0,54,9,2,1,0,36.23,2,1,0,0,0
3,37,2,4,1,0,161.87,0,1,0,0,0
0,41,7,5,0,0,151.18,2,0,1,0,0
0,25,7,5,0,1,36.08,12,0,0,0,0
0,31,1,4,0,1,61.39,2,1,0,0,0
2,23,3,1,1,1,92.55,3,1,0,1,0
2,30,5,2,0,1,73,7,0,0,0,0
2,35,2,1,0,0,144.58,6,0,0,0,0
0,57,11,2,0,1,511.03,4,0,1,1,0
9,26,12,2,1,0,82.59,14,0,1,0,1
0,19,3,3,1,1,41.76,11,1,0,0,0
16,19,6,3,0,1,159.08,5,1,1,1,0
0,60,3,5,1,1,77.41,14,0,0,0,0
0,44,12,1,1,1,137.19,2,1,0,0,1
12,19,8,3,0,0,73.86,2,1,0,0,0
0,30,2,5,1,0,51.79,8,1,0,1,0
0,22,12,3,1,1,19.71,7,1,0,0,0
4,41,8,5,0,1,245.18,7,1,0,0,0
12,26,10,2,1,1,41.18,9,0,0,1,0
13,20,11,2,0,0,48.54,1,1,0,0,0
7,35,11,4,0,0,28.37,9,1,0,0,0
10,22,5,2,0,1,82.54,10,0,1,0,0
2,30,2,1,0,0,87.73,11,1,1,1,0
0,36,9,4,1,0,93.85,1,1,1,0,1
0,22,3,2,1,1,88.59,9,1,0,0,0
0,32,7,5,1,1,38.91,3,1,1,0,0
6,22,6,1,1,1,46.81,6,0,1,0,0
0,30,3,4,1,0,75.11,10,1,0,0,0
2,29,12,5,0,1,62.75,11,1,1,1,0
10,40,7,3,1,0,731.94,6,1,0,0,0
0,40,2,2,1,1,18.3,10,0,0,0,0
0,24,12,5,1,1,23.59,10,0,0,0,0
2,30,8,3,0,0,93.45,7,1,0,0,0
6,45,8,2,1,1,436.4,3,1,0,0,1
3,18,11,2,0,0,36.27,1,1,0,0,0
3,22,10,2,1,1,33.7,3,0,0,0,0
6,22,10,4,0,1,48.96,6,1,1,0,0
3,26,6,5,1,1,49.41,6,1,0,0,1
9,33,9,4,0,0,303.07,9,1,0,0,0
4,24,6,4,0,0,57.8,0,1,1,0,0
16,17,10,5,0,0,146.69,4,1,1,0,0
8,39,10,3,1,1,305.2,10,1,1,0,1
2,32,5,2,0,1,72.55,5,1,0,1,0
6,18,8,2,1,1,32.73,2,0,1,1,0
7,40,12,5,0,1,333.18,9,0,0,0,0
8,31,8,4,1,0,235.16,11,0,0,0,0
4,48,9,1,0,0,564.28,5,1,0,0,0
5,23,3,1,0,0,74.14,9,1,0,0,0
9,28,7,3,1,0,175.29,5,1,1,0,0
4,26,8,1,1,0,75.65,8,1,0,0,1
6,48,10,5,0,0,750.12,7,1,0,0,1
6,44,8,4,1,0,38.47,2,0,0,1,0
10,20,1,1,1,0,125.93,6,1,0,0,0
0,35,3,3,1,1,62.59,10,1,0,1,0
2,25,9,1,1,1,29.97,5,1,1,0,0
2,19,5,3,0,1,27.25,3,1,0,0,0
8,55,3,2,0,0,71.13,2,0,0,0,1
0,29,2,4,1,1,37.04,3,1,0,1,0
5,29,7,2,0,1,41.88,1,0,1,0,1
0,46,8,1,0,0,266.14,3,1,1,1,0
0,18,3,1,0,1,22.14,1,0,0,1,0
3,26,1,1,1,1,92.26,2,1,0,0,1
0,32,8,2,1,1,32.25,9,1,1,1,0
6,34,2,1,1,1,170.87,2,1,0,0,1
0,22,4,1,0,1,25.86,6,1,1,1,0
3,26,8,4,0,0,79.53,9,0,0,0,0
8,20,8,2,0,0,83.62,11,0,0,0,0
0,23,10,4,1,0,66.95,0,0,0,0,0
1,23,5,4,0,1,34.36,4,0,0,0,0
1,21,2,3,0,1,28.68,0,0,0,0,0
5,47,12,2,1,1,421.06,12,1,0,0,0
5,17,12,3,0,0,49.68,2,0,0,1,0
0,18,11,3,1,1,14.03,7,1,0,0,1
2,36,1,3,0,1,123.13,9,0,0,0,0
0,18,12,2,0,0,89.3,6,0,1,1,0
0,32,6,3,1,1,49.07,9,1,0,0,1
4,23,2,4,1,0,46.13,10,0,1,1,0
8,47,9,3,0,1,683.91,11,0,0,0,0
0,27,12,2,1,1,30.84,0,1,0,0,0
2,42,2,4,0,1,205.52,5,0,0,0,0
0,17,12,4,0,1,17.48,4,1,0,0,0
7,19,7,3,1,0,6.56,6,1,0,1,0
0,18,5,2,0,0,19.91,12,1,1,0,0
5,17,8,3,0,0,34.89,5,1,1,0,0
6,30,1,3,0,0,5.56,7,1,1,0,0
3,28,8,5,1,1,28.14,2,0,0,0,0
9,17,9,4,0,1,45.95,12,1,1,0,0
2,40,4,2,0,0,25.73,13,1,0,0,0
0,19,3,3,0,0,41.44,8,1,0,0,0
5,27,7,2,0,1,77.76,11,1,1,1,0
10,28,8,5,0,1,53.71,8,0,0,0,0
1,26,4,1,1,0,43.2,7,0,0,0,0
0,22,4,1,1,0,81.21,0,1,0,0,0
0,18,4,4,1,1,83.23,8,0,0,0,0
6,40,4,4,0,0,374.33,2,1,0,0,0
11,29,5,3,1,1,21.96,0,1,0,0,1
3,32,5,1,0,1,114.61,4,1,0,1,0
5,24,6,4,0,0,76.15,1,1,1,1,0
3,32,11,5,1,1,81.97,7,1,0,0,0
9,35,6,4,0,1,234.15,4,0,1,0,1
9,21,6,2,1,0,118.05,5,0,0,0,1
7,24,11,3,1,0,87.85,10,1,1,0,1
0,35,11,5,0,1,83.03,4,1,0,1,0
5,22,8,5,1,0,29.21,5,1,0,0,0
9,23,8,3,0,0,101.48,1,0,1,0,0
3,20,9,2,0,0,35.35,10,0,1,0,0
1,27,12,2,1,1,36.88,9,1,0,0,0
4,21,5,4,0,1,42.43,12,1,0,0,0
6,24,5,5,1,1,49.95,3,0,0,0,0
5,26,1,4,0,1,50.35,10,1,0,0,0
0,54,1,2,0,1,427.43,2,1,0,0,0
1,30,11,5,0,0,82.01,8,0,0,0,0
8,20,9,1,0,0,5.1,6,0,0,0,0
4,34,4,2,0,0,172.12,2,0,0,0,0
3,26,7,3,1,1,48.26,8,0,0,0,0
13,19,2,5,0,0,146.63,3,0,0,0,0
3,21,6,5,0,1,52.55,1,1,0,0,0
3,26,12,1,1,1,48.26,9,1,0,0,0
0,22,2,1,0,1,22.37,1,1,1,0,0
5,35,11,3,1,0,194.82,2,1,0,0,0
2,19,1,2,0,1,22.12,7,0,1,0,0
6,26,7,4,0,1,86.34,3,1,0,0,0
0,38,6,1,0,0,95.58,10,1,0,0,0
0,40,4,3,1,1,29.51,10,1,1,0,0
6,22,8,4,1,1,57.99,6,0,0,1,0
0,38,2,1,1,1,65.8,4,1,1,1,0
1,47,11,2,1,0,263.53,14,1,0,0,0
3,29,7,3,1,0,80.62,2,1,0,0,0
5,31,2,4,1,1,107.4,1,0,0,0,0
0,18,8,4,0,0,24.52,4,0,0,0,0
7,40,1,3,0,0,436.71,4,0,0,0,1
3,36,3,3,1,1,37.01,5,0,0,0,0
6,22,9,4,1,0,59.92,0,1,1,0,0
5,25,8,3,1,1,63.12,6,0,0,0,0
0,18,12,4,1,0,14.24,6,1,1,0,0
2,34,11,1,1,1,92.26,7,1,1,0,1
8,19,2,1,1,0,80.87,7,1,0,1,0
0,26,12,2,1,1,46.85,2,1,1,0,0
7,25,5,1,1,0,9.03,9,0,0,0,0
5,24,12,2,1,0,44.53,3,0,1,0,0
6,17,3,4,0,0,48.97,10,1,0,0,0
3,18,7,1,0,1,69.78,3,1,1,1,0
3,21,6,4,1,1,30.79,6,1,0,0,0
0,32,9,4,0,0,69.65,8,1,1,0,0
6,18,8,2,1,0,60.65,12,1,0,0,1
13,18,5,5,0,0,111.26,2,1,1,0,1
2,19,2,1,0,1,22.12,4,1,1,0,0
9,25,12,1,1,0,13.53,2,1,0,0,0
3,28,7,3,0,0,83.78,10,0,1,1,0
0,39,12,1,0,0,127.52,4,1,1,0,0
4,25,6,1,0,1,66.16,5,1,0,0,0
5,36,6,3,1,0,212.4,11,1,0,0,0
0,33,11,1,1,0,30.65,1,0,0,1,0
2,49,6,5,0,1,368.74,2,0,0,0,0
2,25,2,4,0,1,46.84,5,0,0,0,0
6,23,12,2,1,1,19.88,3,1,1,0,0
6,19,10,5,0,1,38.18,4,1,1,0,1
8,45,10,3,1,0,40.16,8,0,1,0,0
9,20,9,3,1,1,31.9,14,0,0,0,0
3,27,9,1,1,1,79.84,1,0,0,0,0
6,36,6,5,0,1,168.53,9,0,1,0,0
3,30,10,3,1,0,32.94,12,1,1,0,0
10,32,2,3,0,1,61.5,6,0,1,0,0
7,19,6,2,1,0,67.22,4,1,0,0,0
0,18,9,3,1,0,14.24,6,0,1,0,0
8,28,1,3,0,0,50.49,3,1,0,0,0
2,23,10,1,0,1,24.05,9,1,0,0,0
5,27,8,2,1,0,98.89,3,1,0,0,1
6,21,8,3,0,1,14.72,1,1,0,0,0
7,42,12,3,0,0,410.35,6,1,1,0,0
4,43,9,1,1,0,268.16,3,0,1,0,1
3,23,11,2,0,1,44.61,6,1,0,0,0
1,44,3,1,1,1,161.2,3,0,0,1,0
9,53,1,1,1,0,1465.98,1,1,1,0,0
3,18,8,1,1,1,23.43,4,0,0,0,0
3,23,11,2,1,0,47.22,5,1,0,0,0
4,45,7,5,1,0,381.52,9,1,0,0,0
10,17,1,5,0,0,67.02,1,1,1,0,0
2,20,10,2,0,1,28.02,7,1,1,1,0
0,22,4,2,0,1,27.55,2,1,0,0,0
6,28,3,2,0,0,135.19,1,0,0,0,1
0,30,7,4,1,0,51.48,3,1,0,0,0
9,32,4,1,1,0,308.81,2,1,0,1,0
8,26,11,2,0,0,119.31,0,1,1,0,1
0,29,12,2,1,1,29.9,3,1,1,0,0
5,30,4,5,0,1,108,1,1,0,0,0
4,20,12,4,0,0,49.6,11,1,0,0,0
1,34,10,3,0,1,90.88,1,0,0,0,0
1,44,6,5,1,1,161.2,9,0,0,1,0
6,19,1,5,1,0,40.01,4,0,1,0,0
0,33,9,3,1,0,68.54,1,1,0,0,1
6,24,4,3,0,1,72.2,5,0,0,0,0
3,41,12,1,1,0,186.06,2,1,1,1,0
9,24,9,4,0,1,100.27,5,0,1,1,0
7,40,7,3,0,0,346.33,1,1,1,0,0
5,20,10,1,0,0,53.06,5,0,1,1,0
12,28,12,1,0,1,187.67,1,0,1,0,1
4,19,3,3,1,0,68.01,5,0,0,0,1
4,30,10,3,1,1,82.25,10,1,0,0,0
5,21,12,3,1,0,63.45,7,1,1,0,0
6,18,3,5,0,0,43.57,13,0,1,0,0
0,36,9,1,1,1,55.07,2,1,1,0,0
5,39,9,1,0,1,191.34,9,0,1,0,0
9,20,1,5,1,0,105.3,2,0,0,0,0
8,19,5,5,1,0,80.87,8,1,0,1,0
8,36,9,5,0,0,286.81,15,0,1,0,1
13,18,2,2,0,1,107.04,0,0,0,0,1
2,27,12,2,1,1,44.38,4,0,0,1,0
4,19,10,2,0,1,35.37,4,0,0,0,0
12,17,2,4,0,0,109.73,1,0,0,0,1
6,33,3,4,1,1,152.98,11,1,0,0,0
9,43,6,4,0,0,75.67,9,1,1,0,0
2,40,7,3,0,1,162.84,0,1,1,1,0
10,32,10,2,0,0,297.1,2,0,1,1,0
0,45,1,2,1,1,10.5,6,0,0,0,0
6,25,7,2,1,1,75.49,2,0,0,0,0
1,55,8,3,1,1,396.41,1,0,0,0,0
4,40,3,2,0,1,225.21,11,0,0,0,0
11,25,4,3,0,0,194.17,5,1,0,0,0
8,23,11,1,1,1,90.77,6,0,0,1,0
8,19,11,2,0,0,76.34,0,1,0,0,0
8,17,5,1,0,1,41.29,0,1,1,0,1
4,32,9,4,0,1,112.95,8,0,0,0,0
0,44,4,2,1,1,133.99,9,1,0,0,0
6,26,5,1,0,1,70.11,12,0,1,0,0
0,32,9,4,0,1,54.41,4,1,1,0,0
0,31,6,2,1,1,43.91,1,0,0,0,0
6,20,10,5,0,0,52.29,9,1,1,0,0
6,48,1,4,0,0,847.04,1,1,0,1,0
6,46,9,5,0,0,503.82,8,0,1,0,0
4,28,10,5,0,1,97.1,2,1,0,0,0
9,22,11,5,1,1,99.19,2,0,0,1,0
4,40,9,1,0,1,35.63,10,0,0,0,0
12,29,11,1,1,0,97.83,1,1,1,1,0
6,22,3,5,0,0,77.2,2,0,0,0,0
3,28,11,1,0,1,71.38,1,1,0,0,1
0,20,2,1,1,1,16.44,1,1,0,0,0
0,34,12,3,1,0,73.47,2,1,0,1,0
5,19,8,5,0,0,54.22,11,1,0,0,0
4,27,10,4,0,0,93.06,4,1,0,0,0
0,22,5,2,1,1,19.71,5,1,0,0,0
1,24,3,3,1,0,67.82,13,0,0,0,0
7,32,1,2,0,1,4.56,3,1,0,0,0
0,45,7,1,0,0,260.79,10,0,0,0,0
3,27,2,5,0,0,81.67,10,1,0,0,0
6,30,12,2,0,0,127.91,5,1,1,0,0
5,18,7,5,0,0,48.22,4,1,0,0,1
2,44,8,3,1,1,26.65,3,0,1,0,0
3,20,6,4,0,1,28.27,4,0,1,0,1
2,35,1,4,1,1,88.98,5,1,0,0,0
4,19,2,1,0,0,45.29,4,1,0,0,0
0,19,3,5,1,1,13.37,4,1,0,0,0
3,47,4,4,0,0,455.81,14,0,0,0,0
0,28,9,3,1,1,33.7,7,1,0,0,0
13,21,3,1,0,1,84.41,0,0,0,0,0
3,33,9,3,1,0,114.5,2,0,0,0,0
3,52,6,4,0,0,704.42,13,0,0,0,1
0,37,4,1,0,0,152.98,2,1,0,1,0
3,23,2,1,1,1,36.88,8,1,0,0,0
7,38,9,2,1,0,83.01,11,0,0,0,0
3,18,7,5,1,1,56.01,7,0,0,1,0
2,23,12,1,0,1,39.15,8,1,0,0,0
12,36,9,3,0,0,472.21,1,0,1,0,0
1,37,3,3,1,0,74.75,7,1,0,0,0
6,35,10,1,1,0,13.23,1,0,0,0,0
6,19,8,3,0,0,60.2,5,1,0,0,1
6,20,2,2,0,1,58.16,6,1,0,1,0
6,23,6,1,0,1,76.3,5,1,0,1,0
3,19,12,2,0,0,39.74,4,1,0,0,0
7,34,2,1,1,0,255.49,9,1,0,0,0
15,37,10,4,1,0,90.13,8,1,1,1,0
3,38,3,3,1,0,176.37,4,1,0,0,0
4,34,12,3,1,1,116.69,6,1,0,0,0
8,37,2,1,0,1,293.72,0,1,0,0,0
0,48,6,1,0,1,302.31,7,0,0,1,0
12,19,12,2,0,0,104.49,7,1,1,0,0
14,31,6,1,0,0,500.44,4,1,0,0,1
4,33,12,3,0,1,5.52,8,1,0,0,0
1,30,6,2,0,0,82.01,1,1,0,0,0
2,27,7,2,1,1,54.48,2,0,0,0,0
8,43,8,5,1,0,659.77,3,0,0,0,0
4,25,3,4,1,1,59.65,6,1,1,0,0
3,33,1,1,1,1,40.32,6,1,0,0,0
0,46,4,3,1,1,89.1,5,0,1,0,0
8,42,11,5,1,0,606.38,4,0,0,0,0
8,19,5,1,1,0,77.25,3,1,0,0,0
8,24,10,3,0,0,122.87,9,0,0,0,1
3,35,9,4,1,0,113.25,7,1,1,0,1
0,40,8,2,1,1,49.71,4,0,0,1,0
1,33,6,4,1,1,50.78,7,1,1,0,0
6,18,11,4,0,1,48.47,3,0,0,1,0
8,19,10,2,0,1,61.06,3,0,0,0,1
0,26,10,3,1,0,30.12,0,0,0,1,0
12,23,9,2,0,0,184.9,7,0,0,0,0
6,18,11,4,1,0,51.3,5,1,0,0,0
1,27,8,4,1,0,47.22,1,0,0,0,0
0,39,7,4,1,1,87.75,2,0,0,0,0
0,26,1,3,1,1,22.91,5,0,1,0,0
0,53,3,3,1,1,281.88,0,1,0,0,0
1,34,8,1,0,0,116.35,5,0,0,0,0
1,53,7,3,1,0,71.45,13,1,1,0,0
4,21,3,1,0,0,54.31,1,0,0,0,0
8,27,7,1,1,1,13.25,5,0,0,0,1
6,23,10,4,0,1,65.99,1,0,0,0,0
0,29,6,3,0,1,42.8,8,0,1,0,1
1,32,3,3,1,0,59.57,7,1,1,0,0
9,25,12,4,1,1,75.69,4,1,0,0,1
5,36,4,3,1,0,173.5,3,0,1,1,0
5,20,8,2,0,0,45.89,6,1,1,0,0
12,20,3,4,1,0,8.45,3,1,0,0,0
0,28,9,1,1,1,27.37,4,1,1,0,0
0,30,5,4,0,1,71.32,10,1,1,0,0
4,24,7,1,1,1,65.52,7,0,0,0,1
4,37,7,4,1,0,194.75,2,0,0,1,0
9,39,9,2,0,1,397.24,11,1,0,0,0
3,31,2,4,1,0,96.71,3,0,0,1,0
5,33,2,3,0,1,140.44,10,0,0,0,0
14,25,10,4,0,0,233.25,2,1,1,0,0
0,20,6,2,1,1,16.83,0,1,0,0,1
5,20,4,2,0,0,45.89,1,1,1,0,0
13,22,9,5,0,1,28.62,4,1,0,1,0
3,41,9,1,0,1,174.71,0,0,1,0,0
9,41,3,3,0,0,617.28,5,0,0,0,1
6,33,2,5,0,1,160.03,6,1,0,0,0
0,31,11,3,1,0,45.64,0,1,1,0,0
6,18,12,1,0,0,53.66,3,1,0,0,0
8,22,2,5,0,0,100.23,3,1,0,0,0
12,35,11,3,0,0,500.76,5,1,1,1,0
16,18,2,1,0,0,198,8,0,0,0,0
6,28,12,2,1,1,98.6,2,0,0,0,0
0,23,5,3,1,0,27.61,3,0,0,0,0
14,29,7,1,0,1,370.18,3,1,0,1,0
6,33,11,4,0,0,204.86,11,1,0,0,0
8,39,3,3,0,0,456.95,4,0,0,0,1
6,27,9,5,0,1,109.12,5,1,0,1,0
7,20,8,2,1,0,73.63,1,1,0,0,0
3,33,4,5,1,1,89.98,10,0,0,1,0
2,19,11,1,1,0,27.48,8,1,0,0,0
0,35,2,4,0,1,67.03,4,1,0,0,0
9,35,5,3,1,1,311.28,3,0,0,0,0
0,22,5,2,1,0,25.23,0,0,0,0,0
1,43,6,4,1,0,153.13,4,0,1,0,0
1,24,12,2,1,0,24.13,4,0,0,0,0
4,53,4,4,0,1,52.3,5,1,0,0,1
4,17,6,5,1,1,25.57,11,0,0,0,0
4,35,6,2,1,1,130.29,1,1,0,0,1
0,41,5,5,1,0,133.17,8,0,0,0,0
0,20,9,4,0,1,22.98,11,1,0,0,0
4,24,4,1,0,0,71.19,4,0,0,0,0
4,21,2,1,1,1,37.7,8,1,0,0,1
1,18,5,1,1,1,81.49,8,0,0,1,0
5,26,1,4,0,1,77.58,1,0,0,0,1
0,53,7,3,0,0,35.2,10,0,0,0,0
0,19,7,2,1,0,19.21,3,1,0,0,0
0,32,8,2,1,1,47.92,0,0,0,0,0
0,40,4,1,1,1,90.02,10,1,0,0,0
1,19,1,1,0,1,23.91,6,0,0,0,0
1,28,8,2,0,1,53.69,4,0,0,0,0
1,46,9,5,0,0,323.03,1,1,0,0,0
8,31,5,2,0,0,223.32,0,0,0,0,0
15,26,7,2,0,1,64.52,6,1,0,0,1
5,24,5,5,1,0,60.35,4,0,1,1,0
7,33,9,1,0,0,189.54,14,1,1,0,0
0,22,10,3,1,1,19.71,5,0,0,0,0
6,22,12,5,0,1,48.96,3,0,1,0,0
2,18,8,2,0,1,25.46,1,0,0,0,1
4,19,10,3,0,0,42.51,1,1,1,1,0
3,29,6,5,0,1,25.11,1,1,0,1,0
6,18,5,3,0,1,41.92,11,0,0,0,0
3,20,6,3,1,0,29.23,1,1,1,0,0
4,21,3,5,0,1,46.75,2,1,0,0,0
12,20,3,3,0,1,91.54,2,0,1,0,1
4,30,6,3,1,0,105.3,0,0,0,0,0
0,28,4,1,0,1,49.48,11,0,0,0,0
0,21,12,4,0,1,25.17,9,1,0,0,0
4,18,7,5,1,0,35.87,6,0,0,0,0
3,43,9,4,1,1,211.96,2,1,0,1,0
6,33,6,3,0,0,166.34,3,0,1,0,0
3,18,5,5,1,1,23.43,2,1,0,0,0
3,19,6,5,1,0,33.65,0,0,0,0,1
2,21,4,4,0,0,41.83,7,1,0,0,0
0,18,6,2,0,0,19.91,2,1,1,0,0
3,35,1,5,1,1,108.95,1,1,0,0,1
5,29,1,3,0,1,80.29,5,1,1,0,0
0,58,2,4,1,0,59.36,0,1,1,0,0
0,40,12,1,0,0,197.74,1,0,0,1,0
2,48,5,1,0,1,339.49,7,1,0,0,0
6,36,9,5,0,1,98.18,6,0,0,0,1
5,22,1,5,1,1,39.14,1,0,1,0,0
0,20,1,1,1,0,43.21,6,0,0,0,0
10,44,3,2,1,0,97.4,10,1,0,0,1
8,19,6,5,0,1,59.63,10,1,0,0,0
0,18,8,4,1,0,17.54,1,0,0,0,0
10,18,11,3,0,0,92.62,13,1,0,0,1
7,21,10,2,0,0,9.36,3,0,0,1,0
0,24,9,5,0,1,32.99,1,0,0,0,0
4,50,5,4,1,0,581.02,9,0,0,1,0
0,18,1,4,0,1,19.15,2,1,0,0,0
5,22,6,1,1,1,48.2,8,1,0,0,0
4,50,10,2,0,1,601.02,6,1,0,1,0
2,35,12,3,0,1,112.94,6,0,0,0,0
1,27,9,5,1,1,36.88,11,1,0,0,0
9,34,1,3,0,1,264.43,4,0,0,0,1
2,17,1,4,1,0,55.04,2,1,0,0,0
1,27,2,1,0,1,50.31,4,1,0,0,1
5,20,2,3,0,0,46.99,1,0,1,0,1
0,34,1,3,0,1,79.76,5,0,0,0,0
0,52,8,3,0,1,363.27,8,0,0,0,0
9,17,5,1,0,1,56.59,6,1,0,0,0
10,40,12,1,0,1,400.23,5,1,1,0,0
3,32,7,1,0,1,99.13,7,1,0,0,0
5,39,3,3,1,0,281.33,8,0,0,0,1
0,34,12,1,1,1,49.77,7,1,0,0,0
0,24,6,4,1,1,19.16,12,0,1,0,0
8,18,2,1,1,1,58.68,9,1,0,0,1
0,48,8,2,0,1,261.48,8,1,0,0,0
1,23,2,5,1,1,20.94,5,0,1,0,0
7,26,2,4,0,1,98.38,3,1,0,0,0
0,38,5,3,0,1,91.45,3,0,1,0,0
4,20,2,1,0,1,36.37,9,0,1,1,0
2,25,1,5,0,0,3.91,9,1,0,0,0
7,21,5,5,1,0,82.54,0,1,0,0,1
12,22,5,5,0,1,34.93,0,1,0,0,1
8,25,9,1,0,0,28.01,5,0,0,0,1
2,40,8,3,0,1,200.55,5,1,0,1,0
3,28,12,1,0,0,76.07,7,0,0,0,0
17,21,11,1,0,1,85.39,0,1,0,0,0
5,18,10,1,0,1,29.87,3,0,1,0,0
2,33,6,4,1,1,74.79,7,0,0,0,0
6,33,2,4,0,1,160.03,6,1,0,0,0
6,25,4,5,0,0,101.09,1,0,0,0,0
6,22,4,5,1,1,59.02,9,0,0,0,1
6,19,5,3,1,0,56.21,2,1,0,0,0
9,41,4,2,0,1,71.56,6,1,0,0,1
0,27,4,5,0,1,43.12,4,1,0,0,0
1,26,4,2,0,0,32.07,13,1,0,0,0
0,32,12,1,1,1,47.92,4,1,0,0,0
1,20,9,3,1,1,15.96,6,1,1,0,0
7,33,7,2,0,1,50.56,3,0,1,1,0
6,27,1,4,1,0,98.48,0,1,0,0,0
2,24,4,2,1,1,27.4,4,0,1,0,0
0,37,2,5,1,1,60.51,10,0,0,0,0
0,40,8,4,0,1,133.6,6,0,0,0,0
5,58,3,3,0,0,1450.07,3,0,0,0,0
3,28,9,4,1,0,73.8,8,0,0,0,0
2,36,7,2,1,0,124.93,11,0,0,1,0
2,47,11,3,1,0,16.22,3,0,1,0,0
6,28,8,1,0,1,103.14,2,1,0,0,0
0,21,3,1,1,1,18,9,1,0,0,0
7,55,10,1,0,0,10.32,4,0,0,0,0
2,55,4,4,0,0,890.59,12,1,0,1,0
6,23,12,5,1,1,75.58,5,1,1,0,0
1,19,7,4,0,0,30.61,2,0,0,0,0
5,50,11,4,1,0,560.81,2,1,1,0,0
8,22,9,5,0,0,81.38,9,1,1,0,0
10,22,5,5,0,0,130.13,1,1,0,0,0
6,20,2,5,0,0,74.46,5,1,0,1,0
2,23,2,1,0,0,41.66,2,1,1,0,1
6,40,11,5,1,0,290.56,1,1,1,0,0
4,24,6,4,1,0,35.71,8,1,0,0,0
0,19,6,5,1,1,77.75,6,1,0,0,0
3,34,4,1,1,0,101.42,3,1,1,0,0
9,25,10,5,0,0,149.55,5,1,0,0,0
0,38,9,3,0,1,112.62,8,1,0,0,0
0,33,9,3,0,1,73.12,4,1,0,0,0
10,18,8,3,0,0,104.59,3,0,0,1,0
0,44,7,5,1,1,62.83,0,1,1,0,0
0,29,5,3,1,1,26.54,1,0,0,0,0
2,27,12,5,1,0,56.47,1,1,0,0,0
0,20,8,4,1,0,72.36,4,1,0,0,1
0,31,9,2,1,0,56.21,6,1,0,0,0
11,18,6,4,1,1,79.59,1,0,1,0,0
1,24,5,4,1,0,29.33,4,1,1,0,0
0,47,1,2,1,0,220.36,5,0,0,0,0
1,18,5,1,1,0,20.97,2,1,0,0,0
0,32,6,5,1,1,39.15,2,0,1,1,0
0,26,4,3,1,1,22.91,8,1,1,0,0
12,19,11,4,0,0,128.69,10,0,0,0,0
6,18,1,3,0,0,52.57,13,0,1,0,0
9,24,12,3,0,1,106.81,5,1,0,0,0
0,42,7,4,1,1,29.22,1,1,0,0,0
6,22,10,5,0,1,48.96,7,1,1,0,0
0,25,2,5,0,0,84.42,13,1,0,0,0
6,18,10,1,1,0,74.66,3,1,0,0,0
0,48,9,3,1,0,239.41,1,1,0,0,0
1,24,1,1,0,1,37.59,12,1,0,0,0
1,33,7,1,1,0,43.84,0,1,0,0,0
8,60,12,5,0,0,2515.41,2,0,0,0,0
3,32,4,3,1,1,81.97,7,1,0,0,0
4,22,7,4,0,1,48.86,2,0,0,1,0
6,31,6,5,1,0,168.35,4,0,0,0,1
7,25,5,5,0,1,89.98,4,0,0,0,0
7,31,10,4,0,1,143.72,5,1,1,1,0
3,38,3,4,1,1,141.06,10,0,0,0,1
14,24,10,5,1,1,290.5,11,1,0,1,0
4,19,5,2,0,0,52.36,5,1,0,1,0
6,19,2,3,0,0,58.8,0,1,0,0,0
3,18,2,5,1,1,23.57,9,0,0,1,0
5,38,5,2,0,1,216.33,3,0,0,0,0
0,34,5,5,0,0,82.91,0,1,1,0,0
3,35,4,5,1,1,86.4,9,0,1,0,0
8,47,11,5,0,0,896.42,10,0,0,0,1
0,30,6,4,1,0,51.48,0,0,0,0,0
3,26,5,2,0,1,58.36,2,1,0,0,0
9,23,11,4,0,0,101.48,7,1,1,0,0
7,23,7,4,0,1,76.99,1,1,0,0,1
0,44,7,2,1,0,139.28,0,1,1,0,0
12,17,3,2,1,0,140.2,1,1,0,0,1
6,17,4,4,1,0,3.04,12,0,0,0,0
2,28,5,2,1,0,61.71,10,0,0,0,0
6,22,2,4,1,1,57.65,1,1,0,0,0
5,23,6,4,0,1,59.3,0,0,0,0,1
4,39,7,3,1,0,59.93,9,0,0,0,0
0,19,8,2,1,1,15.37,0,1,0,0,1
0,20,1,2,1,1,13.35,4,1,1,0,0
3,45,1,3,0,1,301.38,1,1,0,0,0
6,20,11,1,1,1,39.28,3,1,1,1,0
3,21,8,2,1,1,6.63,3,0,0,0,0
6,22,10,4,0,1,48.96,2,1,1,0,0
2,29,7,5,1,0,67.41,9,0,0,0,0
6,33,11,5,0,1,160.03,1,0,0,0,0
12,22,3,3,1,0,61.19,7,1,0,1,0
9,32,6,5,1,0,306.96,14,0,0,0,0
1,51,3,2,1,1,232.49,12,0,1,0,0
3,31,5,4,1,0,96.13,5,0,0,0,0
16,31,12,4,0,1,507.55,5,0,0,0,1
2,22,9,3,0,0,37.18,1,1,1,0,0
4,46,9,5,1,1,85.98,6,1,0,0,0
7,25,1,1,1,0,96.08,8,0,1,0,1
0,29,6,5,1,1,37.04,1,0,0,1,0
9,18,5,1,0,1,50.36,3,1,1,0,0
0,23,6,5,1,1,71.57,0,0,1,0,0
0,43,7,2,1,1,123.18,8,1,0,0,0
2,29,9,4,1,1,52.66,6,0,0,0,0
10,17,10,4,1,0,95.74,10,1,0,0,0
8,29,6,5,1,0,197.21,1,1,0,0,0
2,21,7,1,0,0,41.83,0,1,0,0,0
6,21,2,5,1,0,54.74,8,1,1,0,0
4,18,12,2,0,1,26.22,4,1,1,0,0
2,39,4,5,1,0,130.44,4,0,1,0,0
0,35,1,1,1,1,62.21,0,0,0,0,0
0,36,8,4,1,0,86.83,8,1,0,0,0
8,20,2,3,1,1,84.29,1,0,1,0,1
6,45,2,5,0,1,370.67,5,0,1,0,1
6,17,12,3,0,1,44.22,1,1,0,1,0
6,36,1,1,1,1,62.86,1,0,1,0,0
7,21,2,1,0,1,64.27,6,0,0,0,1
0,32,3,2,0,0,69.65,9,0,1,0,0
4,39,7,5,1,1,179.48,11,1,0,0,0
3,30,5,5,1,1,68.78,2,1,0,0,0
3,38,9,5,1,0,176.37,3,1,0,0,0
0,25,5,3,0,1,36.08,6,1,0,0,0
1,37,1,2,0,1,71.3,4,1,0,0,0
7,20,9,2,1,0,61.47,6,1,0,1,0
3,28,4,1,0,1,69.71,7,1,0,0,0
0,18,9,3,1,0,14.24,6,1,1,0,0
6,33,10,1,1,1,73.46,6,1,0,0,1
1,40,11,2,1,0,146.29,8,1,0,0,0
6,52,8,5,0,1,814.06,9,1,0,0,1
3,29,9,1,1,0,67.02,4,1,1,0,1
0,45,1,2,1,1,19.02,7,0,0,0,0
0,37,9,3,1,1,73.93,4,0,0,0,0
9,32,11,3,0,1,222.14,5,0,0,0,1
14,18,12,2,0,0,156.14,6,0,0,0,1
6,18,7,4,1,1,40.07,2,0,0,0,0
6,37,9,3,0,0,1.55,0,0,0,0,0
3,32,3,5,0,0,126.9,5,1,0,0,0
3,55,3,5,0,1,62.76,1,1,1,0,0
11,45,4,2,1,0,1090.28,1,0,1,1,0
0,24,7,3,1,1,19.16,10,0,1,0,0
7,30,11,4,1,1,144.04,2,0,0,0,1
7,20,3,5,1,1,57.86,12,1,0,1,0
0,37,11,5,1,1,73.93,0,1,0,0,0
6,22,9,2,0,1,60.3,3,0,0,0,0
2,36,11,3,0,0,182.24,3,0,0,1,0
12,27,9,1,1,0,5.54,10,1,0,0,0
5,18,9,1,1,0,21.57,8,1,1,0,0
4,28,11,3,0,1,81.33,7,1,0,0,1
6,22,1,1,0,1,69.72,3,1,0,1,0
5,25,5,3,0,0,88.72,6,0,0,0,0
6,28,9,2,0,1,105.6,10,1,0,0,1
0,31,12,5,1,0,22.84,1,0,1,0,0
5,35,12,2,0,1,167.08,1,1,0,0,0
8,24,6,5,0,1,16.55,11,1,0,0,0
6,30,5,1,0,0,157.53,8,0,0,0,0
0,45,12,1,0,1,165.41,1,0,1,0,0
0,22,4,5,0,0,35.27,5,1,0,0,0
3,48,6,4,1,0,18.81,1,1,1,0,0
0,24,7,1,0,0,43.24,6,1,0,0,1
5,17,4,1,0,0,42.97,11,0,0,0,0
6,58,1,3,0,1,1290.68,2,1,0,0,0
13,35,4,4,0,0,622.32,1,0,0,0,1
4,55,10,4,1,0,867.96,0,0,0,0,0
0,26,10,2,1,0,64.27,12,0,0,0,0
12,40,11,3,0,0,819.28,6,1,0,0,0
4,21,4,1,1,1,26.5,4,0,0,0,1
6,48,6,1,0,0,750.12,12,0,0,0,1
2,24,5,1,1,1,72.01,5,0,0,0,0
1,31,7,1,1,1,1.92,2,1,0,1,0
0,60,1,3,1,0,633.11,1,1,0,0,0
0,32,2,5,1,0,22.91,3,1,0,0,0
0,30,10,4,0,1,28.6,2,0,0,0,0
0,42,11,2,0,1,95.67,3,1,0,1,0
10,34,4,1,0,1,238.94,4,1,1,0,0
5,18,8,4,0,0,38.24,6,1,1,0,0
1,27,3,4,1,1,89.54,3,1,1,0,0
1,31,1,1,0,1,58.15,2,0,1,0,1
4,21,11,3,1,1,36.82,2,1,0,0,0
5,32,10,5,0,0,53.96,1,1,0,0,1
4,30,3,4,1,1,82.25,1,1,0,0,0
5,19,10,4,0,1,40.31,5,1,0,0,0
6,18,9,2,0,0,62.04,3,1,0,1,0
6,25,2,5,0,0,101.09,4,1,0,0,0
0,20,11,4,1,1,13.35,1,1,1,0,0
0,32,5,3,1,1,47.92,2,0,0,0,0
0,23,12,1,0,1,30.15,9,1,0,0,0
0,26,3,2,1,0,29.33,9,1,1,0,0
2,18,11,1,0,1,24.87,8,1,0,0,0
4,54,1,1,0,1,599.02,8,0,1,0,1
0,21,1,5,0,1,25.17,7,1,0,0,0
0,33,5,5,0,0,76,5,1,1,0,0
5,36,7,4,1,1,165.92,2,0,0,0,0
7,51,4,5,1,1,684.2,4,0,1,1,0
0,18,4,1,0,1,15.55,13,1,1,0,0
2,35,12,4,0,1,70.05,8,0,1,1,0
3,19,4,2,1,0,26.68,1,1,1,0,0
7,18,2,5,0,1,48.91,5,1,0,0,1
5,21,9,4,0,0,61.89,11,1,0,0,0
2,21,4,1,0,0,41.83,0,1,0,0,0
1,22,11,4,0,1,73.64,6,1,0,0,0
1,35,2,1,1,0,96.69,3,0,0,0,1
2,34,8,1,1,0,104.45,3,1,0,0,0
14,19,5,4,0,1,130.51,4,0,0,0,0
7,28,10,4,0,1,135.87,0,0,0,1,0
3,23,3,3,0,1,44.61,1,0,0,0,0
6,34,10,3,1,1,166.88,5,0,0,0,0
7,36,3,2,1,0,303.77,6,0,0,0,0
0,23,5,5,0,0,89.19,11,1,0,0,0
13,18,8,2,0,0,108.67,4,0,1,0,0
3,34,3,4,0,1,136.43,5,0,0,1,0
4,35,4,1,0,1,146.63,5,0,0,0,0
10,18,4,2,1,0,107.44,7,0,0,0,1
0,19,3,1,1,1,15.01,3,1,0,0,0
2,23,11,4,0,1,39.15,2,0,0,0,0
6,50,6,1,1,0,825.99,4,1,0,0,0
4,24,3,1,0,1,45.15,7,1,1,0,0
5,20,11,2,1,0,41.8,11,1,1,0,0
1,26,2,4,0,1,44.95,0,0,0,0,0
0,34,12,2,0,1,81.66,2,1,0,0,1
3,33,10,1,1,1,89.44,4,0,0,0,0
6,34,12,5,1,0,213.64,6,1,0,0,0
6,30,8,1,0,1,125.99,1,1,0,0,1
0,25,1,1,1,1,20.95,10,0,1,0,0
2,21,10,2,1,0,32.96,8,1,0,0,0
10,24,4,1,0,0,155.81,8,1,0,0,0
2,31,9,5,1,0,63.13,8,1,1,0,0
0,19,4,1,0,0,31.06,5,1,0,1,0
0,24,2,1,1,1,23.59,3,1,0,0,0
5,17,10,4,0,0,34.89,2,0,1,0,0
3,27,9,1,1,1,97.55,0,1,0,1,0
3,20,1,1,0,0,35.35,1,0,1,0,0
0,25,4,5,0,1,33.87,4,1,1,1,0
4,30,5,4,0,1,76.96,2,0,1,0,0
6,24,11,3,1,0,90.47,0,0,0,0,1
8,18,1,2,0,1,93.22,2,0,0,0,0
0,21,10,3,1,1,18,7,0,0,0,0
1,22,5,2,0,1,25.49,13,0,1,0,0
4,18,11,5,0,0,41.33,5,0,0,0,0
2,18,2,1,1,1,19.71,0,1,0,1,0
1,42,1,5,1,1,98.16,7,1,0,0,0
10,20,11,1,0,0,32.43,5,1,1,0,0
2,38,4,4,1,0,119.75,5,0,1,0,0
1,28,7,3,0,1,53.69,4,0,0,0,0
9,20,4,3,0,1,74.42,4,1,0,0,0
8,21,7,5,0,0,7.72,1,0,0,0,0
0,32,3,1,1,0,49.81,2,1,1,0,0
8,18,1,1,1,0,51.9,1,0,0,0,0
5,19,11,5,1,1,30.52,11,1,1,0,1
0,26,7,4,0,1,39.45,3,0,0,0,0
5,27,7,4,0,1,82.83,0,0,0,0,0
9,22,4,5,0,0,132.04,8,1,0,1,0
4,22,9,2,1,1,18.44,3,1,1,0,0
6,40,5,5,1,0,357.84,5,0,0,0,0
15,17,9,2,0,0,131.81,5,0,1,0,1
9,17,9,1,1,0,80.54,4,1,0,1,0
6,26,6,2,0,0,110.53,0,1,0,0,0
1,32,7,5,0,0,81.26,1,0,1,0,1
6,26,5,1,0,1,88.4,2,1,0,0,1
4,27,5,4,1,0,65.97,4,0,1,1,0
9,20,2,1,0,1,74.42,0,1,0,0,0
0,19,10,4,1,0,19.21,2,0,0,0,0
3,24,2,4,0,1,39.63,2,1,1,0,0
1,40,7,3,1,1,114.27,5,0,0,0,0
6,36,10,3,0,1,239.97,7,0,0,1,0
8,58,7,2,0,0,1783.47,7,0,1,0,1
0,44,12,4,1,1,108.8,2,1,1,0,0
6,28,10,3,0,1,51.38,13,0,1,0,0
8,29,3,2,1,1,154.05,5,1,0,0,0
4,18,10,4,1,1,91.46,1,1,1,0,0
10,29,2,1,1,0,234.48,8,0,1,0,1
8,24,12,2,1,1,98.71,9,0,0,0,0
14,28,2,3,0,0,375.2,13,1,0,0,0
3,47,11,2,1,1,301.44,2,1,0,0,1
6,42,5,2,1,1,31.05,3,0,0,0,1
5,33,11,4,0,1,116.76,9,1,1,0,1
0,42,7,4,0,1,33.97,1,1,0,0,1
6,18,4,5,1,1,40.07,4,0,0,0,0
3,27,3,4,1,1,81.12,4,1,1,0,0
0,18,6,1,1,1,65.88,1,0,0,0,1
6,25,7,2,0,0,82.08,5,1,1,0,0
6,29,9,3,0,0,144.24,4,1,0,0,0
14,18,3,1,1,1,171.66,2,0,0,0,1
7,25,2,5,0,0,133.17,5,1,0,1,0
6,36,4,3,1,1,198.42,6,0,0,0,0
4,20,2,2,0,1,32.21,7,1,1,0,1
2,24,8,1,0,0,44.52,2,1,1,0,0
2,29,2,3,1,0,67.41,5,0,0,0,0
9,41,7,3,1,0,544.28,12,1,1,1,0
2,21,3,2,0,0,33.97,12,0,1,0,0
0,33,3,5,0,0,108.22,4,0,0,1,0
6,31,1,5,0,0,172,4,0,0,0,0
11,38,7,4,0,1,393.63,5,1,1,0,1
12,23,10,5,0,1,120.08,4,0,1,0,1
8,33,9,2,0,1,207.77,9,0,0,0,0
4,21,4,2,1,0,47.14,8,1,0,0,0
7,19,7,3,1,1,38.13,0,1,0,0,0
0,28,9,4,0,1,47.12,7,1,0,0,0
2,31,10,2,0,1,81.6,2,0,0,0,1
3,50,3,2,0,1,13.47,4,1,1,1,0
0,19,8,3,0,1,24.26,1,0,0,1,0
3,33,8,1,0,1,125.06,2,0,0,1,0
5,24,6,4,1,0,74.33,3,0,0,1,0
2,40,10,5,1,1,136.66,1,0,0,0,0
3,26,1,3,1,0,61.78,3,1,0,0,0
6,17,6,3,1,1,76.56,8,0,0,0,0
0,21,1,4,0,0,26.79,5,1,1,0,1
11,19,5,1,1,1,33.19,9,0,0,0,1
12,53,1,2,0,0,83.2,7,0,0,0,0
1,30,8,1,1,1,49.24,11,1,0,0,1
4,18,3,3,1,0,35.87,7,1,0,0,0
5,18,7,2,1,1,33.51,2,0,0,0,0
9,20,4,1,1,0,12.52,3,0,1,0,1
6,40,1,5,1,1,226.97,4,0,1,0,0
1,53,10,1,0,1,56.8,3,1,0,1,0
7,21,4,2,0,1,44.84,7,0,0,0,0
8,18,5,4,1,0,45.62,7,1,1,0,0
2,43,2,4,1,1,176.18,1,0,0,0,0
4,18,9,2,1,1,59.44,6,1,0,0,0
2,22,8,4,1,0,60.59,4,0,1,1,0
1,19,7,2,1,0,18.66,6,1,1,0,0
0,22,8,4,0,1,22.91,0,1,1,0,1
2,21,4,1,0,1,26.53,2,1,1,0,0
7,17,1,2,0,0,55.79,7,0,0,0,0
6,33,4,1,0,0,166.34,3,0,1,0,0
0,25,9,3,0,0,46.19,2,0,0,0,0
0,24,2,2,0,1,32.99,2,0,0,0,0
8,31,11,2,1,1,184.8,2,0,0,1,0
3,37,8,3,0,1,152.92,0,0,0,0,0
0,35,3,3,0,1,86.98,2,0,0,0,0
8,22,11,4,1,1,46.94,4,0,0,0,1
2,23,1,1,1,1,25.04,3,1,1,0,0
4,37,3,3,0,0,8.02,7,1,0,0,0
5,32,4,2,1,1,25.69,2,0,1,0,1
2,26,11,5,1,1,42.73,7,1,0,1,0
4,53,3,5,0,0,850.48,6,1,0,0,0
3,51,6,5,1,0,4.56,11,1,0,0,0
2,47,1,4,1,0,322.68,7,0,0,0,1
3,24,8,1,0,1,48.8,10,1,0,0,0
8,23,6,1,0,1,99.06,4,1,0,1,0
4,34,3,3,0,1,75.66,2,0,0,0,1
6,50,3,1,0,1,780.34,10,0,0,1,0
6,19,1,4,1,1,69.47,7,0,0,0,0
0,39,11,5,1,1,40.82,1,0,0,0,0
8,52,2,4,1,0,1129.93,2,1,1,0,0
6,46,4,2,0,1,484.69,3,0,0,0,0
13,37,12,4,0,0,586.45,0,1,1,0,0
7,20,4,5,0,0,59.58,0,1,1,0,0
4,36,3,3,0,0,21.08,4,1,0,0,0
3,20,2,2,0,1,34,4,1,0,0,0
2,27,12,5,1,1,36.03,3,1,1,1,0
0,44,9,1,1,0,171.53,3,0,0,0,0
0,19,5,1,0,1,41.06,11,1,0,1,0
0,37,9,3,1,1,73.93,3,1,0,0,0
1,28,9,3,0,0,95.7,2,1,0,0,0
0,35,4,4,0,1,86.98,8,1,0,0,0
2,36,10,3,0,1,126.07,0,0,0,0,1
0,34,7,2,0,1,65.17,1,0,0,0,0
0,53,5,3,1,0,299.99,8,1,1,0,1
0,38,11,1,1,1,80.55,10,1,0,0,0
9,28,9,3,0,0,91.63,8,1,0,0,0
6,34,6,1,1,0,173.47,9,1,1,0,0
0,27,1,2,1,1,30.84,4,1,0,0,0
7,47,10,4,0,0,59.66,10,0,0,0,0
5,42,11,3,0,1,351.54,1,0,0,1,0
1,27,6,4,0,0,64.4,11,0,0,0,1
0,21,7,1,1,1,18.43,3,1,0,0,1
8,37,6,5,0,1,293.72,3,1,0,0,0
6,24,2,3,1,0,88.89,10,1,0,1,0
6,20,9,5,0,0,52.29,1,1,1,0,0
9,29,9,3,0,0,218.49,7,0,0,0,1
2,28,6,2,0,1,61.18,6,1,0,0,0
7,42,3,2,0,0,584.29,12,1,0,1,0
6,19,11,2,0,1,47.02,3,1,0,0,1
6,31,3,5,0,1,134.36,2,0,0,0,0
5,24,12,5,0,1,73.26,0,1,0,1,0
0,38,7,3,0,1,30.64,3,1,1,0,0
0,35,1,2,0,1,39.61,2,0,1,0,0
6,37,10,1,0,0,289.61,6,1,0,0,0
5,45,1,4,1,1,356.41,2,0,0,0,0
0,50,12,2,1,1,19.34,8,0,1,0,0
1,29,4,4,1,1,35.97,3,1,1,1,0
9,21,12,1,1,0,116,7,1,0,1,0
5,20,8,4,0,0,57.87,7,0,0,0,1
0,39,8,4,0,0,127.52,3,1,1,0,0
0,31,7,4,1,1,35.87,5,0,1,1,0
10,21,7,3,0,1,107.36,4,1,0,1,0
9,40,1,5,0,0,553.79,6,1,0,0,0
3,20,5,2,0,0,40.87,9,0,1,1,0
0,21,11,1,1,1,18.43,2,1,0,0,1
8,21,7,2,0,1,71.52,3,0,0,0,0
1,19,1,5,0,0,64.82,4,1,1,0,0
1,22,5,2,0,1,25.49,8,1,1,0,0
6,37,4,3,0,1,226.23,0,1,0,0,0
3,23,3,4,1,0,47.5,5,0,0,1,0
7,21,3,1,1,0,82.54,7,1,0,0,1
0,34,1,5,1,1,46.32,2,1,1,0,0
6,36,9,3,1,0,254.01,1,1,0,0,0
7,48,8,2,0,0,834.8,4,0,0,0,0
8,18,9,3,0,0,89.17,3,1,1,1,0
4,23,12,4,0,1,58.76,0,0,0,1,0
0,21,9,1,1,0,23.04,6,0,0,0,0
2,34,4,1,0,1,103.56,11,1,0,0,0
8,18,2,3,0,1,54.43,7,0,0,0,0
2,19,9,2,0,1,27.25,1,1,0,0,0
0,32,4,2,0,1,67,3,1,0,0,0
4,35,8,5,0,1,146.63,5,1,0,0,0
6,23,3,3,1,1,63.09,8,1,0,0,0
6,37,6,4,1,0,276.85,1,1,0,0,0
13,28,3,3,0,1,263.35,14,1,0,0,1
0,21,9,2,0,0,32.22,7,0,0,0,0
3,31,10,2,0,0,116.26,5,1,0,0,0
1,28,5,2,0,0,96.82,5,0,1,0,0
2,33,9,1,0,0,98.68,7,0,1,0,0
0,19,3,2,1,1,15.01,1,0,0,0,0
1,20,11,1,1,1,19.66,1,1,0,0,0
3,23,12,5,1,1,36.88,1,0,0,0,0
0,18,11,4,0,1,19.15,10,1,0,0,0
4,18,6,4,1,1,28.19,1,1,0,1,0
5,38,11,3,0,0,224.87,5,1,1,0,0
8,18,3,2,0,0,71.34,7,1,0,0,1
6,19,12,1,0,1,45.93,7,1,0,0,0
0,21,4,3,0,1,25.17,3,0,0,0,0
10,18,11,5,0,1,66.34,14,0,1,1,0
8,40,7,5,0,0,4.8,1,1,1,0,0
5,28,12,3,0,0,115.87,0,1,0,0,0
6,29,12,3,0,1,76.77,4,1,0,0,0
5,21,2,5,1,1,36.61,2,0,1,0,1
6,43,1,5,0,0,482.57,14,1,0,0,0
0,18,3,4,0,0,28.35,0,1,0,1,0
1,28,9,5,0,1,53.69,1,1,0,0,0
6,27,3,5,1,1,90.22,11,1,0,0,0
2,17,10,3,0,1,23.23,3,1,0,0,1
3,19,9,1,0,1,15.52,3,1,0,0,0
8,44,6,5,0,0,787.93,9,0,0,1,0
1,23,4,4,0,1,8.14,4,0,1,0,1
0,23,5,3,0,1,30.15,4,1,0,0,0
12,21,5,1,0,0,154.34,4,0,0,0,0
5,25,12,4,0,0,90.84,14,1,0,0,1
3,25,2,4,1,1,44.14,10,1,0,0,0
2,61,3,4,1,0,795.77,1,1,1,0,0
0,47,1,2,0,1,82.58,5,0,1,0,0
2,28,1,4,1,0,61.71,6,1,0,0,0
0,29,8,4,0,0,53.51,1,1,1,0,0
7,54,6,3,1,0,1369.16,2,1,0,0,0
2,29,9,5,1,0,32.41,1,1,1,0,1
6,18,12,4,0,1,42.92,2,0,0,0,1
1,43,1,2,0,1,226.89,1,0,0,1,0
3,18,9,3,1,0,30.17,3,1,0,1,0
6,25,10,4,1,0,59.28,7,1,0,0,0
5,48,11,4,0,1,407.81,1,1,1,0,0
6,30,12,5,1,1,95.52,3,0,1,0,0
2,21,11,3,1,0,33.16,13,1,0,1,0
4,22,4,1,0,0,59.46,10,1,0,0,0
4,18,2,3,1,1,28.19,2,1,0,1,0
4,39,7,1,1,0,229.76,2,1,0,0,0
8,25,5,3,1,0,138.21,6,1,0,0,0
0,28,1,5,1,0,43.15,11,1,0,0,0
6,31,11,1,1,1,129.21,5,1,0,1,0
9,24,9,3,0,0,111.03,0,1,1,0,0
9,23,9,4,0,0,124.98,14,0,0,0,0
7,28,9,1,0,1,117.52,4,0,0,0,0
6,26,12,4,0,0,110.53,2,0,0,0,0
3,41,5,3,1,0,229.14,6,1,0,1,0
1,23,8,1,0,0,36.56,3,0,1,0,1
0,21,6,5,0,0,32.22,0,0,0,0,0
8,31,1,1,1,0,192.09,6,1,1,1,0
5,31,7,1,0,0,150.95,4,1,0,0,0
7,42,4,2,0,1,456.42,0,1,0,1,0
6,23,10,3,0,1,65.99,4,0,0,0,0
2,23,5,1,0,1,39.15,3,0,0,0,0
6,33,7,1,0,0,166.34,4,0,1,0,0
11,24,2,5,0,1,138.68,2,0,0,0,0
4,38,9,4,0,1,189.85,1,0,0,0,0
5,28,11,1,0,1,90.51,2,0,0,0,0
5,26,8,4,0,0,97.01,10,1,0,0,0
6,21,5,1,0,1,55.09,6,1,0,0,0
0,19,3,4,0,1,20.98,8,1,0,0,0
2,30,8,4,0,1,59.27,7,1,1,0,0
4,25,5,5,0,0,71.83,1,1,1,0,1
1,43,7,4,1,0,153.13,4,1,1,0,0
0,25,11,5,1,0,27.46,9,1,1,0,1
8,33,4,1,0,0,265.98,7,1,0,0,0
0,40,7,5,1,1,95.55,0,0,0,0,0
6,30,10,5,1,1,53.62,12,1,0,0,0
1,21,1,1,0,1,28.68,1,0,0,0,0
7,22,7,2,1,1,56.31,1,1,1,1,0
1,35,1,3,1,1,60.81,8,1,0,0,1
0,40,2,3,0,0,64.06,12,0,1,0,0
0,28,12,3,0,0,59.42,7,1,0,0,0
2,28,3,1,1,0,61.71,10,1,0,0,0
8,28,2,4,0,0,171.43,1,1,0,0,0
2,17,11,1,1,1,14.52,3,0,1,0,0
6,25,6,5,1,1,56.54,1,1,0,0,0
0,21,7,1,1,1,18,4,0,0,0,0
7,18,9,5,0,1,55.22,4,1,0,1,0
0,43,8,3,1,1,54.39,12,0,0,0,0
9,20,10,3,0,0,95.28,3,0,0,0,0
4,52,7,3,0,0,783.94,3,0,0,0,0
4,22,2,3,1,0,51.6,11,1,0,0,0
1,48,10,4,1,1,55.25,4,0,0,0,1
0,22,9,1,1,1,16,7,1,1,0,0
8,22,4,4,1,1,82.44,4,0,0,0,0
4,22,2,5,1,1,73.64,2,0,0,0,1
8,22,12,1,0,0,100.23,1,1,0,0,0
0,19,11,1,0,1,17.04,1,0,1,0,0
0,35,12,1,0,1,35.24,7,1,1,0,0
6,23,3,5,0,1,65.99,4,1,0,0,0
0,19,12,2,1,1,36.96,4,0,0,0,0
4,17,6,4,0,1,29.46,13,1,0,0,0
0,44,8,3,1,1,108.8,14,1,1,0,0
12,19,12,1,0,1,100.52,5,0,0,0,0
4,30,11,3,0,1,94.78,8,1,0,0,0
0,31,1,2,1,0,56.21,2,0,0,0,0
8,21,4,3,0,1,12.12,9,1,0,0,1
9,37,4,3,0,0,356.19,5,1,1,0,1
8,44,11,2,0,1,545.06,2,1,0,0,1
4,40,6,5,0,1,225.21,4,1,0,0,0
3,40,11,4,1,1,8.66,2,0,1,0,0
3,50,9,1,1,0,54.84,1,1,1,0,0
7,26,6,3,1,0,102.6,11,0,1,0,0
7,45,12,3,0,0,95.25,5,0,1,0,1
8,35,12,2,0,1,28.84,1,1,1,0,0
3,36,2,2,0,0,179.61,7,1,0,0,0
11,27,8,5,1,0,234.89,5,1,1,0,1
0,49,7,4,1,1,203.13,4,1,0,0,0
1,24,4,2,0,1,37.59,1,0,0,0,0
5,30,6,3,1,1,98.37,7,1,0,0,0
7,27,6,4,0,1,107.54,5,1,0,0,0
3,21,1,2,0,0,47.67,8,0,0,0,0
5,42,9,2,1,0,58.3,2,1,1,1,0
6,38,3,2,0,1,200.15,2,1,1,0,0
4,20,2,1,0,1,32.21,14,0,1,0,1
3,22,12,2,0,1,47.13,0,1,0,1,0
0,43,3,5,0,1,199.13,5,0,0,1,0
4,29,8,4,1,1,75.31,6,0,0,0,0
2,18,12,1,0,1,24.87,5,1,0,0,0
0,36,10,3,1,1,67.83,0,1,0,0,0
1,22,8,2,0,1,25.92,4,1,0,0,0
6,23,4,2,0,0,30.07,3,0,0,0,1
6,46,1,1,0,0,620.49,1,0,0,0,0
0,38,3,1,1,1,15.81,4,1,0,0,0
7,35,6,4,0,0,225.49,2,1,1,0,0
11,43,10,4,0,1,587.92,7,1,1,0,0
5,57,8,5,0,1,1045.61,3,1,0,0,0
5,46,6,1,0,1,27.73,4,0,0,0,0
2,26,8,5,1,0,51.66,1,1,0,0,0
6,60,9,1,0,1,1549.5,11,1,0,0,1
2,29,8,1,1,0,12.76,9,0,1,0,0
0,20,2,1,0,1,22.98,5,1,0,0,0
0,41,1,4,1,0,25.15,4,1,0,0,0
12,31,1,3,0,0,45.75,5,1,0,0,0
6,27,7,3,0,0,120.82,5,1,0,0,0
3,42,4,3,1,1,46.43,2,0,1,0,0
3,34,12,1,1,0,3.45,10,0,0,0,0
2,24,3,1,0,1,49.52,1,0,0,1,0
3,18,12,3,0,1,26.6,14,1,1,1,0
4,24,8,3,0,1,56.93,13,0,0,0,1
9,31,11,4,1,1,219.68,12,1,0,0,0
7,17,10,5,0,1,43.58,4,0,0,0,0
2,29,12,1,0,0,98.93,7,1,0,1,0
4,25,9,2,0,1,62.27,2,1,0,0,1
4,24,11,5,0,1,48.95,7,1,1,0,0
0,26,4,4,0,1,40.39,9,1,0,0,1
3,35,1,4,0,1,131.76,2,0,0,0,1
6,21,1,5,0,0,57.26,8,0,1,0,0
0,40,9,1,1,0,8.97,6,0,0,0,0
5,23,12,1,0,0,85.72,9,0,0,1,0
3,21,5,5,1,0,39.65,10,1,0,1,0
0,42,3,2,0,1,148.6,0,1,1,1,0
6,23,9,5,0,1,53.58,7,0,1,0,0
6,32,11,1,1,0,145.73,2,0,1,0,0
12,21,1,1,0,1,120.56,3,0,0,0,0
3,25,3,4,0,1,43.34,5,0,1,0,0
8,21,9,4,0,0,91.56,1,1,0,0,0
2,40,10,1,1,1,137.48,3,1,0,1,0
3,28,4,3,0,0,72.47,3,0,1,0,0
0,26,8,1,1,1,28.39,1,1,0,1,0
6,60,2,3,0,1,1513.38,4,1,0,0,0
2,25,10,1,0,1,38.04,1,1,1,0,0
0,25,3,4,1,1,98.42,3,1,0,0,0
7,36,9,2,0,1,236.51,5,0,0,0,0
1,38,11,5,1,1,78.22,4,1,1,0,0
7,19,1,5,0,1,52.33,2,0,0,0,0
6,33,6,5,1,0,200.51,2,1,0,0,1
0,38,7,4,1,1,65.41,4,0,1,0,0
7,43,3,4,1,1,55.33,1,0,1,1,0
6,26,1,3,1,0,105.67,8,1,0,0,0
6,21,11,5,1,0,67.82,5,1,0,1,0
8,36,7,5,1,1,290.55,7,1,0,0,1
5,21,3,3,0,0,50.25,1,1,1,0,0
0,48,4,2,1,1,191.48,0,1,0,0,1
4,27,10,2,1,1,63.09,8,0,0,0,0
7,20,8,3,0,0,73.38,3,1,0,0,0
2,37,3,3,0,1,134.2,4,0,0,0,0
0,33,7,4,1,1,42.72,3,1,1,1,0
8,33,6,1,0,0,25.43,8,1,0,0,0
0,30,10,4,1,1,40.21,7,1,0,0,0
12,31,10,2,0,0,376.45,10,1,0,0,0
4,30,6,1,0,0,121.33,1,1,0,0,0
0,31,9,1,1,0,45.64,12,1,1,0,0
0,30,11,3,0,1,52.43,3,1,1,0,0
3,24,2,3,1,1,42.1,14,1,1,0,0
4,19,2,3,0,1,36.22,6,1,0,0,1
3,18,9,1,1,0,24.35,5,1,1,0,0
2,18,7,3,0,1,24.87,3,1,0,0,0
10,35,7,1,0,1,59.85,3,0,1,0,0
3,42,5,1,0,1,239.77,3,0,0,0,1
3,18,2,2,0,0,16.23,5,0,1,0,0
4,32,7,5,1,0,98.65,5,0,1,0,0
0,27,3,5,1,1,25.19,3,1,1,1,0
10,17,8,3,0,1,64.48,6,1,0,0,0
2,27,11,4,1,0,46.13,8,0,1,1,0
12,20,2,5,0,0,162.96,12,1,0,1,0
9,29,9,4,0,0,86.96,3,1,1,1,0
0,21,9,1,0,1,20.44,2,0,1,0,0
0,24,8,4,0,1,27.42,4,0,1,0,1
4,19,2,3,0,1,35.37,3,1,0,0,0
5,21,11,1,1,0,29.93,13,0,1,0,0
0,37,5,3,1,1,60.03,13,1,1,0,0
2,30,8,3,0,1,73,6,0,0,0,0
3,24,2,5,0,0,62.47,7,1,0,0,0
0,27,9,5,0,1,35.01,1,0,1,0,0
9,19,9,5,0,1,67.95,1,0,0,0,0
0,32,5,4,1,0,96.65,8,1,1,0,1
8,42,7,2,1,1,386.93,8,0,1,1,0
9,33,9,3,0,0,303.07,0,1,0,0,0
7,41,3,1,0,0,464.35,0,1,0,0,0
3,24,8,5,1,0,86.83,1,1,0,0,1
4,22,9,1,0,0,68.74,6,1,0,1,0
0,43,6,1,0,1,161.68,4,0,1,1,0
3,22,10,1,0,1,33.1,3,1,1,0,0
0,25,1,2,1,1,25.8,2,0,0,0,0
5,27,7,5,0,1,68.86,7,1,1,0,1
6,26,10,1,0,1,86.34,4,1,0,0,0
12,29,2,2,0,0,256.34,9,1,1,0,0
4,27,11,2,0,0,81.96,3,1,0,1,0
3,19,1,3,0,0,45.95,11,0,0,1,0
0,31,5,5,1,0,82,2,0,0,0,0
4,25,5,1,0,1,62.27,6,0,0,0,1
13,18,2,5,0,0,108.67,2,1,1,0,0
7,17,8,4,0,0,52.38,5,1,1,1,0
0,19,3,2,1,1,15.01,5,0,0,0,0
9,24,4,4,1,0,45.02,2,1,0,0,0
8,21,9,4,0,0,91.56,3,1,0,0,0
6,25,9,1,1,0,98.94,2,0,0,0,1
1,40,10,3,1,0,35.49,1,1,0,0,0
13,22,7,2,0,0,192.52,9,1,0,0,0
6,24,9,5,1,0,71.74,10,1,1,0,0
10,20,5,3,0,0,108.56,5,1,0,0,0
12,27,3,1,0,0,214.72,1,1,1,0,0
12,29,1,3,1,0,403.37,0,0,0,0,0
0,22,5,4,0,1,22.37,0,1,1,0,0
2,22,5,5,1,0,36.08,3,0,0,0,0
0,27,11,2,1,0,32.06,8,0,1,0,0
6,20,4,4,0,0,64.4,6,1,0,0,0
8,20,11,5,1,1,68.78,5,1,0,0,0
5,24,5,4,1,0,74.33,3,1,0,1,0
1,26,11,1,1,1,33.74,2,1,0,0,0
8,26,1,3,1,1,118.05,2,0,0,0,0
3,19,6,4,1,1,26.28,5,0,0,0,1
1,32,10,1,0,1,30.39,13,1,0,0,0
0,19,5,3,1,0,19.21,13,0,0,0,0
6,19,12,4,0,0,58.8,5,1,0,0,0
9,26,12,5,0,0,163.52,3,1,0,0,0
2,34,11,2,1,0,104.45,0,0,0,0,0
0,33,4,1,0,1,59.37,12,1,1,0,0
3,19,9,5,1,1,33.96,1,0,0,0,1
9,23,3,4,0,1,79.27,4,1,1,0,0
4,24,6,5,0,0,71.19,11,0,0,0,0
1,19,2,2,0,1,24.48,12,1,0,0,1
0,21,1,5,1,1,90.52,2,0,1,0,0
0,26,5,1,0,0,50.5,1,1,0,0,0
3,46,1,1,1,0,288.32,1,1,1,0,1
5,25,6,2,0,0,88.72,2,1,0,0,0
1,20,6,4,1,1,69.11,1,1,1,0,0
0,24,10,3,0,1,32.99,1,0,0,0,0
6,20,5,4,0,1,47.24,7,1,0,0,1
0,27,9,1,0,1,49.86,1,1,0,1,0
4,23,9,3,1,0,56.47,6,1,0,0,0
4,32,5,4,0,1,130.59,1,0,0,1,0
2,20,8,4,1,1,19.55,1,1,1,0,1
1,55,7,3,1,0,510.53,0,1,0,1,0
6,23,2,4,1,1,63.09,1,1,0,0,0
3,37,4,2,0,0,195.76,1,1,0,0,0
12,40,11,1,0,1,71.78,4,0,0,1,0
8,39,4,5,1,1,298.08,14,0,1,0,0
1,25,4,2,0,1,41.11,7,0,0,0,0
2,23,10,4,1,0,32.06,3,0,1,0,0
3,23,12,2,1,1,30.13,1,1,1,1,0
1,38,3,2,1,0,123.32,7,0,0,0,0
6,19,6,2,0,0,58.8,5,0,0,0,0
4,46,6,5,1,0,414.74,11,1,0,0,0
10,41,9,3,0,1,549.43,1,0,0,0,1
0,49,6,2,1,1,165.93,2,1,1,1,0
2,33,1,1,1,0,98.03,5,0,0,0,1
2,19,11,3,1,0,22.31,9,1,1,0,0
0,24,12,3,0,1,32.99,4,1,0,0,0
0,22,12,4,1,1,53,2,0,0,0,0
0,18,8,5,1,1,11.39,1,0,1,0,1
0,32,7,5,0,0,69.65,8,0,1,0,0
0,26,9,3,1,1,28.22,3,1,0,0,0
4,19,7,2,1,0,66.56,11,0,0,0,0
9,21,2,3,1,0,118.05,1,1,0,0,1
2,23,6,2,1,1,30.84,4,0,0,0,0
6,25,5,1,0,0,101.09,1,1,0,0,0
6,21,6,1,1,0,56.04,3,0,1,0,1
3,26,11,3,0,0,58.4,13,0,0,0,0
7,22,5,2,1,1,56.31,3,1,1,1,0
10,28,2,4,0,0,257.33,8,0,0,1,0
3,47,1,5,0,0,370.1,6,0,1,0,0
2,23,1,5,1,1,25.04,1,1,1,0,0
2,17,8,5,0,1,7.9,9,0,0,0,0
1,43,6,2,1,1,147.32,1,1,0,0,0
1,36,1,2,0,0,60.73,5,0,0,1,0
11,18,4,2,1,1,66.31,3,1,0,0,0
9,27,3,5,0,0,167.8,5,0,1,1,0
0,19,5,1,0,1,24.26,4,0,0,1,0
6,22,9,1,0,1,60.3,12,1,0,0,0
6,21,1,4,1,1,43.02,12,0,1,1,0
6,33,12,2,1,0,195.84,5,1,0,0,0
0,32,8,3,0,1,55.7,7,0,1,0,1
0,21,6,3,0,1,20.44,2,1,1,0,0
0,45,10,5,1,0,151.45,8,0,1,0,0
0,42,2,4,1,0,117.68,9,1,1,0,0
7,32,12,2,0,0,213.92,5,1,0,0,0
12,35,12,4,0,1,416.68,6,1,0,0,0
2,45,5,5,1,0,266.76,7,0,0,0,0
1,18,1,1,0,1,17.72,7,0,1,0,0
13,26,8,5,0,0,54.37,6,0,0,0,0
0,39,3,5,1,1,87.75,3,1,0,0,0
3,24,10,3,1,1,32.77,7,1,1,0,0
2,34,12,3,0,1,97.22,8,1,1,1,0
3,29,10,3,0,1,76.16,5,0,0,0,0
3,17,6,3,1,0,4.57,5,1,0,1,0
7,20,4,3,0,1,57.32,3,0,0,0,0
2,31,2,4,1,0,84.24,3,0,0,1,0
0,18,10,4,1,0,17.54,11,0,0,0,0
3,40,4,2,0,1,197.65,8,0,0,0,0
9,27,1,4,0,1,90.7,6,1,0,0,0
5,19,4,5,1,0,38.16,6,1,1,0,0
8,22,9,3,1,0,11.68,3,1,1,0,0
2,37,12,2,1,0,4.33,7,0,1,0,0
4,19,4,2,0,1,35.37,8,1,0,0,0
2,34,11,3,0,1,23.46,10,0,1,0,0
0,47,7,3,1,1,139.77,2,0,1,0,0
9,27,4,1,0,1,142.96,11,0,0,0,1
0,36,4,4,0,0,121.4,12,1,0,0,0
0,17,3,4,0,1,14.19,4,1,1,0,0
0,21,1,1,0,1,25.17,11,0,0,0,0
6,40,4,4,0,1,292.4,4,1,0,0,0
2,22,6,4,0,1,29.05,8,1,1,0,0
13,30,12,4,0,0,326.62,5,0,1,0,1
6,21,2,2,0,0,72.2,3,1,0,0,1
6,27,4,4,0,1,88.6,1,1,1,1,0
0,33,12,2,1,0,6.82,0,1,0,0,0
12,35,7,5,0,0,533.42,1,0,0,0,0
0,28,2,3,0,1,47.97,9,1,1,0,0
9,40,2,5,1,0,626.65,12,0,0,0,1
6,21,7,4,1,0,67.41,5,1,0,0,0
10,26,2,3,0,1,145.55,5,1,0,0,0
12,44,11,1,0,0,1328.24,3,1,0,1,0
2,27,6,2,0,1,52.56,2,0,1,1,0
0,18,8,3,0,1,15.55,9,1,1,0,0
9,22,7,4,1,1,100.95,12,1,0,0,1
9,42,11,2,1,0,725.18,2,0,0,0,0
6,43,6,5,1,1,87.94,5,0,1,1,0
11,21,10,1,1,0,7.79,1,1,1,1,0
7,41,12,5,0,1,340.51,0,0,1,1,0
0,27,2,5,1,0,32.06,3,1,1,0,0
4,19,5,4,1,1,30.88,10,1,0,1,0
4,18,5,5,1,0,29.3,0,0,1,1,0
1,51,4,3,0,1,381.43,3,0,0,0,0
0,36,8,3,1,1,55.07,5,0,1,0,0
1,21,11,1,0,0,29.81,4,1,1,0,0
1,41,5,1,0,1,155.58,6,0,1,1,0
0,56,10,2,0,1,407.89,11,1,1,0,0
3,23,12,1,1,0,47.22,2,0,0,0,0
12,28,1,4,1,0,371.46,11,1,0,1,0
12,20,12,5,1,0,180.1,12,1,0,0,0
11,36,3,4,1,1,485.36,2,1,0,0,0
4,26,12,3,0,1,54,1,0,1,0,0
0,18,4,3,0,0,24.52,5,0,0,0,0
13,27,11,5,0,0,60.41,6,0,0,0,0
2,17,5,2,0,1,18.42,7,1,1,0,0
2,43,10,2,1,1,180.38,6,1,0,0,1
6,21,2,5,0,1,55.09,1,0,0,0,0
0,21,3,2,0,0,32.99,1,0,0,0,1
12,19,6,2,0,0,128.69,6,1,0,0,0
7,42,5,3,0,0,505.37,11,0,0,0,0
2,17,6,1,1,1,18.3,8,1,0,0,1
4,31,10,4,0,1,84.02,10,1,1,0,0
1,41,5,3,0,1,134.57,1,1,1,0,0
12,20,2,4,0,0,140.95,3,1,0,0,0
2,27,10,2,0,1,52.56,4,1,1,1,0
3,18,9,4,1,1,23.43,2,1,0,0,0
3,20,10,5,1,0,49.25,2,1,1,0,0
6,24,7,1,0,1,40.77,3,1,1,0,0
7,32,11,5,1,1,171.66,5,1,0,0,1
0,46,6,3,1,0,203.99,0,0,0,1,0
2,23,7,1,0,0,40.69,8,0,1,0,0
7,29,10,5,0,1,44.56,6,0,0,0,1
9,24,2,2,1,1,28.84,0,0,0,0,0
7,20,1,1,1,1,57.86,5,0,0,1,0
3,25,5,2,1,1,91.67,1,1,0,1,0
12,30,12,1,0,0,86.39,11,0,0,0,1
4,22,2,2,1,1,32.73,9,1,1,0,0
1,44,12,3,1,1,160.24,3,0,0,0,0
3,18,7,4,1,0,61.63,4,1,0,0,0
1,38,8,1,0,1,88.8,3,0,0,1,0
0,45,6,5,0,0,211.75,6,0,1,0,0
1,34,12,3,0,1,85.32,7,0,1,1,0
2,31,12,4,1,1,62.79,8,0,0,0,0
0,52,7,4,1,1,35.81,0,1,1,1,0
0,22,9,3,0,0,35.27,5,0,0,0,0
0,31,10,5,1,0,56.21,4,1,0,0,0
8,40,5,1,0,0,486.01,1,0,0,0,0
6,24,6,3,0,1,72.2,2,0,0,0,0
9,37,6,3,1,0,384.48,4,1,1,0,0
5,41,1,1,0,1,279.37,2,0,0,0,0
2,19,12,1,1,0,27.48,7,0,0,0,0
0,49,11,5,1,1,164.93,1,1,1,0,0
0,44,10,3,1,1,108.8,3,0,1,0,0
8,20,4,3,0,1,65.32,12,1,0,0,0
1,25,12,2,0,0,49.41,8,1,1,1,0
6,19,2,5,0,0,47.74,11,1,1,0,0
12,21,8,5,0,0,154.34,6,0,0,0,0
6,49,9,3,1,0,51.02,7,1,0,0,1
1,42,2,3,1,1,136.21,4,1,0,1,0
7,32,2,1,0,1,167.1,4,0,0,0,0
10,22,5,3,0,0,133.24,8,1,0,0,1
3,19,10,2,1,0,49.55,7,1,0,0,0
0,33,8,3,0,1,94.87,2,1,0,1,0
7,23,11,4,0,1,75.19,5,0,0,0,0
0,34,5,1,1,1,57.05,3,0,0,0,0
0,38,5,4,0,1,91.45,1,0,1,0,0
0,28,4,2,1,1,27.37,3,1,1,0,0
0,20,12,1,0,1,20.3,1,1,1,0,0
1,18,10,4,0,1,22.34,6,0,0,0,1
9,22,8,4,1,1,98.6,10,0,0,0,0
12,24,6,5,0,1,158.02,8,0,0,0,0
1,21,7,1,0,1,95.06,5,0,0,0,0
3,37,6,2,1,1,127.2,8,0,0,1,0
1,46,2,1,1,1,153.8,9,1,1,0,0
0,37,5,2,1,1,60.39,3,0,1,1,0
0,19,9,1,0,1,20.98,7,1,0,0,0
4,33,5,1,1,1,106.96,3,0,0,0,0
9,18,11,2,0,1,62.02,9,1,0,0,0
4,19,1,3,1,1,30.7,3,0,0,0,0
0,17,7,5,1,1,35.47,6,1,0,1,0
0,22,11,4,1,1,16.38,4,1,1,0,1
3,45,8,4,1,1,250.7,10,0,0,1,0
6,37,8,3,0,1,231.63,4,0,0,0,1
3,19,10,5,0,0,32.27,2,1,1,0,0
8,18,12,4,0,1,55.73,10,1,0,0,1
4,23,11,4,0,1,50.83,0,1,0,0,0
3,31,10,2,0,1,73.74,12,1,1,0,0
3,26,3,3,0,1,21.11,6,0,0,0,0
1,25,11,2,1,1,30.86,2,0,0,0,0
7,28,1,2,1,0,69.55,0,0,0,0,0
0,60,5,5,0,1,574.84,2,1,1,0,1
0,29,5,5,1,1,12.18,5,0,1,0,0
3,23,6,2,1,1,83.77,4,1,1,0,0
8,22,10,5,1,1,66.94,15,1,1,0,0
3,18,6,5,1,1,23.43,1,1,0,0,0
7,17,10,4,1,0,45.73,1,1,1,1,0
6,32,6,4,1,1,140.19,6,0,0,0,0
0,17,10,3,0,1,14.53,7,1,1,0,1
3,42,12,2,0,0,37.5,7,1,0,0,0
0,29,4,5,0,0,65.9,0,1,0,0,0
0,21,4,2,1,1,18,2,1,0,0,0
6,20,11,3,1,0,61.56,4,1,0,0,0
0,25,4,4,1,0,83.8,5,1,1,1,0
0,24,3,4,1,0,30.2,1,0,0,0,0
6,34,7,4,1,0,213.64,6,1,0,0,0
7,18,1,5,1,1,47.92,3,0,0,0,0
6,19,8,3,1,0,56.21,2,1,0,0,0
8,25,12,4,0,1,96.25,2,1,1,1,0
9,34,3,3,1,0,367.6,5,0,0,1,0
1,37,3,5,0,1,117.78,11,0,0,0,0
0,36,8,3,0,1,6.44,0,1,0,1,0
4,35,10,3,0,1,169.53,11,1,0,1,0
7,49,5,4,0,0,1048.31,12,1,0,1,0
0,24,7,3,0,0,34.29,2,0,1,0,0
11,45,5,1,1,1,85.05,3,1,0,0,0
3,24,6,4,0,0,72.23,5,1,0,1,0
0,17,8,4,1,0,16,2,1,0,0,0
0,28,4,1,1,1,27.62,13,1,0,0,0
11,20,4,5,0,0,100.44,5,1,1,0,0
0,19,4,1,0,1,20.98,1,1,0,0,0
9,55,11,4,1,0,50.11,8,1,0,1,0
7,18,8,2,0,1,38.78,4,0,1,0,0
4,29,9,2,1,0,96.41,5,0,0,0,0
6,21,1,5,1,0,67.41,4,1,0,0,0
1,32,4,1,1,0,73.37,3,0,0,0,0
4,34,4,3,0,1,109.17,4,1,1,0,0
9,33,4,4,0,0,9.05,3,0,0,0,0
0,21,12,2,0,1,20.44,9,1,1,0,0
1,25,1,3,1,0,39.74,6,0,0,1,0
2,22,8,5,0,0,38.07,6,1,1,0,1
14,45,4,3,0,0,1621.97,1,1,0,0,0
6,23,5,2,1,0,65.58,1,0,1,0,0
9,33,11,5,0,0,303.07,9,0,0,0,0
0,18,7,2,1,1,13.7,1,1,0,0,0
14,18,4,5,1,0,61.3,7,1,1,0,0
2,46,6,5,1,1,231.94,3,1,0,0,1
7,31,1,1,0,1,153.09,2,1,0,0,0
7,28,5,2,0,0,53.9,0,1,0,1,0
5,24,11,5,0,1,34.37,5,0,0,0,0
0,33,4,3,0,1,73.12,1,1,0,0,0
1,30,2,1,1,1,48.09,0,0,0,0,0
2,25,5,5,0,1,82.25,10,1,1,0,0
4,41,8,4,0,1,245.18,3,1,0,0,0
6,25,5,2,1,1,61.66,7,0,1,1,0
1,39,2,1,0,1,143.13,13,0,0,0,1
0,41,6,2,1,1,86.48,8,0,1,0,1
0,31,9,3,0,1,83.21,9,1,0,0,0
0,48,8,5,0,1,302.31,2,1,0,1,0
2,46,9,1,1,1,226.53,4,1,0,0,0
6,39,11,5,0,0,343.74,14,1,0,0,0
0,32,8,3,0,1,67,6,0,0,0,0
3,21,5,4,0,0,3.3,6,1,1,0,0
2,24,10,5,1,0,35.07,0,0,1,0,0
1,22,8,1,0,0,76.52,0,1,0,0,0
0,29,8,1,0,0,67.48,0,0,0,0,1
0,27,6,2,1,0,39.48,5,1,0,0,0
1,37,1,1,1,1,88.94,9,0,0,1,0
4,24,12,1,0,1,46.23,1,0,1,0,1
0,19,12,2,0,0,45.08,6,1,1,0,0
0,47,12,3,1,1,89.91,1,0,0,0,0
5,38,5,5,0,0,230.24,6,0,1,0,1
4,28,6,4,1,0,71.66,5,1,1,0,0
6,20,12,3,1,1,39.98,2,0,1,0,1
7,18,10,3,0,0,70.7,2,1,0,1,0
4,23,3,2,1,1,26.27,8,0,1,0,0
5,18,11,3,0,1,29.61,2,1,1,0,0
6,18,4,3,0,0,53.66,7,0,0,0,0
1,22,1,3,1,1,19.13,2,1,1,0,0
1,23,12,1,1,1,25.79,5,1,0,0,0
5,28,7,2,0,1,75.25,7,1,1,0,1
8,20,6,1,1,0,75.97,1,1,0,1,0
5,49,1,5,0,0,698.35,2,1,0,0,0
0,35,9,5,1,0,79.64,1,1,0,0,0
10,46,4,5,1,0,985.14,8,1,1,0,0
12,19,3,4,0,0,128.69,6,0,0,0,0
4,35,11,5,1,1,127.25,5,1,0,0,0
0,40,2,3,0,1,125.42,2,0,1,1,0
1,22,2,1,0,0,32.63,7,0,1,0,0
2,20,12,4,0,1,24.23,4,0,1,0,0
0,42,8,4,1,0,144.94,5,0,0,0,0
5,30,9,4,0,0,112.26,2,1,1,0,0
1,36,6,2,1,1,25.52,4,0,0,0,0
4,43,7,3,0,1,11.74,4,0,1,0,0
13,29,8,4,1,0,79.89,6,1,0,0,0
0,46,12,1,0,1,18.85,2,1,0,0,0
0,22,10,3,1,1,27.7,0,0,0,0,1
0,25,12,4,0,1,36.08,2,1,0,0,0
2,21,9,3,0,0,2.78,2,0,1,1,0
12,19,12,2,0,0,131.76,0,1,0,0,1
2,56,2,5,1,1,56.23,6,1,0,0,0
0,19,1,5,1,1,15.37,0,0,0,0,1
1,24,3,4,1,1,28.22,2,0,0,0,0
9,20,4,2,0,0,95.28,3,0,0,0,0
3,27,6,2,1,0,67.53,3,0,0,0,0
6,35,5,1,0,1,154.58,3,0,1,0,0
0,52,7,5,0,1,363.27,5,0,0,0,0
2,33,8,3,1,0,42.24,11,1,0,0,0
0,32,12,5,0,0,69.65,6,0,1,0,0
4,31,1,4,0,1,103.48,12,1,0,0,0
0,27,12,5,0,1,35.01,10,0,1,0,0
5,45,6,5,1,1,364.91,1,0,0,0,1
6,39,5,4,1,1,208.42,6,1,1,0,0
9,24,7,5,0,0,51.08,1,0,0,0,1
4,36,2,5,1,1,52.7,9,1,0,0,0
1,34,3,1,1,1,55.39,10,0,1,0,0
3,34,6,4,1,0,101.42,4,0,1,0,0
0,40,1,2,1,0,122.33,3,1,0,0,0
0,34,3,1,0,1,64.76,1,1,1,0,0
0,47,7,1,1,1,172.13,11,1,0,0,0
12,20,8,3,0,1,110.1,10,1,0,0,0
1,41,11,3,1,1,101.62,4,0,1,1,0
4,22,3,2,1,0,51.6,3,1,0,0,0
10,23,4,3,1,1,2.68,13,1,0,0,0
2,37,12,3,0,1,125.98,10,1,1,1,0
12,54,9,3,1,0,2719.41,5,1,1,0,0
0,28,5,2,1,1,7.77,5,0,1,0,0
3,29,5,5,0,0,97.5,6,0,0,0,0
6,21,7,5,1,1,84.1,2,1,1,0,0
0,48,7,2,0,0,334.74,5,0,0,0,0
0,57,7,3,0,1,544.36,2,1,0,0,0
0,43,10,2,1,1,123.18,8,0,0,0,0
3,24,10,5,1,0,51.66,4,0,0,0,0
0,34,3,3,1,1,46.6,2,1,1,1,0
7,28,6,3,0,0,173.94,12,1,0,1,0
2,18,11,1,0,1,24.87,0,1,0,0,0
6,39,10,4,0,0,397.42,3,0,0,1,0
3,23,10,2,0,1,36.22,1,0,1,0,0
0,40,5,1,0,1,133.6,0,1,0,0,0
6,27,6,4,0,0,24.41,8,0,0,0,0
4,33,6,2,1,0,136.93,0,0,0,0,0
0,22,1,4,0,1,22.37,7,1,1,0,0
2,59,6,1,0,0,19.13,1,0,1,0,0
1,31,3,3,1,0,67.22,0,0,0,0,0
0,28,1,5,0,1,39.18,1,1,1,0,1
6,23,12,5,1,0,50.01,3,0,1,0,0
7,18,9,5,1,1,47.92,8,1,0,0,0
0,21,11,5,1,1,14.62,9,1,1,0,0
12,27,4,3,0,1,206.57,11,0,0,0,0
7,33,2,3,0,1,182.34,9,0,0,0,0
1,19,10,4,1,1,17.95,5,1,0,0,0
8,30,4,3,0,1,163.58,5,1,0,0,1
1,19,7,3,0,0,24.85,13,0,1,0,0
2,27,11,4,0,0,71.67,3,0,0,0,0
0,42,5,2,0,0,64.46,5,1,0,0,0
0,29,4,5,1,1,25.04,5,0,0,1,0
12,49,2,3,0,0,1741.62,6,1,0,0,0
0,24,3,1,1,1,24.16,6,1,0,0,1
2,24,1,1,0,1,34.78,2,1,1,0,0
5,26,11,3,0,0,78.77,0,0,1,0,0
6,49,7,1,1,1,482.49,0,0,1,0,0
2,36,11,3,1,1,97.59,5,1,0,1,0
0,43,1,3,0,0,179.03,8,1,1,0,0
10,25,11,2,0,1,133.11,8,1,0,0,0
6,24,4,4,0,1,72.2,2,1,0,0,0
0,28,7,4,0,1,47.12,12,0,0,0,0
9,34,5,2,1,0,68.77,6,1,0,0,1
0,29,12,4,0,1,59.52,7,1,0,1,0
2,56,1,1,0,1,652.23,2,1,0,0,0
0,17,2,2,1,0,83.88,9,1,0,0,0
6,22,3,2,0,1,57.8,8,1,0,0,1
8,48,7,4,1,0,832.73,5,1,1,0,1
0,25,4,2,0,1,94.78,2,0,0,1,0
0,37,10,3,1,1,54.95,1,1,0,1,0
2,47,3,5,0,1,312.48,10,1,0,0,0
3,44,9,3,1,1,38.59,3,1,1,0,1
2,34,1,3,0,0,62.44,6,1,1,0,0
8,28,7,2,1,1,117.23,3,1,1,0,1
0,49,2,5,1,1,203.13,3,1,0,0,0
11,27,5,4,0,0,232.08,1,0,0,0,0
10,21,6,5,1,0,68.89,9,1,0,1,0
0,41,7,5,0,1,168.16,2,1,0,1,0
0,25,5,2,1,1,25.8,2,1,0,0,0
6,21,6,5,0,0,42.7,5,0,0,0,1
0,20,4,4,1,1,16.44,8,1,0,0,0
9,23,1,1,0,0,101.48,2,1,1,0,0
0,35,7,1,1,1,62.21,2,0,0,0,0
2,22,3,2,0,0,45.79,12,1,0,0,0
3,21,1,2,0,1,30.23,4,0,1,0,0
1,38,3,2,1,1,98.63,3,0,0,0,1
7,23,10,4,0,0,96.26,3,1,0,0,0
0,39,10,5,1,0,70.79,2,0,1,0,1
6,39,2,3,1,1,213.4,5,1,1,0,1
6,23,1,5,0,1,65.99,1,0,0,0,0
7,23,3,5,0,0,96.26,0,1,0,0,0
3,31,2,5,0,0,89.17,6,0,1,0,0
13,47,11,5,0,0,1681.71,6,1,0,0,0
4,29,11,5,0,0,104.29,1,0,1,1,0
3,22,4,4,0,0,52.18,3,0,0,0,0
9,17,3,3,0,0,43.44,3,0,0,0,0
8,46,3,5,0,0,805.61,1,1,0,0,0
7,50,4,1,0,0,818.49,9,0,1,0,1
9,29,3,3,0,0,246.72,4,1,0,1,0
7,39,1,4,1,0,89.65,1,1,1,0,0
0,32,10,2,1,0,61.35,9,0,0,0,0
2,19,10,3,0,0,34.88,2,0,0,0,0
8,22,1,1,0,0,100.23,1,1,0,0,0
4,29,10,2,1,1,61.15,7,1,1,0,0
4,21,1,4,1,1,37.7,11,1,0,0,1
10,28,2,2,0,0,222.57,6,1,0,0,0
13,19,7,2,0,0,150.13,1,1,0,0,1
1,37,3,4,1,0,10,5,0,0,0,0
0,22,6,4,1,0,25.23,6,1,0,0,0
0,23,2,1,0,1,30.15,2,0,0,0,0
3,17,8,4,1,0,37.93,7,0,0,0,0
2,19,8,1,1,1,26.41,4,0,0,0,1
12,21,6,5,1,1,157.72,6,1,0,0,1
3,23,6,4,1,0,8.76,1,1,1,0,0
5,30,5,1,0,0,159.84,5,1,0,1,0
5,26,7,1,1,1,69.02,5,1,0,0,0
3,26,3,3,1,1,40.78,3,0,1,1,0
3,41,5,2,0,1,77.74,0,0,0,0,1
2,17,10,4,1,0,22.88,10,1,0,0,0
8,32,3,1,0,0,281.82,10,1,0,1,0
4,23,5,2,0,0,65.44,0,1,1,1,0
9,35,10,1,1,1,7.41,8,0,0,1,0
0,35,6,2,0,1,70.63,2,1,1,0,0
9,21,1,2,1,0,68.82,2,0,0,0,1
0,17,2,4,1,0,16,4,1,0,0,0
5,27,4,5,1,0,80.29,2,1,1,0,1
6,29,9,5,1,0,59.38,1,1,0,0,0
5,26,7,5,0,0,23.21,5,1,0,1,0
4,31,11,4,1,0,115.66,7,0,0,1,0
4,23,8,5,1,0,45.85,6,1,1,0,0
10,24,3,4,0,1,98.82,6,1,1,0,0
12,17,2,4,0,0,60.06,7,0,1,0,0
0,26,9,4,1,1,65.26,5,0,1,0,0
0,29,6,2,1,0,47.14,3,0,0,0,0
2,25,5,1,1,0,47.53,1,1,0,1,0
12,17,10,3,1,0,136.93,1,1,0,0,0
1,25,6,3,0,1,41.11,6,1,0,0,0
9,19,4,3,0,0,70.63,8,0,1,0,0
0,18,6,4,1,0,21.5,10,0,0,0,0
1,18,2,2,0,0,32.3,5,1,0,1,0
0,21,10,1,0,1,20.44,2,0,1,0,0
2,48,10,2,0,0,434.61,4,1,0,0,0
12,29,1,1,0,0,315.7,4,0,0,0,0
3,30,12,2,0,0,123.11,7,0,0,1,0
3,30,6,5,1,1,41.3,1,1,0,0,0
5,34,5,2,0,0,159.25,5,1,1,0,0
0,27,9,3,0,1,12.8,6,0,0,0,0
3,19,10,1,0,1,35.89,1,0,0,1,0
6,31,7,2,1,1,91.7,9,1,0,0,1
6,25,3,3,1,1,62.76,8,0,1,0,1
6,32,6,4,0,0,217.06,0,0,0,1,0
1,20,6,5,0,1,30.28,6,1,0,1,0
12,23,10,1,0,0,184.9,3,0,0,0,0
0,44,12,5,0,1,152.11,2,1,1,0,0
9,20,8,4,0,0,77.36,1,0,1,0,0
3,19,5,4,0,1,35.89,7,1,0,1,0
8,39,7,3,0,0,75.46,10,1,0,0,1
0,29,6,2,1,1,29.9,1,1,1,0,0
12,24,8,1,0,0,207.12,5,0,0,0,1
4,20,8,1,0,1,38.75,6,0,0,0,0
5,25,11,5,0,1,65.06,12,1,1,1,0
12,25,7,5,0,0,255.8,3,1,0,1,0
9,22,7,2,0,0,7.5,9,1,0,0,0
1,45,11,3,1,1,174.24,6,0,0,0,0
2,30,12,1,0,1,15.25,13,1,0,0,0
6,21,10,5,1,1,52.66,8,0,0,0,0
6,22,10,2,0,0,62.68,14,0,1,0,0
5,22,11,4,1,0,61.71,6,0,0,0,0
6,36,9,5,0,1,168.53,3,0,1,0,0
6,22,2,3,1,1,57.65,1,1,0,0,0
0,19,6,3,1,1,12.19,5,1,1,0,0
7,21,10,4,1,1,62.98,4,0,0,0,0
0,35,6,2,1,1,62.21,2,1,0,0,0
2,44,11,1,1,0,15.09,7,0,1,0,0
0,35,9,3,1,0,2.54,4,1,0,0,0
3,21,4,2,1,1,25,2,1,1,0,0
0,32,11,2,1,1,47.92,3,1,0,0,0
8,23,6,3,0,0,126.82,13,1,0,1,0
4,33,9,3,0,0,128.12,1,1,1,0,0
12,29,11,3,1,0,327.53,5,1,1,0,0
3,22,9,1,0,0,52.18,4,1,0,0,0
7,37,8,1,0,1,263.93,12,0,0,0,1
0,17,2,5,1,0,16.1,7,0,0,1,0
2,18,11,1,0,1,84.37,4,1,0,0,0
3,36,3,1,0,1,44.86,11,1,1,0,0
0,24,3,4,1,0,15.53,8,1,0,0,1
5,23,7,4,1,1,43.09,4,1,1,1,0
8,33,11,1,0,0,307.52,1,1,0,1,0
6,29,1,2,1,1,107.71,2,1,0,0,0
6,42,8,2,1,1,268.92,4,0,1,0,0
0,34,6,2,0,0,7.11,7,0,1,0,0
12,25,6,2,0,1,172.83,6,0,0,0,0
0,42,2,1,1,0,144.94,2,1,0,0,0
0,23,10,4,1,1,21.57,2,0,0,0,0
12,20,5,5,0,0,140.95,12,0,0,0,0
3,18,8,1,1,1,23.99,1,0,0,0,1
12,30,11,3,0,0,286.64,5,1,1,0,1
4,30,9,3,1,1,66.79,2,0,1,0,0
3,46,8,2,0,0,419.41,12,0,0,0,0
6,31,9,5,0,1,31.94,1,0,1,1,0
10,33,7,2,0,1,276.2,0,1,0,0,1
0,40,4,3,0,1,136.79,7,0,0,0,1
1,33,6,1,1,1,51.99,8,1,1,0,1
8,21,4,4,0,0,91.56,12,0,0,0,0
2,26,3,5,1,1,32.96,8,1,1,1,0
13,27,2,2,0,0,301.32,10,0,0,0,0
4,36,6,3,0,1,150.08,4,1,1,1,0
1,47,5,1,0,1,274.23,4,1,0,0,0
0,21,7,5,0,1,80.18,3,0,1,1,0
6,19,10,2,0,1,47.02,5,1,0,0,1
8,29,7,5,0,0,187.28,6,1,0,0,0
8,21,3,3,1,0,48.19,9,1,0,1,0
5,29,5,4,0,1,98.88,6,0,0,0,0
2,42,11,4,1,0,7.48,14,0,1,0,1
2,33,6,1,0,1,94.93,2,0,0,0,0
6,25,5,4,1,0,97.22,5,1,0,1,0
12,42,3,2,1,0,1007.1,12,0,1,0,0
1,35,2,3,0,1,35.99,4,1,1,0,0
0,57,5,2,0,1,442,3,0,1,0,0
4,18,10,1,0,0,33.56,3,0,1,0,0
1,26,3,1,1,0,43.2,1,1,0,0,0
8,18,3,5,0,1,62.93,6,0,0,1,0
6,24,11,5,1,1,69.02,3,1,0,0,0
0,17,10,1,0,1,17.48,11,0,0,0,0
5,27,2,2,1,0,97.16,1,0,0,1,0
9,28,11,3,0,1,176.41,3,0,0,1,0
5,61,3,5,1,1,1340.64,7,0,0,0,1
9,21,3,4,0,0,104.33,10,0,0,0,0
8,17,2,3,1,1,43.48,8,1,1,0,1
11,25,4,1,0,1,93.94,4,1,1,0,0
0,27,2,5,1,1,30.84,1,1,0,0,0
0,22,5,2,1,1,16,12,1,1,0,0
6,18,6,1,0,1,42.92,3,1,0,0,1
13,21,4,4,0,0,175.87,11,1,0,0,0
10,26,7,1,0,0,186.33,9,1,0,0,0
15,24,4,3,1,1,46.45,3,1,0,0,0
0,23,4,3,1,1,21.57,4,1,0,0,0
0,30,8,1,1,1,84.54,5,1,1,0,0
6,24,1,4,1,1,56.38,3,0,1,1,0
2,33,8,3,1,0,77.74,8,0,1,0,0
4,39,9,3,0,1,206.81,3,1,0,0,0
5,41,9,4,0,1,279.37,2,1,0,0,0
2,37,5,1,0,0,171.8,2,1,0,0,0
4,17,7,2,0,0,37.71,5,1,0,0,0
5,20,4,2,1,0,51.48,8,1,0,0,0
2,20,11,4,0,0,38.2,0,0,0,0,0
6,43,10,2,0,1,435.82,10,1,0,1,0
7,20,12,4,0,0,59.58,13,1,1,0,0
2,28,1,2,0,0,90.56,3,0,0,1,0
2,53,4,2,0,1,34.44,7,0,0,1,0
0,17,5,3,0,1,17.48,2,1,0,0,0
7,39,8,3,1,0,319.09,6,0,1,0,0
4,26,5,1,0,0,85.13,12,1,0,0,0
8,18,4,4,0,0,65.41,8,0,1,1,0
2,31,11,5,0,1,56.48,12,1,0,1,0
3,34,12,3,1,1,97.57,6,1,0,0,0
6,19,2,1,0,0,48.88,5,1,1,0,1
0,19,1,1,0,1,20.98,2,1,0,0,0
1,19,7,5,1,1,14.57,3,0,1,0,0
3,18,7,2,0,0,36.27,2,0,0,0,0
6,48,5,2,1,1,547.09,7,1,0,0,0
6,19,3,5,1,1,19.71,3,1,0,1,0
6,30,1,4,1,0,154.19,4,1,0,0,1
10,19,12,2,1,1,89.81,1,1,0,0,0
0,22,5,5,0,0,40.78,1,0,0,1,0
0,28,2,3,0,1,6.71,3,0,0,0,0
9,33,3,3,0,0,51.6,1,0,0,1,0
0,23,2,2,0,1,37.16,5,1,0,0,0
6,24,8,5,0,0,92.43,3,1,0,0,0
2,32,11,2,1,0,87.74,3,1,0,0,0
0,45,8,1,1,1,145.7,3,1,0,0,0
0,26,1,1,1,1,28.22,2,0,0,0,0
6,36,2,3,0,1,168.53,1,1,1,0,0
4,21,2,2,0,1,42.43,4,0,0,0,0
8,23,3,5,0,0,112.3,8,0,0,0,1
12,24,6,4,1,0,258.47,3,0,0,0,0
0,22,5,3,1,1,43.35,6,1,0,0,0
9,35,10,2,1,0,325.51,3,0,1,1,0
10,31,5,4,1,0,38.37,7,1,0,0,1
3,28,4,4,0,1,69.71,2,0,0,0,0
3,33,10,1,0,0,138.47,7,1,0,0,0
1,34,1,5,1,0,46.82,1,0,1,0,0
0,18,1,2,1,1,13.7,2,0,0,0,0
1,31,4,2,1,1,40.61,12,1,0,1,0
3,26,3,1,1,1,83.72,0,0,0,0,1
0,50,10,5,1,1,220.56,5,0,0,0,0
4,31,5,5,0,1,97.15,13,1,1,1,0
3,20,10,5,0,1,31.92,1,1,1,1,0
0,40,12,3,0,0,41.28,8,1,1,0,0
0,38,8,5,1,0,103.12,10,0,0,0,0
2,31,5,4,1,0,98.9,6,0,0,0,0
12,18,9,3,1,1,120.03,3,1,0,0,1
0,41,8,2,0,1,118.1,10,1,1,0,0
12,29,9,5,0,1,200.24,8,1,1,0,0
4,23,10,4,1,0,46.95,3,1,1,0,1
10,23,2,3,0,1,111.24,2,0,0,0,0
11,24,2,1,0,0,177.53,2,0,0,0,0
2,18,5,2,0,0,31.83,14,0,0,0,0
0,35,11,3,0,1,70.63,10,0,1,0,0
9,24,3,1,0,1,88.8,8,0,1,0,1
0,17,8,3,0,1,70.88,3,1,1,0,1
0,24,1,2,0,0,42.23,2,0,0,0,0
5,45,8,3,1,1,96.75,2,0,1,0,0
4,33,12,2,1,0,137.76,12,0,0,1,0
6,24,9,1,0,0,66.27,0,1,0,0,0
0,49,9,2,0,1,284,3,0,0,0,0
0,20,11,1,0,1,18.66,6,0,1,0,0
6,39,6,1,0,0,343.74,3,1,0,0,0
0,20,2,1,0,0,23.89,6,1,1,0,0
1,38,2,3,0,1,61.04,2,1,0,0,0
5,24,1,1,1,0,75.99,1,1,0,0,0
8,41,4,3,0,0,91.65,4,0,0,0,1
0,38,6,3,0,0,117.07,11,0,1,0,0
1,20,10,2,0,0,41.38,0,1,0,0,0
0,20,5,3,1,0,21.05,0,1,0,0,0
5,30,7,2,1,1,100.71,1,1,0,0,1
2,38,1,4,1,1,115.21,0,1,0,0,0
3,55,9,2,0,0,712.69,9,0,1,0,0
12,38,11,4,0,0,648.37,1,0,1,1,0
3,26,9,1,0,1,47.39,9,0,1,0,0
4,44,4,4,0,1,58.94,6,1,0,0,0
9,18,1,2,0,1,50.36,8,1,1,0,0
0,50,3,4,0,1,289.5,2,0,1,1,0
6,28,11,5,1,0,126.22,2,1,0,0,0
11,43,2,5,1,1,902.52,4,0,0,0,1
0,20,9,5,1,0,61.48,3,0,1,0,0
2,37,3,3,0,1,125.98,9,0,1,1,0
0,28,1,4,1,1,84.34,8,1,0,0,0
3,18,4,5,1,1,30.62,1,1,0,1,0
4,41,1,1,1,0,82.12,13,0,0,0,0
1,23,1,3,1,0,65.31,10,0,0,1,0
1,19,8,2,0,0,30.61,6,1,0,0,0
7,18,10,5,1,0,70.08,3,0,0,1,0
10,19,2,5,0,0,80.48,0,1,1,0,0
3,36,9,2,1,0,51.16,4,1,0,0,1
1,41,2,4,0,0,93.31,1,1,0,0,0
5,24,3,4,0,0,81.11,9,0,0,0,0
0,23,10,3,1,0,22.42,8,1,1,0,0
4,39,5,1,1,0,92.78,4,0,0,0,1
3,42,11,5,1,1,193.64,2,0,0,0,0
3,29,4,3,0,1,45.08,6,1,0,0,0
4,25,8,4,0,0,63.22,1,1,1,0,0
2,36,10,5,1,0,100.83,7,0,1,0,0
0,20,9,5,1,1,97.2,13,0,0,0,0
4,48,5,3,0,1,440.78,2,1,0,0,0
2,33,8,1,0,1,109.75,0,1,0,1,0
7,18,1,4,0,0,61.15,12,1,0,0,0
6,34,4,4,0,0,223.48,4,1,0,0,0
0,20,10,1,1,1,16.44,13,1,0,0,0
8,29,12,1,1,1,154.05,1,1,0,0,0
5,22,1,5,0,1,35.35,3,1,0,0,0
2,34,7,5,0,1,106.03,2,1,0,0,1
3,31,1,5,1,0,96.13,4,0,0,0,0
8,19,6,4,0,1,61.06,1,0,0,0,1
0,30,10,5,1,1,33.43,7,0,1,0,1
5,35,9,2,0,1,19.21,1,1,0,0,0
12,39,9,3,0,0,770.3,3,1,0,0,1
7,42,2,5,0,1,394.77,8,0,0,0,0
2,25,3,1,1,1,82.35,0,0,0,0,0
7,18,2,3,0,1,55.22,6,1,0,1,0
2,33,6,4,0,1,77.08,6,0,1,0,0
2,35,12,3,1,0,113.91,7,1,0,0,0
0,40,3,4,0,1,108.48,6,1,1,0,0
6,26,9,3,0,0,103.76,10,1,1,1,0
3,40,8,3,0,1,160.48,5,1,1,0,0
6,32,12,1,0,0,217.06,2,1,0,1,0
1,23,1,3,1,0,27.45,6,1,1,0,1
1,19,12,4,1,1,21.65,0,1,1,1,0
1,19,9,2,0,1,27.64,2,1,0,1,0
0,23,3,1,1,1,17.62,4,1,1,1,0
12,25,5,3,1,1,3.84,9,1,0,0,1
3,18,5,1,1,0,77.19,3,1,0,0,0
0,23,4,1,1,1,28.21,4,0,0,1,0
2,41,3,2,0,0,279.5,9,0,0,1,0
3,42,8,5,1,1,18.17,8,0,0,0,1
8,48,12,5,1,0,25.2,3,1,0,0,1
5,29,6,4,0,1,101.24,3,0,0,0,1
2,28,1,4,1,1,67.59,2,1,0,0,1
6,22,7,4,0,0,62.68,13,1,1,0,0
0,30,12,5,0,1,46.74,7,1,1,0,1
0,21,8,2,1,0,23.04,2,1,0,0,0
5,18,8,3,0,0,38.24,9,1,1,0,0
8,26,12,1,0,0,116.53,5,0,1,0,0
0,51,12,3,0,0,23.15,8,0,0,0,0
3,24,1,3,1,1,40.35,11,1,0,0,0
0,46,8,1,1,0,52.46,9,1,0,1,0
1,24,2,5,0,1,31.25,2,0,1,0,1
3,23,4,2,0,0,57.1,2,0,0,0,0
13,35,2,1,0,0,493.52,9,0,1,0,0
0,27,2,5,1,1,25.04,6,0,1,0,0
3,57,12,4,1,1,665.91,2,0,0,0,0
8,35,2,3,0,1,247.18,7,1,0,0,0
1,33,6,3,0,1,67.65,1,1,1,0,0
0,20,2,5,1,1,13.35,1,0,1,0,0
6,22,9,2,1,1,93,13,0,1,0,0
3,22,2,3,1,0,26.96,13,0,0,0,0
2,26,8,4,1,1,41.32,0,1,0,0,1
6,27,5,3,1,1,92.38,7,1,0,0,1
0,22,10,5,0,1,27.55,6,1,0,0,0
0,25,12,2,1,1,84.13,8,0,0,0,0
8,39,1,3,0,1,403.07,9,1,0,1,0
12,24,10,1,0,0,202.29,5,1,0,0,0
8,23,9,5,1,0,118.26,4,0,0,0,1
10,58,12,3,1,0,3230.8,11,0,0,0,0
5,27,11,1,0,1,29.23,12,0,0,0,0
6,28,6,5,1,1,98.6,8,1,0,0,0
2,38,1,2,1,1,117.96,4,0,0,0,1
3,19,12,3,0,1,35.89,7,0,0,1,0
7,21,6,1,0,1,62.77,3,0,0,0,0
3,23,2,1,0,0,47.47,7,1,1,0,1
0,46,6,3,0,1,67.82,8,0,1,0,0
6,25,4,5,0,0,101.09,4,1,0,0,0
12,21,4,3,0,1,120.56,9,0,0,0,0
8,23,3,5,0,1,71.23,6,1,1,0,1
0,22,12,5,0,0,35.27,2,1,0,0,0
0,21,6,4,1,1,18,4,0,0,0,0
6,20,9,4,1,0,1.78,1,1,0,0,1
4,48,4,5,0,1,440.78,7,1,0,0,0
12,22,11,4,0,1,152.59,3,0,0,1,0
7,19,1,4,0,0,68.6,1,1,0,0,1
6,39,1,4,0,0,279.11,3,0,1,0,0
8,45,8,4,0,0,601.73,10,1,1,0,0
6,20,2,4,1,1,49.24,3,1,0,0,1
5,31,5,4,1,0,137.49,0,1,0,0,0
18,26,12,5,0,1,423.48,3,1,0,0,1
0,22,5,3,1,0,25.23,2,0,0,0,0
10,25,7,1,0,0,170.41,8,1,0,0,0
6,17,7,5,1,0,47.09,2,1,0,1,0
0,43,5,4,0,0,254.92,9,1,0,1,0
0,42,7,2,1,1,65.04,5,0,0,1,0
0,27,12,1,1,1,30.84,2,1,0,0,0
5,23,11,5,1,0,35.33,0,0,0,0,1
5,21,11,1,1,0,46.05,3,0,1,1,0
15,23,6,2,0,0,316.26,3,1,0,1,0
6,22,11,3,1,1,57.65,8,1,0,0,0
1,36,4,4,1,1,83.05,7,0,0,0,1
0,43,10,5,0,0,220.48,2,0,0,0,0
1,55,5,1,1,1,12.17,13,1,0,0,0
0,35,5,2,0,1,70.63,2,0,1,0,0
3,34,2,2,0,1,136.43,10,1,0,1,0
1,50,4,2,1,1,263.77,6,1,0,0,0
9,23,7,3,1,0,28.3,1,1,0,0,1
2,35,11,1,1,1,55.95,7,0,0,0,0
6,40,8,1,0,1,237.42,14,1,1,0,0
6,41,6,1,0,0,330.89,2,0,1,0,0
4,51,7,2,1,1,20.77,5,1,0,0,0
0,17,3,3,1,0,93.57,1,0,1,0,1
6,30,4,3,1,1,43.31,3,1,0,0,0
2,39,10,2,1,1,102.51,0,1,1,1,0
0,37,2,1,1,1,69.05,2,1,0,0,1
4,49,8,3,1,0,531.89,2,1,0,0,0
6,24,11,1,0,0,92.43,1,1,0,0,0
2,28,10,3,1,1,48.49,6,1,0,1,0
5,37,5,5,0,0,77.81,3,1,0,0,0
0,41,9,4,0,0,151.18,10,1,1,0,0
6,31,6,5,1,1,89.13,5,0,1,0,0
6,23,2,4,0,1,76.3,6,0,0,1,0
3,20,6,2,0,1,27.61,2,1,1,0,0
7,30,1,4,0,0,183.79,1,0,0,0,1
2,60,1,1,0,1,13.35,9,1,1,1,0
0,29,3,1,0,1,51.48,2,1,0,0,0
1,37,2,1,0,0,174.32,10,0,0,1,0
6,22,1,1,1,0,73.8,13,0,0,0,0
1,37,7,4,0,1,95.63,6,1,1,0,0
6,29,3,5,0,0,144.24,4,1,0,0,0
5,28,7,4,1,0,85.7,1,1,1,0,0
2,30,1,3,1,0,44.08,6,0,1,1,0
0,29,7,3,0,1,51.48,1,0,0,0,0
6,19,9,1,1,0,56.55,3,1,0,1,0
1,25,12,2,0,1,79.58,0,0,0,0,0
8,24,3,5,1,0,102.6,2,0,1,0,0
8,22,11,1,1,0,92.88,4,0,1,1,0
4,20,2,1,0,0,49.6,6,1,0,0,0
0,25,12,5,1,1,26.42,10,0,0,0,1
6,31,4,2,1,0,30.07,6,0,1,1,0
5,44,8,4,0,1,54.42,7,1,0,0,0
7,24,5,4,0,1,66.8,2,0,1,0,0
8,22,12,5,1,0,105.54,8,1,0,0,0
6,22,4,1,1,1,78.96,7,1,0,1,0
0,17,5,3,0,1,17.48,1,1,0,0,0
18,26,6,3,0,0,56.99,9,0,0,0,0
7,27,9,1,1,0,138.13,12,1,0,0,0
12,27,9,3,0,1,206.57,9,1,0,0,0
7,23,4,1,1,0,96.58,8,1,0,0,0
6,19,1,5,0,0,60.2,1,1,0,0,1
14,19,3,1,1,0,81.09,1,1,0,0,0
1,34,5,5,0,1,90.88,8,1,0,0,0
2,19,10,4,0,1,27.25,3,1,0,0,0
1,57,10,1,0,0,794.05,13,1,0,0,0
0,37,11,5,1,1,73.93,2,0,0,0,0
0,20,12,1,1,1,16.44,5,0,0,0,0
7,25,12,2,1,1,90.82,10,0,0,1,0
0,29,11,3,0,1,33.51,1,0,0,0,0
6,23,9,5,0,1,76.3,3,0,0,1,0
14,27,6,1,1,0,486.15,10,1,0,1,0
0,26,11,2,1,0,83,3,0,0,1,0
0,35,9,1,1,0,65.06,6,1,1,1,0
11,17,12,3,0,0,60.08,2,1,0,0,1
0,25,10,2,1,1,12.5,1,0,0,0,0
9,19,12,1,0,0,70.63,5,1,1,0,0
2,30,11,5,1,1,57.51,0,1,0,0,0
6,19,2,4,0,0,58.8,2,0,0,0,0
2,20,1,1,1,0,60.65,3,1,0,0,1
1,30,10,1,1,1,48.09,5,0,0,0,0
1,49,1,4,1,1,197.24,12,1,1,0,0
0,26,5,2,1,1,28.39,14,0,0,1,0
4,17,5,4,1,0,32.73,6,1,0,0,0
6,47,1,5,0,1,539.32,7,0,0,0,1
4,33,1,3,0,0,157.78,7,1,0,0,0
7,26,11,2,1,1,98.71,2,1,0,0,0
1,25,6,3,1,0,39.51,5,1,0,0,0
3,37,12,2,0,1,46.31,7,0,1,0,0
0,29,8,2,1,0,47.42,2,0,0,1,0
8,29,6,1,0,1,146.29,1,0,0,0,0
3,27,6,3,1,1,52.75,13,0,0,0,0
0,29,1,2,0,1,51.48,7,1,0,0,0
7,30,4,3,0,0,168.51,1,1,1,1,0
0,23,7,5,0,1,30.87,0,1,0,0,1
5,31,10,5,1,0,114.3,12,1,1,0,1
5,35,2,5,0,1,193.17,9,0,0,1,0
1,20,11,4,0,1,21.77,6,1,1,0,1
7,49,1,4,0,0,906.71,9,0,0,0,0
9,32,12,4,1,0,306.96,3,1,0,0,0
0,20,1,2,1,1,10.25,5,1,0,0,0
2,38,9,2,0,1,146.23,4,1,0,0,0
4,22,12,1,0,1,47.55,4,1,0,0,1
9,19,2,5,1,0,78.45,4,1,0,0,0
0,39,5,1,0,1,122.68,11,0,0,0,0
0,32,8,3,1,0,13.49,4,0,1,0,0
1,29,12,5,1,0,56.37,10,0,0,0,0
3,39,3,2,1,1,122.59,6,0,1,1,0
0,31,7,1,0,1,70.97,11,1,0,1,0
11,35,9,3,0,0,380.11,6,0,1,0,0
6,18,6,1,0,1,41.92,14,0,0,0,0
9,26,7,3,1,0,146.74,8,0,1,0,0
0,25,9,5,0,1,29.3,3,0,1,0,0
4,24,11,5,1,0,61.78,9,1,0,0,0
10,22,1,1,0,0,133.24,5,1,0,0,1
0,19,4,4,0,1,21.49,10,1,0,0,1
5,52,3,2,0,1,714.43,8,1,0,0,1
7,39,12,2,1,1,314.3,10,1,0,0,1
12,22,6,1,1,1,172.66,2,0,0,0,1
3,18,10,5,0,1,23.01,3,1,1,0,0
0,51,1,1,1,1,37.87,11,1,0,0,0
16,29,10,1,0,0,544.89,8,0,0,0,1
8,22,8,4,0,1,80.16,6,1,0,0,1
6,23,11,2,1,1,63.09,0,1,0,0,0
0,22,5,2,0,0,35.27,9,0,0,0,0
6,24,11,5,0,1,73.92,9,1,0,0,1
0,33,10,5,0,1,73.12,3,1,0,0,0
7,21,3,4,0,1,62.77,6,1,0,0,0
0,31,8,3,1,1,35.87,2,0,1,1,0
6,21,4,4,0,1,17.59,6,0,0,0,0
15,40,9,5,0,0,984.16,0,0,1,0,0
8,17,8,5,1,1,84.52,2,1,1,0,0
16,17,6,4,0,0,184.97,6,1,0,0,1
5,28,5,1,0,1,78.11,4,0,0,0,0
4,48,12,2,0,1,357.9,2,0,1,0,0
9,23,9,1,0,0,101.48,5,1,1,0,0
4,50,3,1,0,0,665.49,0,0,0,0,0
0,21,12,1,1,0,23.04,3,1,0,0,0
6,20,12,5,0,0,53.54,9,1,1,0,1
0,44,2,3,1,1,108.8,5,0,1,0,0
1,49,2,2,1,1,248.72,3,0,0,0,1
0,18,11,1,0,0,51.03,1,1,0,0,0
0,22,6,4,0,1,27.55,9,0,0,0,0
3,22,10,4,0,1,33.1,4,1,1,0,0
9,19,3,3,0,1,95.55,0,0,1,0,0
4,26,9,2,0,1,54,3,1,1,0,0
0,30,1,2,1,1,41.17,3,1,0,0,1
6,36,8,2,0,0,265.71,2,0,0,0,0
11,40,3,2,0,1,561.65,0,0,0,0,0
0,34,6,2,0,1,79.76,4,0,0,0,0
4,44,1,3,1,0,79.83,5,1,0,0,0
2,20,5,4,0,1,30.55,6,0,0,0,1
6,47,3,4,0,1,55.29,10,1,0,1,0
10,52,5,3,1,0,2.89,0,0,1,0,1
1,26,3,1,1,0,44.23,8,1,0,0,1
6,19,7,5,1,1,36.5,6,1,1,0,1
12,17,11,4,0,1,83.72,5,1,0,0,0
1,19,5,1,0,1,23.91,4,0,0,0,0
6,42,1,1,0,0,443.52,8,1,0,0,0
0,29,5,2,0,0,65.9,6,0,0,0,0
6,37,9,2,1,1,3.39,2,1,0,0,0
0,25,6,2,0,1,36.08,5,1,0,0,0
6,34,12,4,1,0,213.64,2,1,0,0,0
0,27,1,2,0,1,43.12,7,0,0,0,0
0,42,5,1,0,1,128.53,7,1,1,0,0
2,38,8,4,1,1,115.21,10,0,0,0,0
5,37,4,3,0,1,198.54,4,1,0,0,0
4,18,3,5,0,0,41.33,1,0,0,0,0
4,29,5,1,1,1,75.31,7,0,0,0,0
7,18,1,3,0,0,57.4,5,1,1,1,0
6,26,5,5,1,0,105.67,0,1,0,0,0
2,28,8,4,0,1,70.74,3,1,0,1,0
8,19,4,1,1,1,62.79,6,1,0,0,0
0,22,4,2,0,1,27.55,2,0,0,0,0
0,20,10,3,0,1,18.66,7,1,1,0,0
7,27,11,2,1,0,97.18,11,1,0,1,0
0,39,12,5,0,1,125.61,1,0,0,0,1
1,37,4,4,0,1,117.78,5,0,0,0,0
4,19,11,4,0,0,52.36,2,1,0,1,0
0,50,12,4,0,1,308.38,9,1,0,0,0
0,39,7,1,1,0,112.33,2,0,0,0,0
6,22,2,5,1,1,57.99,5,1,0,1,0
12,25,2,4,0,0,221.25,1,0,0,0,0
9,40,4,2,0,0,640.27,1,1,0,1,0
2,28,6,1,0,1,70.74,5,1,0,1,0
5,17,7,2,0,1,31.51,4,0,1,1,0
1,21,12,4,1,0,75.19,1,1,1,0,0
10,20,12,4,1,0,125.93,5,1,0,0,0
0,18,6,2,1,0,14.58,5,1,1,0,1
1,18,3,2,1,1,55.43,2,1,0,0,0
10,19,8,3,0,1,72.68,11,0,1,1,0
3,37,7,2,1,1,35.31,2,0,1,0,0
4,29,9,3,1,1,68.39,4,0,0,0,1
3,27,6,1,0,0,81.67,1,1,0,0,0
0,38,9,1,0,1,115.31,3,0,0,0,1
3,21,10,2,1,0,89.42,5,1,0,0,1
0,32,6,2,0,1,84.49,6,0,0,0,1
9,24,1,3,0,1,75.33,8,1,1,0,1
10,22,2,3,0,0,21.66,5,0,0,0,0
0,46,8,1,1,0,165.63,4,1,1,1,0
0,38,2,3,0,1,91.45,9,1,1,0,0
8,34,11,4,0,0,297.08,4,1,0,0,1
1,25,11,4,1,1,25.66,8,0,1,0,1
11,44,3,4,1,1,81.86,2,1,0,0,1
4,28,2,2,0,1,79.44,2,1,0,0,0
8,42,7,1,1,1,476.53,6,1,0,1,0
6,19,12,4,1,0,14.52,7,1,0,0,0
0,26,12,1,1,0,36.12,8,0,0,0,0
1,51,7,5,0,0,499.95,14,0,0,0,1
1,38,5,5,0,0,164.29,5,1,0,0,0
0,19,2,1,1,0,19.21,2,0,0,0,0
1,24,12,5,1,1,22.91,5,1,1,0,0
8,25,11,3,1,0,112.22,6,0,1,0,0
0,26,5,3,0,1,29.74,8,0,0,0,0
11,37,6,1,0,0,522.22,1,1,1,1,0
5,41,3,1,0,1,4.79,0,0,0,0,0
4,18,10,2,1,1,28.02,7,1,0,0,0
0,25,7,4,1,0,94.65,2,0,0,0,0
3,17,5,2,1,0,27.37,8,0,0,0,0
1,19,8,3,1,0,22.98,6,0,0,0,0
5,31,6,4,0,0,150.95,12,1,0,0,0
0,18,11,4,1,0,17.54,6,0,0,0,0
2,24,5,2,0,1,58.94,2,0,0,1,0
7,24,1,3,1,0,105.67,6,1,0,0,0
6,24,8,4,1,1,70.67,9,0,0,0,1
1,31,11,2,0,1,71.62,11,0,0,0,1
12,30,3,4,1,0,451.06,2,0,0,0,1
0,51,1,4,1,1,33.34,11,1,0,0,0
6,24,8,2,0,1,72.2,2,1,0,0,0
5,34,12,1,1,1,14.42,2,1,0,0,1
6,22,2,2,0,1,78.31,1,0,0,0,0
1,38,5,3,1,1,9.74,8,1,0,0,0
2,39,4,2,0,1,149.53,1,0,1,1,0
8,29,1,2,0,0,191.75,3,1,0,0,1
10,19,3,2,0,0,101.48,1,0,0,0,1
1,18,7,2,1,0,20.97,11,1,0,0,0
0,24,5,4,1,1,23.59,1,0,0,0,0
6,37,4,4,0,1,63.01,11,0,1,0,1
7,35,1,2,0,1,250.8,14,1,0,1,0
3,25,12,2,1,1,44.14,7,1,0,0,0
3,20,1,5,0,1,34,2,0,0,0,0
0,33,12,1,1,0,31.77,4,1,0,0,0
6,41,8,3,0,0,407.52,15,0,0,0,0
2,25,3,2,1,0,47.53,4,1,0,1,0
3,21,9,5,0,0,47.67,3,0,0,0,0
1,23,5,2,1,1,94.99,6,1,0,0,1
9,18,6,4,1,0,71.24,6,0,1,0,0
8,42,11,4,1,0,76.35,2,1,0,1,0
0,32,7,1,1,1,47.92,4,1,0,0,0
5,24,6,3,0,1,18.59,5,0,1,0,0
7,17,6,2,1,1,89.57,2,0,1,1,0
6,21,6,3,0,0,57.26,10,0,1,0,0
6,32,4,2,1,0,179.47,1,1,0,0,0
6,18,6,2,0,1,34.04,1,0,1,0,0
4,36,1,4,1,0,178.68,11,0,0,1,0
2,21,9,3,0,0,42.83,3,1,0,0,1
0,35,3,1,1,1,50.52,2,0,1,0,0
2,24,3,5,1,1,5.04,1,0,0,0,1
3,33,6,1,0,0,129.99,1,1,1,1,0
7,53,1,1,0,1,982.86,12,1,0,0,0
6,31,3,2,0,0,176.11,4,0,0,0,1
9,40,1,3,0,0,553.79,1,1,0,0,0
6,20,10,1,1,0,11.88,5,1,1,0,0
0,19,2,3,1,0,19.21,5,0,0,0,0
1,46,2,1,1,0,248.28,9,1,0,0,1
6,18,2,1,0,0,62.89,3,1,0,0,0
3,21,8,1,0,0,47.67,1,0,0,0,0
4,18,4,4,1,1,28.02,1,1,0,0,0
16,27,10,2,0,0,89.29,14,0,1,0,0
3,61,10,1,1,0,957.4,9,0,1,1,0
5,23,11,3,0,0,60.2,3,1,1,0,0
0,37,3,3,0,1,119.5,10,0,0,1,0
13,18,9,2,0,0,137.03,3,0,0,0,1
3,19,2,3,0,0,39.74,3,1,0,0,0
6,46,10,3,1,0,61.11,5,1,0,0,0
7,32,7,3,0,1,135.68,3,0,1,0,0
6,50,6,4,1,1,649.1,8,1,0,1,0
6,21,9,5,0,0,38.86,3,0,0,0,0
4,18,5,5,1,1,28.02,12,1,0,0,0
4,24,12,2,0,0,59.45,5,1,0,0,0
1,29,3,5,1,1,44.03,10,1,0,0,0
0,20,11,3,0,0,29.42,2,0,0,0,0
0,24,8,1,0,1,54.34,9,0,0,0,0
3,18,7,3,0,0,29.45,4,1,1,0,0
8,58,12,5,0,0,2196.47,4,1,0,0,1
7,52,4,1,0,1,42.12,1,1,0,0,0
10,19,12,5,0,1,62.87,2,0,1,0,0
1,20,9,4,0,1,26.19,1,0,0,0,0
5,40,1,3,1,0,299.22,6,1,0,0,0
6,18,10,1,0,0,53.66,3,0,0,0,0
0,45,9,4,0,1,203.71,7,0,0,0,0
4,33,9,1,0,1,44.36,7,1,0,0,0
12,18,12,5,1,1,117.93,6,1,0,1,0
1,26,1,4,0,1,44.95,1,0,0,0,0
2,43,10,4,1,1,176.18,1,0,0,0,0
0,23,8,4,1,1,17.51,0,0,1,0,0
0,31,1,1,1,1,90.02,0,1,1,0,0
3,24,7,5,0,1,56.42,7,0,0,1,0
8,20,10,2,0,1,95.66,1,1,0,0,1
6,36,7,5,0,1,207.56,5,1,0,0,0
8,35,11,3,1,0,333.21,8,1,0,0,0
8,29,2,5,1,0,40.2,10,1,0,0,1
6,25,1,3,0,0,116.88,1,0,0,1,0
6,43,8,1,0,0,482.57,2,0,0,0,0
3,20,7,3,0,0,35.35,7,0,1,0,0
3,22,5,4,0,0,60.33,2,1,0,1,0
6,26,12,5,1,1,67.02,8,1,1,0,0
3,19,12,3,1,0,32.86,5,1,0,0,0
0,43,9,5,1,1,8.8,2,1,1,0,1
7,17,12,2,1,0,45.45,3,1,1,0,0
2,18,4,1,0,1,36.73,0,1,0,0,0
3,36,8,5,1,1,82.82,4,1,0,0,0
9,17,11,5,0,1,45.95,9,0,1,0,0
5,19,7,1,0,0,59.66,2,1,0,1,0
2,18,11,4,1,1,15.91,7,1,1,0,0
6,19,1,3,1,0,45.64,13,1,1,0,0
5,29,5,3,1,0,118.05,1,0,0,0,1
4,38,4,1,1,0,212.2,5,0,0,1,0
2,37,2,3,0,1,134.2,10,0,0,0,0
1,21,10,2,1,0,22.38,8,0,1,0,0
4,21,5,3,0,0,44.1,12,1,1,0,0
0,45,9,4,1,1,118.31,10,0,1,0,0
0,22,4,2,1,1,16,3,0,1,0,0
3,19,11,2,0,0,40.69,4,1,0,0,1
2,21,5,4,1,0,32.96,0,1,0,0,0
7,39,6,5,0,1,36.83,6,1,1,0,0
0,22,6,1,0,1,27.55,7,0,0,0,0
5,19,3,2,1,1,36.71,3,0,0,0,0
10,21,4,3,0,1,92.86,11,1,0,0,0
0,25,8,3,1,1,20.95,12,1,1,0,0
1,25,8,1,0,1,47.53,3,0,0,1,0
0,27,2,1,1,0,39.48,4,1,0,0,0
8,18,6,3,1,1,39.4,5,1,0,1,0
5,22,2,5,1,0,50.1,1,1,1,0,0
6,28,12,5,0,0,109.77,13,0,1,0,1
3,25,10,4,1,1,36.69,1,0,1,0,1
3,34,11,4,0,1,118,4,1,0,0,0
8,36,6,4,0,1,2.21,13,1,1,0,0
5,19,3,3,1,0,47,4,0,0,0,0
9,36,3,1,1,0,434.45,7,1,0,0,0
2,28,3,4,0,0,73.53,5,1,1,1,0
7,19,6,2,1,1,53.76,4,1,0,0,1
3,35,8,4,1,0,110.61,8,0,1,0,0
4,26,9,2,0,0,84.03,10,1,0,0,0
6,40,7,1,1,1,41,3,0,1,1,0
7,19,3,3,0,0,54.4,4,0,1,0,0
9,23,9,3,0,1,97.63,4,0,0,0,0
8,28,3,2,0,0,171.43,2,1,0,0,0
4,18,2,2,1,1,28.02,7,1,0,0,0
6,19,10,1,0,1,37.29,5,0,1,0,0
3,18,2,4,0,1,65.92,10,0,0,0,1
6,35,8,5,0,1,10.87,12,1,1,0,1
0,27,12,1,1,1,31.03,1,1,0,1,0
7,24,8,4,0,1,68.39,11,1,1,0,1
4,36,1,4,0,1,132.9,6,1,1,0,1
2,20,7,2,1,0,30.1,2,1,0,0,0
0,28,9,1,0,1,54.48,7,1,0,1,0
0,56,4,1,1,0,459.96,8,1,0,0,0
9,18,7,5,1,1,70.18,4,1,0,0,1
3,29,10,2,0,1,76.16,1,0,0,0,0
3,23,1,4,1,1,30.66,0,1,1,0,1
8,29,5,3,0,1,121.62,12,0,1,0,1
9,44,11,5,0,0,795.08,10,1,0,0,1
0,36,3,3,0,1,94.83,5,0,0,0,0
6,56,8,3,0,1,914.05,1,0,1,0,1
2,32,2,5,1,0,87.74,8,1,0,0,0
6,30,9,5,0,0,127.91,10,1,1,0,0
5,29,8,5,0,1,98.88,9,1,0,0,0
9,51,1,4,1,1,69.14,3,1,0,0,0
0,50,7,2,1,0,282.36,6,0,0,0,0
1,24,2,5,0,1,29.87,2,1,0,0,0
6,24,12,3,0,0,92.43,1,0,0,0,0
5,21,10,1,1,0,56.37,2,1,0,0,0
0,27,12,1,1,0,39.48,2,1,0,0,0
5,46,8,4,1,1,91.49,7,1,0,0,1
11,33,5,2,0,1,314.72,7,0,0,0,1
5,20,4,1,1,1,40.46,5,1,0,1,0
4,44,11,5,1,1,7.95,10,1,0,0,0
0,46,10,2,0,0,230.19,5,1,1,0,0
8,41,10,4,1,1,445.61,12,0,0,0,1
9,39,4,4,0,0,587.95,9,1,0,1,0
0,19,10,2,1,1,24.36,13,0,0,0,0
7,27,11,1,0,0,137.67,6,0,0,0,0
3,33,3,5,1,0,11.35,4,0,1,0,0
6,33,9,4,1,0,61.22,6,1,0,0,0
7,56,7,5,1,0,1647.54,0,0,0,0,1
9,39,8,4,0,0,508.54,1,1,0,0,0
6,19,7,4,1,1,43.91,2,0,0,0,0
0,35,1,4,0,0,90.42,9,1,1,0,0
11,55,5,2,0,0,2494.22,0,0,0,0,0
10,17,6,5,0,1,64.48,10,1,0,0,0
3,32,1,4,1,0,85.2,2,1,1,0,0
6,41,4,4,1,1,247.09,7,1,1,0,0
2,25,12,2,0,0,48.69,1,0,1,0,0
0,20,6,2,1,1,57.68,4,1,0,0,0
6,37,6,2,0,0,289.61,8,1,0,0,0
0,19,3,2,0,1,20.98,12,0,0,0,0
7,27,1,5,0,1,87.32,5,0,1,0,0
7,34,6,4,0,0,254.64,11,1,0,0,0
2,24,3,2,1,0,35.07,5,0,1,0,0
1,48,12,5,0,1,241.92,9,1,1,0,0
8,22,10,3,0,0,100.23,3,0,0,0,0
2,55,7,1,0,0,625.46,6,1,1,0,0
0,41,5,2,1,0,133.17,3,1,0,0,0
6,23,7,3,0,1,65.99,1,1,0,0,0
3,41,7,1,0,0,275.46,1,1,0,0,0
0,38,1,3,1,1,40.72,0,0,0,0,0
15,22,2,5,1,0,378.05,6,0,0,0,1
6,32,2,2,0,1,119.08,5,1,1,0,0
3,40,7,3,0,1,197.65,9,1,0,0,0
0,28,2,5,0,1,78.44,2,0,1,0,1
0,47,2,2,0,1,278.25,13,0,0,1,0
3,18,3,5,0,0,37.14,5,0,0,0,1
0,29,5,5,1,0,47.14,4,1,0,0,0
11,19,11,2,0,1,36.48,2,0,1,0,1
3,33,3,3,0,1,37.63,1,0,0,0,0
2,38,1,3,1,1,115.21,4,0,0,0,0
8,21,5,2,0,0,85.95,1,1,1,1,0
2,30,4,3,1,1,38.04,9,1,1,1,0
3,28,3,1,1,0,73.8,3,0,0,0,0
4,18,6,1,1,1,28.69,9,0,0,0,1
0,51,5,3,0,1,84.99,3,1,1,0,1
0,29,7,5,0,0,65.9,0,0,0,0,0
4,20,8,2,1,1,33.63,3,0,0,0,0
2,23,8,5,0,0,50.12,3,0,0,0,0
8,36,8,2,0,0,344.99,4,0,0,0,0
6,18,4,3,0,0,53.66,3,1,0,0,0
9,21,7,1,0,0,97.94,12,1,1,1,0
2,35,6,3,0,1,91.7,9,1,1,0,0
7,22,7,1,0,0,71.42,11,1,1,0,0
5,35,8,1,1,1,126.52,9,0,1,0,1
6,18,7,4,0,0,53.66,7,1,0,0,0
3,24,10,1,0,0,62.47,3,1,0,0,0
10,47,7,2,0,0,1136.74,3,0,0,0,0
6,50,10,2,0,0,884.66,4,0,0,0,1
0,31,6,2,0,0,80.46,4,1,0,0,1
5,39,6,5,0,0,301.67,5,0,0,0,0
3,24,2,5,0,1,51.78,8,1,0,1,0
2,23,10,2,0,1,40.08,2,1,0,0,1
1,33,9,2,1,1,62.54,5,1,0,0,0
5,50,4,3,0,1,606.48,3,0,0,0,1
7,32,9,1,1,1,94.42,1,0,0,0,1
1,25,11,1,1,0,22.92,3,1,1,0,0
9,34,1,2,1,0,50.2,3,0,1,0,0
7,39,7,5,0,0,401.03,6,1,0,0,1
6,18,9,3,1,0,94.33,3,1,1,0,0
3,22,12,5,1,0,43.15,1,1,0,0,0
0,29,2,2,0,0,90.86,1,1,0,0,0
0,33,12,1,1,1,52.29,6,0,0,0,0
2,39,1,2,1,0,29.1,4,0,1,0,0
0,55,3,2,1,1,339.38,1,1,0,0,1
3,28,4,4,0,0,89.25,2,1,0,0,0
9,34,2,1,1,0,374.12,8,1,0,0,1
12,24,6,4,0,1,128.31,15,1,1,0,0
6,22,7,5,1,0,73.8,0,0,0,0,0
3,40,9,5,1,1,135.87,11,0,1,0,1
0,30,2,3,1,1,91.61,0,0,0,0,0
4,24,9,4,0,1,55.61,2,1,0,0,0
0,25,5,4,0,1,29.3,10,0,1,0,0
4,28,5,3,0,1,79.44,2,0,0,0,0
0,18,1,1,1,0,17.54,2,1,0,0,0
4,17,5,2,0,1,29.46,5,1,0,0,0
7,33,2,1,0,1,62.73,9,1,0,0,1
2,25,7,2,0,1,46.84,7,1,0,0,0
0,25,5,1,1,1,21.08,2,0,1,1,0
0,36,1,5,0,1,77,7,1,1,0,0
0,21,7,2,1,1,37.39,9,1,1,0,0
6,24,7,4,1,1,69.43,5,1,0,1,0
0,34,1,4,1,0,73.03,7,0,0,0,0
0,35,6,1,0,1,79.88,10,1,1,0,0
9,37,12,2,0,0,428.45,5,0,0,0,0
2,22,7,3,0,0,37.18,6,0,1,0,0
0,29,10,2,0,0,65.9,8,1,0,0,0
6,27,7,3,0,1,78.46,1,0,1,0,1
0,23,9,1,0,1,30.15,2,1,0,0,0
3,18,6,3,1,1,64.05,8,1,1,0,0
6,18,1,5,0,1,41.92,9,0,0,0,0
0,51,7,1,1,1,194.4,2,0,1,0,0
12,19,9,1,0,1,100.52,10,1,0,0,0
0,17,2,4,0,1,17.89,5,1,0,0,1
16,19,10,4,0,0,180.35,5,1,1,0,1
8,30,10,5,1,0,83.86,6,1,0,1,0
6,34,10,4,1,0,177.61,1,1,1,0,1
6,17,1,1,0,0,40.71,7,1,1,0,1
0,32,7,3,0,1,67,0,1,0,0,0
6,23,8,4,1,1,35.55,4,0,0,0,0
7,26,4,5,0,0,125.95,1,1,0,0,0
12,42,10,4,0,0,970.73,4,0,0,0,0
6,19,2,2,1,0,82.76,8,1,0,0,0
0,37,3,4,1,0,95.21,5,0,0,1,0
3,17,10,2,0,1,25.85,1,1,0,0,0
0,20,10,5,1,1,13.43,7,1,1,1,0
6,41,8,2,0,0,330.89,4,1,1,0,0
6,18,1,4,1,0,26.88,13,1,0,0,0
2,33,6,2,0,1,109.75,2,0,0,1,0
0,40,9,5,0,0,175.11,6,0,0,0,1
4,19,11,3,0,1,35.37,2,1,0,0,0
8,20,7,4,0,1,66.87,2,0,0,0,1
8,43,2,3,0,0,626.55,8,1,0,0,0
2,34,12,3,1,1,82.08,2,0,0,1,0
0,19,8,1,1,1,12.19,6,1,1,0,0
4,45,12,1,0,1,343.4,1,1,0,0,0
0,18,4,2,0,1,19.15,2,0,0,0,0
2,38,2,5,1,0,28.64,2,1,0,0,0
10,37,5,2,0,1,317.04,1,1,1,0,1
11,30,3,4,0,1,242.01,2,0,0,0,1
4,20,4,5,1,1,27.3,1,0,1,0,0
6,25,9,3,1,1,75.94,2,1,0,1,0
11,23,2,5,1,0,164.23,11,0,1,0,1
1,38,11,2,0,1,148.37,11,1,0,1,0
0,26,8,4,1,1,91.8,8,1,1,0,0
6,24,11,5,1,0,44.44,4,0,0,0,0
2,26,10,1,1,0,51.66,6,0,0,0,0
9,22,12,5,0,0,58.03,0,0,0,0,0
7,21,5,1,0,1,62.77,3,1,0,0,0
0,28,1,2,1,0,43.15,3,1,0,0,0
5,49,10,5,1,0,636.09,1,1,0,0,0
2,33,1,4,1,0,95.74,4,1,0,0,0
5,42,2,2,0,1,304.05,9,1,0,0,0
6,38,7,4,1,1,44.71,2,1,0,0,0
9,31,11,5,0,0,206.61,7,1,1,0,0
0,54,10,3,1,0,319.69,3,1,1,1,0
1,21,8,2,1,1,22.04,3,0,0,0,1
1,46,8,1,0,0,10.61,1,1,0,0,0
0,30,8,3,1,1,40.21,0,1,0,0,0
13,29,1,5,0,0,359.72,1,1,0,0,0
2,22,9,2,1,1,63.95,2,0,0,0,0
1,31,1,5,0,1,80.87,2,1,0,1,0
4,40,12,5,1,1,23.35,9,0,0,0,0
9,45,2,5,1,0,14.82,1,1,0,1,0
11,27,8,3,0,0,237.62,4,1,0,0,1
0,31,6,3,1,1,43.91,1,0,0,0,0
2,33,2,5,1,1,32.26,8,1,1,0,0
9,28,7,2,1,1,20.21,0,0,1,0,0
2,17,10,5,0,0,23.59,4,1,1,0,0
0,19,3,4,0,0,31.06,5,0,0,1,0
6,23,6,2,1,1,64.59,11,1,0,0,1
9,26,5,3,0,0,59.63,2,0,1,0,0
4,34,6,5,0,0,176.23,6,0,0,0,1
4,42,8,1,1,0,10.82,8,1,0,0,0
6,29,7,4,1,0,137.89,5,0,0,0,0
0,18,7,5,1,1,89.02,4,1,1,0,0
0,31,6,1,1,0,45.64,7,1,1,0,0
4,40,12,4,0,1,225.21,4,1,0,0,0
2,31,9,3,1,0,15.02,8,1,0,0,1
3,26,3,5,1,1,51.23,6,1,0,0,0
1,56,3,5,0,0,732.77,4,1,0,0,0
8,18,12,5,0,0,18.06,3,0,0,1,0
0,36,7,1,0,1,77,7,0,1,0,0
10,26,4,5,1,0,175.49,1,1,1,0,0
0,35,4,2,1,1,50.82,7,0,1,1,0
6,49,7,1,0,0,814.74,11,0,0,0,1
3,45,9,5,0,1,301.38,3,1,0,0,0
2,47,4,5,1,0,315.16,4,1,0,0,0
9,35,12,3,0,1,288.37,8,1,0,0,1
7,29,9,5,0,1,104.25,9,1,1,0,0
12,28,4,3,1,1,288.42,1,1,0,0,0
0,33,6,5,1,1,52.29,9,1,0,0,0
0,22,7,1,0,1,27.55,10,0,0,0,0
10,21,12,4,1,0,138.72,1,1,0,1,0
6,18,9,1,1,1,40.31,11,1,0,1,0
5,25,6,5,1,1,63.12,4,0,0,0,0
3,24,5,4,0,0,72.23,2,0,0,1,0
0,39,6,4,1,0,115.01,3,0,0,0,1
12,18,12,4,0,0,28.45,6,1,1,0,1
1,35,2,4,0,1,99.11,3,0,0,0,0
0,36,2,3,1,1,33.77,0,1,0,0,0
0,24,3,3,1,0,86.59,5,1,0,0,0
1,29,9,2,0,0,60.97,3,1,1,0,0
6,19,7,5,0,1,45.93,5,0,0,0,0
3,29,8,1,1,1,57.5,8,1,0,0,0
6,19,1,1,1,0,45.91,0,1,1,1,0
2,26,3,1,0,1,51.22,14,1,0,0,0
0,37,10,3,1,0,94.64,1,0,0,0,0
4,33,12,5,1,0,18.89,3,1,0,1,0
1,41,6,2,0,1,134.57,6,0,1,0,0
7,35,9,3,0,1,216.93,10,1,0,0,0
0,27,5,4,0,1,35.01,4,0,1,0,0
4,37,12,4,0,1,201.45,2,0,0,1,0
4,26,8,3,0,0,87.17,3,1,0,0,1
12,24,4,2,0,0,89.18,5,1,0,1,0
2,45,7,1,0,1,264.49,1,1,0,0,0
0,25,1,1,1,1,25.8,10,0,0,0,0
7,33,9,4,1,1,187.31,3,1,0,0,1
7,36,7,5,0,0,302.77,0,0,0,0,0
6,33,7,5,0,1,163.85,1,0,0,0,1
0,27,5,3,0,0,44.82,0,1,1,0,0
6,33,2,2,1,1,153.9,3,1,0,1,0
0,37,4,4,1,1,73.93,2,1,0,0,0
4,33,3,2,1,0,136.93,9,1,0,0,0
5,21,5,1,0,0,61.89,2,1,0,0,0
6,18,11,2,1,0,51.3,1,0,0,0,0
7,28,1,5,0,0,61.87,7,0,0,0,1
2,22,2,1,1,0,29.29,6,1,1,0,0
6,24,11,3,1,0,90.47,2,1,0,0,1
7,30,2,5,0,0,179.5,6,1,0,0,0
0,38,11,3,1,0,21.81,3,0,0,0,0
0,41,6,3,0,0,190.64,10,0,0,0,1
8,30,7,3,0,1,129.73,5,1,1,0,0
1,25,9,4,0,1,38.59,7,1,1,1,0
0,23,4,2,0,1,34.86,2,0,0,1,0
3,27,11,1,0,0,94.42,3,0,0,1,0
3,27,4,5,0,0,83.62,11,1,0,0,1
0,31,2,3,1,0,45.64,2,1,1,0,0
0,31,8,3,1,1,26.23,0,1,0,0,0
7,23,6,2,0,1,90.4,7,1,0,0,1
4,26,2,1,0,0,89.52,8,1,1,0,0
3,40,6,3,1,0,169.88,3,1,1,0,0
6,36,11,4,0,1,207.56,8,0,0,0,0
15,34,10,5,1,0,1094.42,3,0,0,0,1
1,23,11,4,1,1,80.25,3,1,0,0,0
3,27,9,2,0,1,54.47,3,0,0,0,0
1,22,1,5,1,1,23.57,2,1,0,0,0
0,41,9,4,0,0,154.79,3,0,1,0,1
0,40,10,2,0,1,94.94,4,1,0,0,0
8,17,7,2,1,0,68.54,5,0,0,0,1
15,18,1,5,0,1,135.73,7,1,0,0,0
0,29,1,1,1,1,36.82,1,1,0,0,0
0,62,11,2,0,1,936.28,6,1,0,1,0
6,33,5,1,0,1,185.02,0,1,0,1,0
2,23,5,5,0,0,50.12,1,1,0,0,0
3,20,2,4,1,1,77.82,11,1,0,0,0
0,33,3,2,1,1,52.29,11,0,0,0,0
7,36,10,1,1,0,303.77,0,0,0,0,0
9,26,10,4,0,0,167.43,3,1,0,0,1
6,33,3,3,0,0,98.06,3,1,1,1,0
6,29,11,4,1,0,137.89,10,1,0,0,0
1,28,4,5,0,1,43.6,0,1,1,0,0
12,20,6,5,1,0,81.39,3,1,1,0,0
0,23,2,1,1,1,21.57,13,0,0,0,0
15,22,4,2,0,1,1.12,4,1,0,0,0
0,59,4,3,0,1,28,3,0,0,0,1
4,27,1,3,1,0,65.58,10,1,1,0,0
9,41,5,4,1,0,666.31,3,0,0,0,0
5,46,10,5,0,0,452.71,1,0,1,0,1
14,27,1,3,0,1,217.77,4,1,1,0,0
4,22,5,4,1,1,62.65,9,0,0,0,0
7,18,7,2,1,0,71.46,3,0,1,0,0
2,33,2,5,0,0,4.47,6,1,0,0,1
8,37,6,4,0,1,244.19,12,1,1,0,1
0,48,3,5,1,1,188.14,2,0,0,1,0
3,36,3,4,0,1,140.3,4,0,0,0,0
1,62,7,2,1,0,720.01,2,0,1,0,0
3,27,7,5,1,1,59.7,0,1,0,1,0
0,21,7,3,0,0,26.79,0,1,1,0,1
12,20,5,1,1,1,144.04,4,1,0,0,1
8,29,5,2,0,0,191.75,5,1,0,0,1
6,23,8,1,0,1,61.95,0,1,1,1,0
6,60,6,5,1,0,1852.06,6,0,0,0,0
3,37,2,1,1,1,10.45,12,0,1,0,0
5,48,11,3,0,1,69.63,4,1,0,0,0
0,21,4,5,1,1,18,10,1,0,0,0
0,23,12,3,0,0,38.6,4,0,0,0,0
0,22,10,1,1,0,25.83,10,0,0,0,1
3,17,4,2,0,0,75.8,0,1,1,0,0
0,48,2,1,1,1,151.85,13,0,1,0,0
10,20,12,4,0,0,108.56,2,1,0,0,0
2,20,11,4,0,1,34.5,7,0,0,1,0
3,47,5,3,0,1,289.1,2,1,1,0,0
13,42,12,2,0,0,1278.83,1,0,0,1,0
9,26,2,4,1,0,180.73,3,1,0,0,0
1,36,10,3,1,1,5.78,7,1,1,0,0
5,29,6,3,0,0,126.59,13,1,0,0,0
5,19,2,1,0,0,42.38,8,1,0,0,0
3,32,9,4,1,0,7.81,4,1,1,0,0
3,24,2,1,1,0,90.96,5,0,1,1,0
2,30,11,2,0,1,73,11,1,0,0,0
8,28,11,1,0,1,108.73,8,1,1,0,0
0,19,8,1,1,1,15.01,3,0,0,0,0
0,43,2,2,1,1,123.18,3,1,0,0,0
7,34,9,5,0,1,161.51,8,0,1,0,0
3,29,5,4,1,0,67.02,3,0,1,0,1
1,33,4,4,0,0,86.6,8,1,1,0,0
15,35,6,2,0,1,500.53,1,0,1,0,0
0,25,4,5,1,1,26.42,9,1,0,0,1
6,34,7,5,0,0,223.48,0,1,0,0,0
6,25,9,1,0,1,64.12,10,0,1,0,0
6,22,12,1,1,0,59.92,2,0,1,0,0
12,22,11,3,1,0,217.18,1,0,0,1,0
0,22,3,1,1,0,25.23,4,0,0,0,0
12,29,5,5,0,0,315.7,2,1,0,0,0
2,32,10,3,1,1,70.18,5,0,0,0,1
0,27,12,3,0,1,35.01,0,0,1,0,0
5,43,10,4,1,1,308.52,1,1,0,0,1
1,17,3,4,0,1,96.54,3,0,0,0,0
1,36,9,3,0,1,108.06,10,0,0,0,0
6,31,1,3,1,0,165.42,2,0,0,1,0
4,33,8,1,1,1,69.94,9,0,0,0,0
1,30,10,4,0,1,52.02,3,0,1,0,0
6,37,4,3,1,0,72.32,3,1,0,0,0
3,17,8,3,1,1,60.06,5,0,0,0,0
9,28,11,3,0,1,152.58,0,1,0,0,0
8,17,12,5,0,0,63.57,1,1,0,0,0
3,36,4,4,0,1,116.64,0,0,1,0,1
0,17,8,5,1,1,78.58,8,1,1,0,0
12,33,4,2,0,0,448.37,2,0,0,0,0
3,23,3,2,0,1,89.36,5,1,0,0,1
0,24,1,5,1,1,24.16,2,0,0,0,1
9,26,5,5,0,1,147.68,9,0,0,1,0
4,39,10,3,0,1,40.21,6,1,0,0,0
5,20,10,2,0,1,36.7,10,0,1,0,1
8,26,8,5,1,1,57.91,2,1,1,0,1
0,24,4,3,1,1,19.16,8,1,1,0,0
1,42,1,4,0,1,180.37,1,1,0,0,0
2,44,5,3,0,1,197.5,6,0,1,0,0
3,32,2,3,0,1,101.49,1,1,0,0,1
10,23,5,2,1,0,165.19,6,0,0,0,0
1,28,4,1,1,1,40.55,9,0,0,1,0
0,53,3,4,1,1,228.87,9,1,1,0,0
6,20,4,1,0,1,50.31,1,0,0,0,0
5,34,5,1,0,1,153.2,6,0,0,0,0
2,18,2,3,0,0,25.85,5,0,1,0,0
9,33,11,1,0,0,66.71,7,0,1,0,0
0,19,7,4,1,1,41.73,7,1,0,0,0
6,20,3,4,0,1,40.85,2,0,1,0,0
4,38,12,3,0,0,197.35,10,0,1,0,0
6,22,5,4,0,0,62.68,2,0,1,0,0
10,26,12,3,0,1,168.28,11,1,0,1,0
3,25,11,5,0,0,79,7,1,0,1,0
11,28,5,2,0,1,164.7,5,1,1,0,1
8,17,10,5,0,0,63.57,8,1,0,0,0
0,23,2,2,1,0,86.01,1,0,1,0,0
3,23,1,3,1,1,36.88,10,1,0,0,0
0,41,2,4,0,1,145.44,12,0,0,0,0
0,31,1,1,1,0,45.91,10,0,1,1,0
2,33,10,4,1,0,78.21,9,0,1,1,0
4,26,12,4,1,0,73.88,2,1,0,0,0
2,30,10,5,1,1,46.7,2,0,1,0,0
5,18,6,2,1,1,33.71,6,0,0,1,0
4,19,12,3,0,0,53.53,8,0,0,0,0
0,23,2,4,1,1,54.31,0,1,0,0,0
8,35,10,1,0,1,285.78,2,1,0,1,0
9,30,7,4,1,1,206,13,1,0,0,1
13,21,11,3,0,0,142.8,6,0,1,0,0
4,32,1,1,0,0,144.6,6,1,0,0,0
3,18,10,1,0,0,28.97,6,1,1,0,0
6,48,1,4,0,0,56.68,3,0,1,0,0
5,20,3,4,0,1,10.02,4,0,0,0,1
0,25,2,2,1,0,23.11,10,1,1,0,0
4,53,12,3,1,0,742.54,0,1,0,1,0
0,26,6,2,0,0,47.41,1,1,1,1,0
4,28,9,3,0,1,79.44,4,0,0,0,0
6,23,5,1,1,0,80.76,0,1,0,0,0
12,28,8,5,1,0,369.23,7,1,0,0,0
8,25,6,2,1,0,138.21,2,1,0,0,0
10,32,4,1,0,0,316.48,8,0,0,0,0
7,31,4,1,0,0,226.59,0,0,0,1,0
8,19,9,3,0,0,76.34,1,1,0,0,0
1,22,3,3,0,0,14.67,4,1,0,0,0
1,28,4,5,0,1,43.6,2,0,1,0,0
0,21,7,1,1,1,14.62,2,0,1,0,0
0,32,3,1,0,1,77.47,2,1,0,1,0
2,21,7,1,1,0,32.96,9,1,0,0,0
1,34,12,2,1,1,45.64,2,0,1,0,0
9,31,3,2,0,1,203.51,1,0,0,0,1
3,27,9,1,0,0,81.67,0,1,0,0,0
1,32,1,5,0,0,97.74,1,0,0,0,0
11,25,6,5,1,1,184.65,3,1,0,0,0
0,33,9,1,1,1,84.92,7,1,0,0,0
0,34,5,2,0,0,118.05,9,0,0,1,0
1,41,7,3,1,1,86.35,5,0,0,0,0
0,41,11,2,1,1,84.98,9,1,1,1,0
13,17,4,5,0,0,141.19,8,1,0,1,0
4,23,11,3,1,1,37.95,2,1,0,1,0
4,19,7,2,0,1,28.72,6,0,1,0,0
2,31,11,1,0,1,79.7,5,0,0,0,0
0,25,9,4,0,1,36.08,6,0,0,0,0
2,31,4,4,1,0,80.39,4,0,0,0,0
4,45,12,5,1,1,298.02,5,1,0,0,0
2,50,9,4,1,1,315.44,4,1,0,0,0
3,24,8,3,0,0,62.47,2,1,0,0,0
9,19,12,4,1,1,60.97,7,0,1,0,0
0,26,7,2,0,1,39.45,9,0,0,0,0
3,19,9,1,0,1,25.21,2,0,1,0,0
4,21,1,1,0,0,51.05,8,1,0,0,0
0,49,3,1,0,1,284,6,1,0,0,0
3,34,4,2,0,1,118,6,0,0,0,0
6,34,4,3,1,0,213.64,5,0,0,0,0
5,20,3,1,0,1,45.2,10,0,0,0,1
3,26,12,4,1,1,19.24,3,1,0,0,0
2,32,5,5,0,0,111.37,1,0,0,0,0
7,20,4,5,0,0,73.38,7,0,0,0,0
15,30,11,3,1,0,753.49,11,1,0,0,0
0,26,2,3,1,0,36.12,3,1,0,0,0
4,53,2,1,0,0,44.16,5,1,0,0,0
4,29,3,3,0,0,86.28,2,1,1,0,0
3,25,9,3,0,0,79,4,1,0,1,0
0,31,10,1,1,0,43.15,6,1,1,0,0
6,26,7,3,0,0,110.53,7,0,0,0,0
2,41,10,2,0,0,241.75,5,1,0,0,0
1,17,3,5,0,0,25.49,1,1,0,0,0
1,21,3,5,1,1,91.65,8,0,1,0,0
4,29,9,3,1,1,77.11,12,0,0,0,1
6,26,12,2,0,0,24.27,2,1,0,0,0
11,46,12,1,0,1,953.23,11,1,0,0,1
0,42,7,3,0,1,158.29,9,1,0,0,0
0,35,10,5,1,0,79.64,2,1,0,0,0
6,26,3,5,1,0,86.06,3,0,0,0,0
1,26,2,5,0,1,48.1,2,0,1,0,0
8,27,9,4,0,1,99.5,4,1,1,0,0
0,41,12,3,1,1,104.03,2,1,0,0,0
0,20,9,1,1,1,13.35,4,1,1,0,0
0,26,10,4,1,0,36.12,6,1,0,0,0
3,27,7,4,1,1,52.16,3,1,0,0,0
6,31,4,1,1,1,106.78,7,1,1,0,1
6,27,10,1,0,1,51.08,4,0,1,0,0
3,27,1,3,0,1,87.12,7,1,0,0,1
3,44,6,1,0,1,277.15,11,0,0,0,0
0,31,6,3,1,0,31.96,0,1,0,0,0
0,40,11,3,1,1,95.55,1,1,0,0,0
5,37,12,4,1,1,147.72,0,1,1,1,0
5,19,1,3,1,1,29.81,4,0,1,0,0
9,40,7,1,1,0,496.96,12,1,1,0,0
2,27,12,2,1,0,60.58,5,1,0,0,0
2,20,2,5,1,0,30.28,5,1,0,1,0
3,48,10,1,0,0,495.21,0,1,0,0,0
6,20,3,4,0,0,60.17,14,1,1,0,0
6,24,1,4,0,1,40.54,1,0,0,1,0
6,39,7,3,0,0,351.95,9,0,0,0,1
6,19,7,2,1,1,43.91,5,1,0,0,0
2,27,8,4,1,1,35.82,8,0,1,0,0
1,33,4,5,1,1,64.03,4,0,0,0,1
3,41,2,1,1,0,18.64,8,0,1,0,0
3,33,7,4,1,0,92.97,0,1,1,0,0
5,21,1,1,0,0,61.89,8,1,0,0,0
3,35,5,5,0,1,128.68,5,1,0,0,0
6,18,10,1,1,1,40.31,11,0,0,1,0
9,24,9,2,0,0,136.74,1,1,0,0,0
1,23,11,5,1,0,33.8,7,0,0,0,1
7,34,10,4,0,1,186.73,1,1,1,1,0
0,19,4,3,1,1,5.99,11,0,0,0,0
4,32,4,1,1,1,98.62,0,1,0,1,0
7,18,3,2,0,1,39.71,4,0,1,0,1
0,39,7,5,0,1,115.17,12,0,1,1,0
0,40,9,5,0,1,154.46,8,1,0,1,0
0,17,7,3,1,0,16.38,3,0,0,0,1
2,42,7,3,0,0,269.38,13,0,0,0,1
3,19,7,3,0,1,15.55,8,1,1,0,0
6,32,9,2,1,0,179.47,4,1,0,0,0
9,24,7,4,0,1,109.36,7,1,0,0,1
7,27,12,2,0,0,45.77,0,1,1,0,0
2,38,8,2,1,1,94.11,4,1,1,1,0
3,44,1,5,1,1,234.64,1,1,0,0,1
0,39,8,1,1,0,112.33,1,0,0,0,0
4,18,4,4,1,1,28.69,2,1,0,0,1
6,50,5,3,0,1,674.94,12,1,0,0,0
0,18,4,5,1,0,17.64,2,0,0,1,0
0,30,4,2,0,0,58.44,6,0,1,0,0
0,18,1,3,1,1,65.74,3,0,0,0,0
1,31,5,2,1,0,67.22,7,0,0,0,0
3,44,4,2,0,1,283.77,13,1,0,0,1
9,25,3,3,0,1,40,2,0,1,0,1
0,33,12,3,0,1,74.86,2,1,0,0,1
12,18,1,4,0,1,74.5,13,1,1,0,0
3,19,7,4,1,1,56.55,6,1,0,1,0
6,46,12,1,1,1,385.2,5,0,1,0,1
2,30,8,2,1,1,57.51,6,1,0,0,0
3,36,4,3,0,1,162.21,8,1,0,1,0
0,20,1,3,0,1,26.57,1,0,0,1,0
5,33,12,2,0,0,96.61,12,0,0,0,0
5,38,12,5,1,1,197.04,13,1,0,0,0
1,29,2,1,0,1,55.07,14,1,1,1,0
6,30,3,2,0,0,127.91,7,0,1,0,0
4,26,4,5,0,1,75.63,7,1,1,0,1
2,27,1,1,0,0,71.67,5,1,0,0,0
6,21,11,2,0,0,70.52,5,0,0,0,0
0,41,3,5,1,1,104.03,6,0,0,0,0
2,39,5,3,0,1,129.33,12,1,1,0,0
1,18,8,2,1,1,16.38,3,1,0,0,0
0,29,6,3,0,1,51.48,2,1,0,0,0
4,52,12,5,0,1,612.37,4,0,0,0,0
5,27,9,3,0,1,82.83,4,1,0,0,0
0,36,12,1,0,1,94.83,5,1,0,0,0
0,39,6,1,0,1,99.61,11,1,1,0,0
11,26,1,4,0,0,29.22,11,0,0,1,0
0,22,6,3,0,1,27.55,15,0,0,0,0
2,22,9,3,1,1,21.11,7,1,1,0,0
6,22,1,2,0,1,37.1,3,0,1,1,0
4,39,10,4,1,0,229.76,1,0,0,0,0
3,29,9,4,1,0,82.54,1,1,0,0,1
12,30,10,5,0,1,252.84,10,1,1,1,0
1,38,12,2,1,0,123.32,11,1,0,0,0
2,21,7,3,1,0,32.96,2,1,0,0,0
10,26,4,4,1,0,175.49,4,1,1,0,0
6,28,6,3,1,0,65.04,3,1,0,0,0
6,36,7,5,0,0,17.15,4,0,1,1,0
10,34,2,1,0,0,376.72,12,1,0,0,0
5,25,4,5,0,0,88.72,6,0,0,0,0
6,21,4,5,0,0,57.26,9,1,1,0,0
0,27,5,3,0,0,44.82,9,1,1,0,0
6,41,8,3,1,0,398.87,3,0,0,0,1
10,25,10,3,1,1,158.09,1,1,0,0,1
4,24,11,5,0,0,71.19,7,0,0,0,0
0,26,7,1,1,1,28.22,1,0,0,0,0
5,22,11,4,0,1,61.19,1,0,0,1,0
0,41,7,1,1,1,54.65,3,0,1,0,0
5,44,10,3,1,0,429.6,12,1,0,0,1
5,17,7,1,0,0,40.34,6,1,1,1,0
8,18,1,2,0,1,62.93,13,1,0,1,0
8,18,12,1,0,0,71.34,9,1,0,0,1
9,34,4,1,0,0,330.62,8,0,0,0,0
6,49,10,2,1,0,760.7,2,1,0,0,0
2,18,9,2,1,0,4.82,3,1,1,0,0
6,18,12,1,1,1,40.26,2,0,0,0,0
5,20,3,2,0,1,35.85,4,0,1,0,0
5,19,4,3,0,1,41.27,1,0,0,0,1
3,22,6,4,0,0,89.24,2,1,0,1,0
0,23,6,4,0,1,30.15,8,1,0,0,0
3,29,10,3,1,1,26.57,1,1,0,0,0
9,20,1,5,1,0,85.5,6,1,1,0,0
12,25,8,5,0,1,176.96,3,0,0,0,1
0,19,6,5,0,0,26.86,3,0,0,0,0
12,29,10,3,1,0,403.37,2,1,0,0,0
7,38,6,1,0,1,280.88,5,0,0,0,0
5,19,12,4,0,0,51.6,6,0,0,0,0
2,27,2,4,0,1,52.56,0,0,1,1,0
2,40,9,1,0,1,29.72,9,0,1,1,0
9,26,8,4,0,0,167.43,4,1,0,0,1
0,58,2,1,1,1,342.47,1,0,1,0,0
0,19,10,4,0,1,19.7,5,1,1,1,0
0,40,5,5,1,1,96.13,5,0,0,1,0
4,25,10,1,0,1,30.14,0,0,0,1,0
5,20,6,3,0,1,45.2,1,1,0,0,1
9,20,5,4,1,1,68.38,10,1,1,0,1
1,18,12,3,1,0,17.03,7,1,1,0,0
0,20,11,1,0,1,22.98,8,1,0,0,0
0,28,3,4,1,1,33.7,8,0,0,0,0
6,22,9,3,0,1,98.23,11,0,1,0,0
4,20,4,5,1,0,43.05,9,0,0,0,0
6,48,11,5,0,0,594.87,4,1,1,0,0
3,22,11,2,1,0,43.15,9,1,0,0,0
1,38,12,2,0,1,128.33,1,1,0,0,0
3,21,2,5,1,1,31.52,10,1,0,0,1
1,24,10,3,0,1,35.29,7,0,1,1,0
3,19,2,4,1,1,42.8,6,1,0,0,0
1,28,4,5,0,0,68.74,2,0,0,0,0
1,17,9,2,1,0,19.14,8,0,0,0,0
6,19,3,2,1,1,35.65,7,0,1,0,0
2,32,12,2,1,0,87.74,2,1,0,0,0
0,41,6,2,1,1,106.51,0,0,0,0,1
6,28,3,5,0,0,89.31,6,0,0,0,0
3,28,1,3,0,0,20.23,3,0,1,0,0
0,29,7,1,1,0,38.5,8,0,1,1,0
4,39,8,2,0,1,61.76,2,1,1,1,0
12,34,5,4,0,0,489.12,4,1,0,0,0
0,49,12,3,1,1,203.13,11,0,0,0,0
12,33,2,5,0,0,518.39,5,0,0,1,0
0,35,8,2,1,0,79.64,4,0,0,0,0
0,44,3,3,1,0,171.53,3,0,0,0,0
0,27,6,2,1,1,25.04,5,1,1,0,0
5,40,8,1,1,0,306.37,6,1,0,0,1
6,39,4,3,0,1,268.51,7,0,0,0,0
5,26,5,4,1,1,56.04,8,1,1,0,0
0,58,6,4,1,0,438.42,9,1,1,0,0
5,40,1,5,0,1,52.79,11,1,1,0,1
7,40,6,2,1,1,70.76,1,0,0,1,0
0,19,8,5,1,0,12.03,10,1,0,0,0
10,30,10,3,1,1,240.62,1,0,0,0,0
3,51,3,3,0,1,402.11,12,1,1,0,0
8,31,7,4,0,1,201.68,2,0,0,1,0
8,20,5,5,0,0,83.62,1,1,0,0,0
1,29,11,5,1,1,44.03,3,0,0,0,0
1,36,10,3,0,1,108.06,8,0,0,0,0
0,36,5,4,1,0,70.5,7,1,1,0,0
7,31,4,3,0,0,195.99,5,1,0,0,0
0,28,8,3,1,1,64.75,10,1,1,0,0
5,21,8,1,1,1,45.08,1,1,0,0,1
0,20,7,3,0,1,18.66,3,0,1,0,0
1,37,2,3,0,0,174.32,5,0,0,1,0
2,17,10,1,0,1,18.42,2,0,1,0,0
0,24,4,5,1,0,59.51,5,0,0,0,0
1,27,3,1,0,1,64.48,2,1,0,0,0
8,18,7,5,0,0,71.34,9,1,0,0,1
8,26,6,3,0,0,143.51,5,0,0,0,0
6,27,11,4,1,0,115.5,13,1,0,0,0
9,17,5,1,0,0,60.22,5,0,1,0,1
5,27,1,5,1,0,78.89,2,1,1,1,0
6,29,4,4,1,0,137.89,1,1,0,0,0
0,38,1,2,1,0,79.52,1,0,1,0,0
6,30,12,1,0,1,32.51,9,1,0,1,0
5,32,1,5,0,1,128.7,4,0,0,0,0
1,24,3,2,1,1,3.9,1,0,0,1,0
5,50,3,1,1,0,690.68,1,0,0,0,0
0,32,7,2,1,0,46.14,4,0,0,0,0
8,30,10,1,0,0,204.53,0,1,0,0,0
9,19,3,4,0,0,72.31,6,1,1,0,1
6,41,11,2,0,0,338.79,8,1,1,0,1
4,22,6,1,1,1,52,3,1,0,0,0
2,18,3,3,0,1,20.19,12,1,1,0,0
9,20,1,3,0,0,97.55,4,0,0,0,1
4,19,7,2,1,0,75.31,1,1,0,0,0
12,34,3,1,0,1,317.64,6,1,1,0,1
5,25,11,3,0,1,69.3,3,1,0,0,0
4,37,8,4,0,1,174.24,10,1,0,0,0
3,53,9,3,1,0,617.18,1,1,0,0,0
0,40,7,4,1,0,3.27,1,0,1,0,0
6,36,8,3,1,1,198.42,1,1,0,0,0
1,24,8,4,1,0,36.12,1,0,0,0,0
1,21,3,4,1,1,17.9,9,0,1,0,1
8,25,12,1,1,0,138.21,5,0,0,0,0
0,36,8,4,0,1,94.83,10,0,0,0,0
10,30,2,3,0,0,20.88,5,1,0,0,0
1,23,1,2,0,0,50.85,3,1,0,1,0
6,20,1,3,0,1,50.31,2,0,0,0,0
0,46,7,3,1,1,131.68,7,1,1,0,1
9,19,1,2,1,0,78.06,1,0,1,0,0
4,22,4,5,0,1,38.61,2,0,1,0,1
3,54,3,1,1,1,89.87,4,1,0,0,1
2,18,9,2,1,0,20.49,0,1,0,0,0
9,23,6,3,0,1,99.96,3,0,0,0,1
8,35,10,2,0,0,316.43,4,1,0,0,0
12,22,3,5,0,0,137.19,3,1,1,0,0
5,23,2,1,1,0,67.53,1,1,0,0,0
4,24,10,4,1,1,39.18,4,0,1,0,0
0,30,3,4,1,1,67.74,2,1,1,0,0
6,19,6,2,0,1,45.93,5,0,0,0,0
1,42,12,1,1,0,25.79,12,1,0,0,0
6,23,8,5,1,0,80.76,4,0,0,0,0
0,17,6,3,1,1,10.15,1,0,1,0,0
9,29,12,4,1,0,237.26,0,1,0,1,0
3,26,9,5,0,1,67.48,11,1,0,1,0
0,31,4,3,0,1,49.84,6,1,1,0,0
6,19,5,1,0,1,45.93,5,0,0,0,0
0,24,6,4,0,1,26.78,7,1,1,0,0
4,29,4,2,1,0,78.29,11,1,1,0,0
3,29,7,4,1,1,62.98,7,0,0,0,0
0,18,5,5,0,0,24.52,9,0,0,0,0
2,36,9,3,1,1,15.14,7,0,0,0,0
2,19,4,2,1,1,19.71,1,1,1,0,0
5,29,6,5,1,1,90.61,1,0,0,1,0
9,27,12,2,1,1,39.15,10,0,0,0,0
0,36,6,4,0,1,89.03,4,0,1,1,0
8,34,11,4,1,0,305.54,3,1,0,0,0
5,27,11,2,0,0,99.54,4,0,1,1,0
0,26,10,2,1,1,22.91,12,1,1,0,0
2,41,1,3,1,0,190.46,5,1,0,0,0
0,47,5,3,0,1,195.42,3,0,1,0,0
8,18,10,5,0,0,80.56,1,1,0,1,0
0,35,4,1,1,1,62.21,5,1,0,0,0
3,26,11,4,1,1,49.41,12,1,0,0,1
4,20,12,4,0,1,31.46,5,0,1,0,0
1,27,7,1,1,1,8.34,8,1,0,0,0
6,29,5,3,0,0,144.24,6,1,0,0,0
6,25,3,3,0,0,101.09,12,1,0,0,0
4,43,3,1,0,0,301.79,10,0,1,0,0
0,37,1,1,0,1,97.03,3,1,1,1,0
1,39,2,5,0,1,139.79,12,0,0,0,0
0,30,12,1,1,1,40.21,11,1,0,0,0
12,21,3,4,0,1,120.56,5,0,0,0,0
6,29,8,3,0,1,91.49,8,1,1,0,0
13,28,8,5,0,0,329.28,8,1,0,0,0
0,22,6,2,1,1,19.82,7,0,0,1,0
1,18,12,1,1,1,60.92,10,0,0,0,0
8,18,10,3,1,0,59.93,1,0,1,1,0
6,19,1,4,0,0,84.33,1,1,0,0,1
7,51,4,4,1,1,857.59,0,1,0,0,1
2,25,7,2,0,1,43.69,6,0,0,1,0
3,46,10,1,1,1,221.29,0,1,1,1,0
5,24,1,1,0,1,51.45,7,1,1,0,0
8,53,6,3,1,0,1509.71,3,1,0,0,0
15,39,5,2,0,1,1005.21,9,0,0,1,0
0,24,6,2,1,1,86.13,11,1,0,0,0
4,23,7,2,1,1,6.23,2,0,1,1,0
4,35,4,5,1,0,166.79,6,0,0,0,1
4,20,8,4,1,1,70.74,4,1,0,0,0
2,21,9,1,0,1,26.53,1,1,1,0,0
1,21,4,1,1,1,21.66,4,1,0,1,0
3,18,7,1,1,0,79.95,2,0,0,0,0
1,35,7,3,1,1,60.41,0,1,1,0,0
10,26,12,3,0,1,118.18,5,0,1,0,0
4,31,3,2,1,0,114.97,3,1,0,0,0
2,44,9,3,1,0,246.8,7,1,0,1,0
8,37,7,4,1,1,53.26,11,1,1,0,0
3,42,7,4,0,1,190.15,8,0,1,0,0
2,30,1,1,1,0,75.38,9,0,0,0,1
0,29,8,3,1,1,37.04,9,0,0,1,0
4,42,1,3,1,1,48.3,1,1,0,0,0
0,47,4,5,1,1,66.5,5,0,0,0,0
8,18,9,4,1,1,57.81,3,1,0,0,0
2,38,10,3,1,1,115.21,2,1,0,0,0
4,30,8,4,1,0,105.3,7,0,0,0,0
0,40,1,1,1,0,123.06,12,0,0,1,0
2,27,9,3,1,0,57.82,0,0,0,0,1
7,48,12,4,1,1,81.45,5,1,0,0,0
2,39,1,3,1,1,101.9,4,1,1,0,0
4,27,4,4,1,1,45.24,9,0,0,1,0
0,30,2,2,1,1,32.65,1,1,1,0,0
5,24,1,1,0,0,81.11,12,1,0,0,0
7,19,4,3,0,1,52.33,5,1,0,0,0
2,23,2,3,0,1,63.52,3,1,0,0,1
7,21,1,1,0,1,50.97,8,1,1,0,0
5,40,2,2,0,1,256.62,1,0,0,0,0
7,54,8,4,0,0,1397.21,2,0,0,0,1
0,27,3,1,0,1,44.15,8,1,0,0,1
6,18,8,2,1,0,52.53,4,0,0,0,1
0,25,3,1,1,1,25.8,10,1,0,0,0
13,23,9,4,1,0,282.53,2,1,0,0,0
7,30,1,4,0,0,207.53,5,1,0,1,0
3,20,3,3,1,0,29.23,1,1,1,0,0
11,27,2,2,1,0,282.53,4,0,0,0,0
3,24,2,1,1,0,41.95,9,0,1,0,0
6,20,10,4,0,1,50.31,4,0,0,0,0
5,25,12,4,0,1,70.96,9,0,0,0,1
8,32,4,2,0,1,190.41,6,1,0,0,0
0,21,5,3,1,1,18,3,0,0,0,0
7,25,8,5,0,1,89.98,9,0,0,0,0
1,29,6,3,1,0,56.37,3,1,0,0,0
0,27,10,5,0,0,55.2,12,0,0,0,0
13,21,8,3,0,0,165.1,4,0,1,1,0
3,20,1,3,0,1,31.92,5,1,1,1,0
0,37,10,1,1,1,73.93,2,0,0,0,0
0,44,6,3,1,1,108.8,1,1,1,0,0
2,40,4,1,1,0,47.83,4,1,0,0,0
0,27,10,5,0,0,55.2,12,1,0,0,0
4,24,10,5,0,1,46.23,2,0,1,0,1
0,27,2,2,0,1,43.12,6,0,0,0,0
2,41,5,5,0,1,188.84,0,0,0,0,0
0,27,2,3,0,0,56.52,3,1,0,0,1
2,35,7,2,1,1,72.25,10,0,1,0,0
8,19,12,4,1,1,50.99,5,0,1,0,0
8,43,4,3,1,0,675.52,11,1,0,0,1
1,27,5,1,1,0,47.5,5,0,0,1,0
6,35,12,5,1,1,181.99,13,1,0,0,0
10,29,9,5,0,1,189.94,9,0,0,0,0
0,40,11,5,0,0,138.87,1,0,1,0,0
2,41,2,5,1,1,148.78,10,0,0,0,0
4,17,4,4,0,0,37.71,9,1,0,0,0
8,24,7,3,1,1,56.52,2,0,1,1,0
0,24,6,1,1,0,38.85,8,0,0,0,0
0,20,11,1,1,1,13.35,7,1,1,0,0
9,20,12,4,0,1,59.98,7,0,1,0,0
1,17,9,2,0,0,20.7,4,1,1,0,0
8,18,8,2,1,1,57.31,12,0,0,0,0
2,21,8,3,1,1,20.9,0,1,1,0,0
6,29,7,3,0,0,117.12,12,1,1,0,0
2,18,12,2,0,0,15.76,3,0,1,0,0
9,18,12,4,1,1,55.65,3,0,1,0,0
3,24,6,2,1,1,40.35,12,0,0,0,0
9,40,11,3,1,1,76.05,5,0,1,1,0
2,22,2,5,0,1,35.77,2,1,0,0,0
6,19,4,3,0,0,58.8,4,1,0,0,0
3,36,10,2,1,0,59.34,6,0,0,0,1
4,45,4,4,1,0,15.09,14,1,1,0,0
0,51,1,3,0,1,334.75,2,0,0,0,0
2,25,8,2,0,1,46.84,10,1,0,0,0
4,28,8,1,1,0,71.66,12,0,1,0,0
2,19,8,5,0,1,25.39,2,1,0,0,0
1,17,8,2,0,0,20.7,5,0,1,0,0
12,27,10,1,0,0,264.44,10,1,0,0,0
3,36,10,2,1,1,116.71,9,0,0,1,0
10,32,6,5,0,1,200.73,10,1,1,0,0
0,43,11,4,1,0,157.7,6,0,0,0,0
0,28,3,5,1,1,33.7,5,1,0,0,0
0,28,11,4,1,1,33.91,1,1,0,1,0
8,37,5,3,0,0,305.31,6,0,1,0,0
0,37,10,2,0,1,17.86,0,0,1,0,0
2,17,2,3,1,1,17.88,0,1,0,0,0
5,57,9,5,0,1,1045.61,4,1,0,0,0
10,26,5,3,0,0,186.33,2,1,0,0,0
0,20,5,1,0,1,84.64,4,0,1,0,0
0,31,7,4,1,1,44.95,2,0,0,0,1
6,28,6,5,0,1,119.24,2,1,0,1,0
3,17,1,4,0,0,59.11,2,1,0,0,0
8,35,12,5,1,1,211.34,5,0,1,0,0
0,21,5,4,0,0,32.22,4,0,0,0,0
0,27,1,2,1,0,40.43,6,1,0,0,1
0,32,6,3,0,1,68.6,3,1,0,0,1
7,31,7,5,1,0,159.66,12,1,1,0,0
0,25,1,4,1,1,25.8,6,0,0,0,0
6,21,9,2,0,0,57.26,9,0,1,0,0
0,45,8,2,1,1,146.58,7,1,0,1,0
2,38,8,2,0,1,146.23,2,0,0,0,0
6,25,2,5,1,0,96.64,7,0,0,0,0
8,17,4,5,0,1,49.66,4,1,0,0,0
1,18,10,5,0,1,17.72,3,0,1,0,0
0,18,4,2,0,0,28.35,2,0,0,1,0
4,26,9,1,1,1,57.71,12,1,0,0,0
0,40,4,3,1,1,95.55,2,0,0,0,0
6,17,1,5,0,0,48.97,0,1,0,0,0
4,38,12,3,0,0,197.35,1,1,1,0,0
1,45,2,2,0,1,232.12,2,1,0,0,0
0,24,6,1,0,1,32.99,9,1,0,0,0
0,43,8,5,1,1,126.12,1,1,0,0,1
12,28,8,4,0,1,211.91,2,0,1,1,0
5,28,6,1,0,0,115.87,4,1,0,0,0
0,18,6,2,1,0,17.54,2,0,0,0,0
2,44,12,2,1,0,199.19,11,0,1,0,0
6,29,3,1,0,0,119.92,9,1,1,0,1
1,41,1,1,0,1,165.73,3,0,0,0,0
6,27,3,2,0,0,120.82,2,0,0,0,0
4,21,11,4,0,1,42.43,1,1,0,0,0
4,38,4,4,1,1,70.2,9,1,0,0,1
0,19,3,1,0,1,20.98,6,1,0,0,0
6,44,4,4,1,0,513.76,4,0,0,0,1
0,33,4,1,0,1,84.53,3,1,0,1,0
2,30,1,5,1,0,73.63,8,0,0,0,0
11,24,3,5,0,1,138.68,4,1,0,0,0
4,17,8,3,0,0,30.62,1,0,1,0,0
10,21,5,3,0,0,121.71,10,1,0,0,1
0,62,6,4,0,1,936.28,7,0,0,1,0
6,46,10,1,0,1,484.69,0,1,0,0,0
0,35,7,4,1,1,62.21,8,1,0,0,0
6,29,5,4,1,0,114.63,7,1,1,0,1
0,19,8,2,0,1,85.6,4,0,0,0,0
9,34,11,5,0,0,330.62,10,1,0,0,0
1,18,12,2,1,1,13.3,3,1,1,0,0
0,19,12,3,0,0,31.06,2,1,0,1,0
4,41,3,4,1,0,272.39,2,1,0,0,0
0,55,3,2,0,0,593.29,10,1,0,0,0
3,44,9,5,1,0,243.9,7,1,1,0,1
7,23,10,2,1,0,78.42,3,1,1,0,0
1,38,11,5,0,0,10.86,6,0,0,0,0
0,25,5,4,0,0,46.19,5,1,0,0,0
1,29,10,2,0,1,47.63,3,0,1,0,0
12,19,10,4,0,1,100.52,2,1,0,0,0
5,33,2,3,1,1,127.92,1,1,0,0,0
6,17,2,1,0,0,48.97,2,1,0,0,0
6,62,5,1,0,1,1772.44,8,1,0,0,0
7,33,12,4,1,1,182.95,9,0,0,0,0
3,36,10,1,1,1,26.13,6,1,0,0,1
4,18,3,4,0,0,71.01,6,0,1,0,0
9,19,12,5,1,0,98.43,1,1,0,0,1
0,24,6,3,1,1,23.59,6,1,0,0,0
0,31,10,1,1,1,35.65,1,1,1,0,0
1,38,4,1,1,1,96.33,1,0,0,0,0
0,26,11,4,0,1,45.61,2,0,0,1,0
1,27,6,2,0,1,39.9,1,0,1,0,0
4,22,5,3,0,1,13.33,5,1,0,0,0
6,36,5,5,0,0,215.75,7,1,1,0,0
2,33,4,4,0,1,79.49,5,0,0,0,0
7,21,11,5,0,0,80.35,3,1,0,0,0
0,36,9,3,1,1,77.94,10,1,1,0,0
4,46,11,3,0,0,388.04,2,1,1,0,0
6,30,6,2,0,0,182.13,3,0,0,1,0
8,22,2,3,1,0,108.06,13,1,0,0,1
11,23,9,5,0,1,60.01,0,0,1,1,0
6,45,8,4,1,0,445.71,1,0,1,1,0
3,29,4,3,1,1,30.28,5,0,1,0,1
0,42,4,5,1,1,94.12,4,1,1,0,1
2,19,2,2,0,1,22.12,7,0,1,0,0
0,21,12,3,1,0,23.04,8,0,0,0,0
12,26,2,5,1,0,310.97,6,1,0,1,0
0,22,5,1,1,1,98.83,11,1,1,0,0
4,33,1,3,1,1,109.52,5,0,0,0,1
6,23,7,2,0,1,65.99,2,1,0,0,0
12,22,2,4,1,0,175.29,11,1,1,0,0
0,40,4,2,1,1,95.55,0,1,0,0,0
1,17,1,4,1,0,15.91,5,1,1,0,1
7,24,7,1,1,0,106.3,3,1,0,1,0
0,23,3,2,1,1,93.52,5,1,0,0,0
1,55,11,1,1,1,321.87,10,0,1,0,0
6,24,8,4,1,1,56.04,3,1,1,0,0
1,28,1,1,0,1,54.98,6,1,0,0,1
1,20,8,2,0,0,33.53,11,1,0,0,0
0,35,11,1,0,1,86.98,8,0,0,0,0
0,39,2,1,0,1,115.17,4,1,1,1,0
0,18,10,4,0,1,19.15,5,1,0,0,0
0,18,6,5,1,0,17.54,7,1,0,0,0
6,34,3,1,1,0,51.92,3,1,0,0,0
1,18,9,4,1,1,16.38,0,1,0,0,0
2,29,10,5,0,1,62.75,0,1,1,1,0
1,18,9,1,1,0,17.03,13,1,1,0,0
6,21,4,5,1,0,67.41,12,1,0,0,0
0,30,7,2,0,0,58.44,1,1,1,0,0
3,21,1,3,1,0,5.82,8,1,0,0,0
10,34,1,3,0,0,305.89,0,0,1,0,0
3,33,1,3,1,1,89.44,12,1,0,0,0
3,29,2,4,1,1,63.36,4,1,0,1,0
0,31,12,5,0,1,61.39,3,0,0,0,0
6,23,5,5,1,0,80.76,1,1,0,0,0
8,29,12,1,1,0,197.21,2,1,0,0,0
0,21,10,3,1,1,18,2,1,0,0,0
8,22,2,2,1,1,66.94,1,1,1,0,0
4,27,10,4,0,1,72.69,8,1,0,0,0
0,62,11,2,0,1,809.82,2,1,0,0,0
0,34,10,1,0,1,63.81,14,0,0,0,0
13,29,1,3,1,1,313.27,3,1,1,0,1
11,20,9,1,1,0,58.8,2,0,0,0,0
4,17,5,5,1,1,25.57,7,1,0,0,0
9,33,7,1,0,0,303.07,7,0,0,0,0
0,26,8,2,0,1,32.03,6,0,1,0,0
10,23,1,4,1,0,22.59,4,1,0,0,0
0,20,7,2,1,1,13.35,13,0,1,0,0
3,34,8,4,0,1,110.77,1,1,1,1,0
0,32,4,2,1,1,38.91,2,1,1,0,0
6,29,9,3,1,0,1.45,12,0,0,1,0
0,31,12,5,1,1,43.91,2,1,0,0,0
2,42,2,5,1,1,73.74,2,1,0,0,0
1,45,5,2,0,1,232.12,2,1,0,0,0
0,32,8,2,1,0,97.96,8,0,0,0,1
1,41,4,2,1,0,81.31,10,1,0,0,1
11,17,5,5,0,0,94.05,1,1,0,0,0
5,27,7,1,0,1,82.83,0,0,0,0,0
0,24,1,2,1,0,42.27,10,1,0,0,0
0,29,8,1,0,1,51.48,3,1,0,0,0
5,21,1,3,1,0,56.37,3,1,0,0,0
12,34,12,2,0,1,317.64,2,1,1,0,1
0,58,11,3,0,0,754.93,0,1,0,0,0
17,21,7,1,0,0,296.47,14,1,0,0,0
0,40,8,1,1,1,42.78,7,1,0,1,0
2,35,3,1,1,1,88.98,13,1,0,0,0
5,35,7,3,0,0,213.89,2,1,0,0,0
6,27,7,2,1,0,83.08,1,0,0,0,0
8,27,6,2,0,1,101.87,0,1,1,0,1
8,31,6,3,0,0,223.32,7,0,0,0,0
5,18,4,1,0,1,29.87,2,0,1,0,0
6,29,1,4,1,1,107.71,11,0,0,0,0
4,18,5,4,1,0,29.13,1,1,1,0,0
7,30,7,4,0,1,162.11,12,1,0,1,0
10,35,8,4,0,0,6.95,3,1,0,0,1
5,46,1,3,1,0,495.99,1,1,0,0,0
7,23,9,4,1,1,75.44,5,0,0,0,0
0,32,5,2,0,0,85.78,0,1,0,0,0
0,24,8,3,0,1,28.7,2,0,0,0,1
5,18,11,4,0,1,66.83,8,0,0,0,0
3,25,1,1,1,0,45.88,3,1,1,0,0
5,45,4,5,1,0,459.01,3,0,0,1,0
0,21,8,1,1,0,18.71,4,1,1,0,0
6,18,9,3,1,0,51.3,3,1,0,0,0
2,36,2,1,1,1,97.01,5,0,0,0,0
0,39,6,4,1,0,19.88,8,0,0,0,0
16,21,4,1,0,0,211.26,3,0,1,0,0
3,39,8,2,0,0,32.21,3,0,0,1,0
5,22,10,2,1,1,49.35,1,1,0,0,1
4,48,6,1,0,0,577.75,0,0,0,0,1
1,28,11,1,1,0,80.31,7,0,1,0,0
9,21,8,5,1,0,118.05,5,1,0,0,1
0,22,12,1,0,0,48.8,12,0,0,0,0
6,31,2,5,1,0,164.42,10,0,0,0,0
0,31,8,4,0,1,61.39,1,0,0,0,0
4,25,6,1,0,1,60.82,3,1,0,0,0
5,27,8,2,1,0,78.42,11,0,1,0,0
4,40,4,5,0,1,225.21,13,1,0,0,0
1,21,2,4,1,1,17.9,3,0,1,0,1
6,19,1,2,1,1,8.43,8,1,0,0,0
2,39,4,2,0,1,78.76,1,1,0,1,0
1,34,11,5,0,1,79.16,1,0,1,0,0
4,34,10,2,0,1,137.66,2,0,0,0,1
2,26,2,4,0,1,59.22,3,1,0,1,0
4,20,10,2,0,1,38.75,9,0,0,0,0
0,27,10,4,1,0,68.76,11,1,0,0,0
0,26,4,5,1,1,28.22,3,1,0,0,0
0,31,6,1,0,1,57.63,4,0,1,1,0
0,20,11,1,1,0,21.05,0,0,0,0,0
0,25,11,1,0,1,29.3,7,1,1,0,0
8,41,1,2,0,0,529.1,10,0,0,0,0
1,20,9,1,1,1,19.66,10,1,0,0,0
6,28,10,5,1,1,98.6,11,0,0,0,0
12,34,11,5,0,0,489.12,4,0,0,0,0
5,24,10,2,1,1,57.71,1,1,0,0,0
6,27,3,1,0,1,96.63,4,1,0,0,1
6,20,9,3,1,0,49.99,1,0,1,0,0
2,19,12,3,0,1,27.25,1,1,0,0,0
10,20,2,5,0,0,88.15,10,0,1,0,0
4,29,9,1,0,0,111.1,0,0,0,0,0
8,29,12,1,0,1,79.49,7,1,0,0,1
3,19,12,5,0,1,31.04,1,0,0,0,0
6,17,12,1,1,0,80.82,7,0,0,0,0
2,24,11,4,1,1,33.74,8,1,0,0,0
4,36,11,2,0,1,129.8,1,0,1,0,0
6,26,12,5,1,1,86.54,8,0,0,0,0
3,20,2,3,0,1,27.61,13,0,1,0,0
8,31,5,5,0,1,174.44,4,0,0,0,0
8,48,7,2,0,1,603.33,1,1,1,0,0
4,20,9,2,1,1,33.63,10,1,0,0,0
0,45,12,3,0,1,21.09,14,1,1,0,0
8,19,5,3,1,1,50.99,11,1,1,0,0
17,27,2,5,0,0,520.07,2,1,0,0,1
0,33,9,1,1,1,11.51,9,1,0,0,0
12,18,12,5,0,0,117.45,1,1,0,0,0
9,27,6,2,0,0,178.75,1,1,0,0,0
3,20,2,5,0,1,34,1,1,0,0,0
0,27,3,4,1,0,11.88,2,0,1,1,0
10,26,1,5,0,0,154.9,2,1,1,0,1
0,23,5,2,0,0,38.6,5,0,0,0,0
0,48,8,3,0,1,302.31,3,1,0,1,0
3,19,4,5,1,0,32.86,0,1,0,0,0
1,17,10,2,1,1,14.95,4,0,0,0,0
0,27,3,2,1,1,31.03,9,1,0,1,0
8,29,7,4,1,1,154.05,3,1,0,0,0
11,29,4,5,0,1,216.43,7,0,0,0,0
7,28,5,3,0,0,122.16,11,1,1,0,0
2,34,12,5,1,1,83.54,4,1,0,0,1
6,31,3,2,0,1,109.09,2,0,1,0,0
6,31,5,2,1,0,164.42,3,1,0,0,0
0,17,5,5,1,1,12.5,2,0,0,0,0
0,18,11,3,1,1,55.78,12,0,1,1,0
13,22,7,2,0,0,192.52,5,1,0,0,0
3,20,4,3,0,1,34,14,0,0,0,0
1,32,2,2,1,1,57.31,3,0,0,0,0
3,55,11,1,1,1,41.83,5,0,0,0,0
9,31,10,5,1,1,95.23,4,1,0,1,0
1,53,11,4,0,1,421.57,1,0,1,1,0
1,43,1,2,0,0,251.23,1,0,0,0,0
4,50,11,2,1,1,375.06,7,0,1,0,1
7,26,4,3,0,1,100.73,0,1,0,0,1
0,18,10,4,1,1,28.9,12,1,1,0,1
12,34,3,4,0,0,489.12,8,1,0,0,0
3,39,8,1,1,1,153.66,4,1,0,0,1
3,18,11,3,0,1,23.01,4,0,1,0,0
6,26,3,1,1,0,86.31,1,0,1,1,0
8,27,3,2,1,0,169.13,0,0,0,0,1
2,18,8,4,0,1,70.92,3,0,0,0,0
15,17,7,5,1,0,235.62,6,1,0,1,0
6,43,7,3,1,1,13.08,9,0,1,0,0
7,17,12,2,0,0,36.9,1,0,0,0,1
4,34,12,3,1,1,116.69,12,1,0,0,0
4,28,11,5,1,1,41.84,5,1,1,0,0
13,39,8,5,1,1,898,3,1,0,0,0
9,21,8,4,0,1,55.82,9,1,1,0,0
0,21,4,3,1,0,12.34,5,1,1,0,1
1,32,4,4,1,1,46.54,3,1,1,0,0
0,31,8,4,1,1,36.5,5,0,1,0,1
11,52,11,3,0,1,1527.2,11,1,0,0,0
6,42,10,1,0,1,346.46,5,1,0,0,0
8,17,11,4,0,1,84.68,6,1,1,0,0
0,29,8,4,1,1,29.9,13,1,1,0,0
3,42,9,5,0,1,234.18,2,1,0,0,0
0,30,6,3,1,0,41.8,12,1,1,0,0
9,52,6,4,1,1,1055.55,4,1,1,0,0
5,43,4,5,1,1,244.67,1,1,1,0,0
4,28,5,5,1,0,71.66,5,0,1,0,0
0,25,2,2,1,1,20.95,0,0,1,0,0
0,31,11,1,0,1,90.15,5,1,0,0,0
4,20,12,2,1,1,33.63,1,1,0,0,0
0,34,3,4,1,0,59.3,3,1,1,0,0
7,47,7,4,0,0,22.91,1,1,1,0,0
11,40,5,5,0,0,736.18,0,0,0,0,1
9,28,4,2,1,0,175.29,8,1,1,0,0
15,38,2,5,0,0,1046.17,3,0,0,0,1
3,32,5,4,1,1,66.55,9,1,1,0,0
12,25,6,3,0,1,140.33,3,1,1,0,0
0,25,3,1,1,0,33.03,1,0,0,0,0
4,28,7,3,1,0,88.25,6,1,0,0,0
0,23,1,2,1,1,21.7,12,1,0,1,0
10,25,8,3,0,0,170.41,0,1,0,0,0
3,32,2,5,0,0,126.9,8,0,0,0,0
1,33,6,5,0,1,85.3,6,0,0,0,1
8,33,9,2,0,0,90.75,13,0,1,0,0
3,31,12,1,0,0,60.56,8,1,0,0,0
0,50,12,5,0,0,320.55,1,0,1,0,0
3,35,10,3,1,1,78.61,0,1,0,0,0
6,19,12,1,0,1,38.18,6,1,1,0,1
0,25,8,4,0,1,36.08,9,1,0,0,0
0,18,12,5,1,1,50.63,2,1,1,0,0
2,49,12,1,1,1,96.68,2,0,0,0,0
2,32,3,4,1,0,56.74,7,1,1,0,1
6,27,4,3,1,0,115.5,10,1,0,0,0
9,22,7,2,1,1,45.9,4,0,0,0,0
6,36,12,1,1,0,211.17,5,1,1,0,1
3,20,7,2,0,0,50.33,10,1,0,1,0
2,37,1,4,0,1,134.2,4,0,0,0,0
6,19,12,5,1,1,14.56,1,1,0,0,1
0,31,5,4,1,1,35.65,1,1,1,0,0
8,31,12,5,0,0,228.65,3,1,0,0,1
1,25,6,4,1,1,75.65,8,1,0,0,0
3,20,8,4,1,1,29.16,5,0,0,0,0
0,32,4,5,0,1,67,6,0,0,0,0
10,18,6,5,0,0,62.59,9,1,1,0,0
12,27,11,2,1,0,274.35,7,1,1,0,0
11,30,11,2,0,1,236.37,8,0,0,0,0
5,36,5,5,0,1,186.51,4,1,0,0,1
6,19,6,1,1,0,57.55,5,0,0,0,1
9,42,10,3,0,1,97.24,1,1,0,0,0
0,40,2,5,1,1,79.44,5,0,1,0,1
3,18,11,4,0,1,28.34,5,0,0,0,0
0,38,3,5,1,0,105.58,13,0,0,0,1
1,56,12,3,0,1,572.4,7,0,0,0,0
4,29,8,5,1,1,42.96,3,0,1,0,1
5,28,7,2,0,1,104.65,1,1,0,1,0
4,22,1,5,1,0,41.9,6,1,1,0,0
5,17,8,1,1,0,39.14,1,0,0,0,0
6,22,5,2,1,1,57.65,3,1,0,0,0
3,22,11,4,1,1,27.37,2,1,1,0,0
3,24,11,5,0,1,48.8,2,1,0,0,0
6,22,11,2,0,0,72.47,1,0,1,1,0
6,33,4,4,0,0,204.86,7,1,0,0,0
1,17,10,2,1,0,35.61,13,0,0,1,0
6,25,1,3,1,0,81.58,1,1,0,0,1
6,18,8,1,0,0,43.57,4,0,1,0,0
1,28,5,4,1,0,51.6,3,0,0,0,0
0,20,11,4,1,0,17.5,3,1,1,0,1
6,43,10,4,1,0,461.32,2,0,0,0,0
3,22,9,2,0,0,52.18,1,0,0,0,0
2,20,10,3,1,1,23.51,2,1,0,0,0
11,30,8,4,1,1,287.76,1,0,0,0,0
0,33,2,4,1,0,10.4,5,1,0,0,0
6,33,3,5,0,1,185.02,1,1,0,1,0
12,19,8,4,0,0,128.69,10,1,0,0,0
1,42,9,3,1,0,140.74,9,0,1,0,0
8,34,6,4,1,0,38.5,3,0,1,0,0
6,21,10,4,0,1,55.09,0,1,0,0,0
3,29,12,4,1,1,51.13,0,1,1,0,0
1,20,7,5,1,1,19.66,6,0,0,0,0
2,20,8,2,0,1,28.02,3,1,1,1,0
4,30,10,5,1,1,82.25,1,1,0,0,0
6,25,6,2,0,1,21.38,13,1,0,0,0
5,42,3,4,0,1,246.88,2,0,1,0,0
6,19,10,5,1,1,35.06,7,0,0,0,0
2,23,4,4,0,1,39.15,4,0,0,0,0
6,28,2,5,0,1,103.14,8,1,0,0,0
3,39,8,4,1,0,156,8,0,1,0,0
5,30,3,1,1,1,80.35,4,1,1,1,0
0,26,3,1,0,0,75.13,4,1,0,0,0
6,19,10,2,0,0,47.74,6,1,1,0,0
4,19,3,4,0,0,45.29,4,1,0,0,0
3,24,9,4,0,1,39.63,2,1,1,0,0
0,35,6,5,1,1,62.21,1,1,0,0,0
10,30,12,3,1,1,196.55,11,1,1,1,0
0,35,9,2,1,1,62.21,11,1,0,0,0
0,19,8,1,1,0,19.21,3,0,0,0,0
5,24,6,4,1,0,9.96,3,0,0,0,0
7,17,2,4,0,0,46.38,1,0,1,0,1
3,19,6,1,0,0,39.74,2,0,0,0,0
1,31,7,4,1,1,43.65,4,1,1,0,1
6,26,11,4,0,1,86.34,10,1,0,0,0
12,27,7,5,0,0,214.72,2,1,1,0,0
2,40,4,4,0,1,173.46,2,0,0,0,0
5,23,7,2,0,1,48.15,8,0,1,0,1
12,44,6,3,0,1,1037.55,7,0,0,1,0
8,46,11,5,0,1,510.97,1,1,1,0,0
1,34,9,3,1,1,3,6,0,1,0,0
9,41,8,3,0,0,617.28,2,1,0,0,1
4,25,3,2,0,0,77.86,13,1,0,0,0
0,33,5,3,0,1,73.12,2,1,0,0,0
3,18,9,1,0,1,43.61,0,1,0,0,0
7,28,11,3,0,1,95.42,5,0,1,0,0
10,19,12,5,0,0,5.51,1,0,0,0,1
0,21,10,2,0,1,29.1,3,1,0,1,0
1,22,3,4,1,0,21.29,3,0,0,0,1
7,39,9,1,1,0,319.09,2,1,1,0,0
0,20,10,1,0,1,13.57,6,0,0,0,0
0,37,4,3,0,1,103.36,2,0,0,0,0
0,50,12,2,1,0,282.36,12,0,0,0,0
3,28,3,3,0,0,14.09,10,0,0,0,1
0,27,7,2,0,1,43.12,1,0,0,0,0
8,30,4,4,1,1,34.48,0,1,0,0,1
6,20,12,4,0,0,22.83,5,1,0,0,0
2,21,1,4,0,1,37.78,4,1,0,1,0
15,22,7,5,1,0,378.05,2,1,0,0,1
15,17,7,4,0,0,128.74,4,0,1,0,0
4,34,4,2,1,0,75.9,3,0,0,0,0
2,27,5,5,0,0,58.2,9,1,1,0,0
10,21,7,4,0,0,96.52,2,0,1,0,0
6,30,4,4,1,1,118.35,4,1,0,1,0
5,18,8,5,0,1,29.87,4,1,1,0,0
9,39,1,1,1,0,60.96,5,1,0,0,0
4,21,1,3,1,0,47.14,6,0,0,0,0
6,37,9,5,0,0,235.15,11,1,1,0,0
7,33,3,2,1,1,7.5,3,1,0,0,1
0,23,1,3,1,1,33.22,4,1,0,0,0
1,18,5,4,0,1,17.72,3,0,1,0,0
5,19,2,4,0,0,48.44,2,1,1,1,0
8,57,5,3,0,0,1980.28,5,1,0,0,0
2,47,1,2,1,1,247.67,5,1,0,1,0
6,41,2,1,1,1,252.99,8,0,1,0,1
9,28,4,3,0,0,195.33,2,1,0,0,0
0,17,9,1,1,0,16,0,1,0,0,0
6,39,12,1,0,1,11.36,1,0,0,1,0
0,46,12,3,1,0,82.81,10,0,1,0,0
3,28,5,1,0,1,56.61,6,1,1,0,0
10,40,2,1,0,1,409.79,4,0,1,0,1
4,35,1,5,0,1,21.11,3,1,0,0,0
8,26,1,2,0,1,112.1,5,1,0,0,0
2,21,1,1,1,1,20.9,1,0,1,0,0
12,36,6,4,1,1,65.92,3,1,0,0,1
0,21,8,4,1,1,14.7,3,1,1,1,0
3,37,12,5,1,1,17.8,11,0,1,0,1
7,31,1,5,0,0,200.66,8,1,0,0,1
0,17,10,4,1,1,48.92,4,1,0,1,0
4,23,11,3,1,0,45.85,6,0,1,0,0
2,24,8,2,0,0,63.39,2,1,0,1,0
2,35,7,3,0,1,112.94,4,1,0,0,0
0,26,11,4,0,0,69.44,7,1,1,0,1
0,64,10,2,0,1,4.25,3,1,0,0,0
8,18,1,3,0,0,69.68,1,1,0,0,0
0,45,2,1,0,0,83.11,3,1,0,0,0
5,48,2,2,0,1,85.14,1,1,0,0,1
4,45,10,5,1,1,89.32,11,0,0,0,0
0,26,4,1,0,1,32.03,7,0,1,0,0
8,19,6,2,1,0,67.28,3,0,1,1,0
3,29,4,1,0,1,88.05,3,0,0,1,0
9,19,10,5,0,0,86.98,3,1,0,0,0
5,30,8,2,0,1,110.57,3,1,0,0,1
0,31,11,5,1,0,56.21,5,0,0,0,0
5,28,7,2,0,1,75.25,4,0,1,0,1
10,17,12,5,0,1,74.55,12,1,0,1,0
0,30,5,1,1,1,41.17,4,1,0,0,1
0,19,7,1,1,0,15.6,14,0,1,0,0
1,22,5,2,1,1,32.19,1,0,0,1,0
5,21,10,5,1,1,48.72,3,1,0,1,0
0,31,9,2,1,1,50.64,4,0,1,0,0
8,21,4,1,0,0,7.43,3,0,0,0,0
3,31,7,3,0,0,94.4,12,0,1,0,0
0,18,5,2,1,1,11.19,3,1,1,1,0
1,50,2,4,1,1,80.93,7,0,0,0,0
5,28,4,2,1,1,66.94,8,1,1,0,0
15,18,12,2,1,1,162.8,3,1,1,0,0
0,37,1,3,0,1,103.36,1,1,0,0,0
1,28,12,2,0,1,53.69,5,0,0,0,0
5,19,4,2,0,0,41.9,2,1,1,0,0
0,30,9,1,0,1,20.14,1,1,0,0,1
4,24,7,5,1,0,86.16,3,0,0,0,0
6,19,4,5,0,0,47.74,10,0,1,0,0
1,41,4,2,1,1,124.41,3,1,0,0,0
9,21,1,1,1,1,6.8,4,1,0,0,1
3,26,6,1,0,1,47.39,3,1,1,0,0
7,34,4,5,1,0,255.49,3,1,0,0,0
6,27,10,5,1,0,115.5,5,1,0,0,0
6,31,3,5,0,1,109.09,7,1,1,0,0
5,45,8,1,0,1,44.74,10,1,0,0,0
14,27,4,5,0,1,68.68,1,1,0,0,1
6,19,3,5,0,0,58.8,12,1,0,0,0
2,38,8,4,0,0,187.2,9,1,0,0,0
0,18,10,5,1,1,14.03,2,1,0,0,1
6,26,2,2,0,1,86.34,14,1,0,0,0
1,53,11,5,0,1,364.63,7,0,1,0,0
8,22,9,5,0,0,81.38,6,0,1,0,0
6,31,3,5,0,1,59.94,9,0,0,0,0
4,44,1,4,0,0,404.28,2,0,0,0,0
4,18,2,5,0,0,34.36,7,0,1,0,1
1,33,11,1,0,0,106.65,6,0,0,0,0
2,37,10,5,0,1,155.16,9,0,0,1,0
3,43,3,4,1,1,210.69,12,0,0,0,0
9,18,12,3,1,1,14.04,1,1,0,0,0
10,24,4,5,0,0,159.53,6,0,0,0,1
4,41,1,1,0,0,313.87,12,0,0,0,0
0,26,9,3,1,0,92.01,5,0,0,0,0
10,25,11,1,0,1,133.11,2,0,0,0,0
0,17,12,5,1,1,10.15,4,0,1,0,0
8,26,2,5,1,1,118.76,1,1,0,1,0
0,23,10,2,1,1,21.57,4,1,0,0,0
0,37,8,3,1,1,73.93,3,1,0,0,0
0,19,6,4,1,0,19.67,8,0,0,0,1
6,17,11,2,0,0,39.76,8,0,1,0,0
5,34,3,4,0,0,196.13,13,0,0,0,0
7,20,11,1,0,1,66.27,1,0,0,1,0
6,56,1,5,0,0,1441.12,7,1,0,0,1
0,33,8,3,0,1,73.12,6,0,0,0,0
9,23,10,3,1,0,141.43,3,1,0,0,1
10,34,11,2,1,1,343.4,3,1,0,1,0
1,23,8,5,0,1,32.25,11,0,1,1,0
2,41,4,4,1,1,149.67,3,1,0,1,0
2,20,9,4,0,0,38.2,5,1,0,0,0
2,27,3,1,0,1,55.99,0,0,0,0,0
6,38,3,1,1,0,301.66,7,0,0,0,0
0,35,10,4,0,1,61.93,2,1,0,0,0
0,30,4,5,0,0,71.98,2,1,0,0,0
0,34,8,1,1,1,3.72,3,1,1,0,1
9,28,11,5,0,0,195.33,12,1,0,0,0
0,36,2,3,1,1,55.07,8,1,1,0,0
2,24,1,1,1,1,80.98,3,0,0,1,0
4,27,11,2,0,1,72.69,1,1,0,0,0
5,18,6,3,1,1,33.51,3,1,0,0,0
9,20,1,5,0,0,97.55,2,0,0,0,1
0,28,10,2,0,1,47.12,4,1,0,0,0
9,30,2,5,1,0,257.57,3,1,0,0,0
3,34,11,3,0,1,120.82,3,0,0,0,1
0,36,11,5,1,0,72.19,3,1,1,0,1
11,44,2,5,0,1,806.38,6,0,0,0,1
6,28,12,3,0,1,119.24,1,0,0,1,0
1,46,11,5,1,1,7.6,7,0,1,0,0
3,20,7,1,1,0,41.29,13,1,0,0,0
4,43,10,3,0,1,3.36,6,1,0,0,0
5,20,5,1,1,0,41.8,7,1,1,0,0
2,28,8,4,1,0,64.12,5,0,0,0,0
4,33,6,4,1,0,140.2,7,0,0,0,1
6,31,5,2,0,0,172,7,0,0,0,0
9,36,4,3,0,1,314.4,1,0,0,0,1
12,19,10,4,0,0,148.78,0,1,0,1,0
3,26,6,5,0,1,67.48,11,0,0,1,0
7,18,6,3,1,0,61.35,7,1,0,0,0
4,35,1,1,1,0,162.91,6,1,0,0,0
2,50,6,4,0,1,400.38,1,1,0,0,0
6,29,12,5,0,1,112.67,14,0,0,0,0
6,37,9,4,0,1,226.23,7,1,0,0,0
0,51,12,2,0,0,428.53,0,1,0,0,0
0,31,3,3,1,0,39.29,2,0,0,0,0
10,24,4,4,0,0,155.81,7,0,0,0,0
0,25,6,5,1,1,21.45,4,1,1,0,1
10,24,11,1,0,0,180.14,1,0,0,1,0
9,19,4,3,1,1,50.57,4,0,1,1,0
0,25,7,2,1,0,33.23,1,1,0,1,0
6,38,3,5,1,1,58.36,8,0,0,0,1
9,26,10,5,0,0,153.51,7,1,1,1,0
9,49,4,1,0,1,941.54,1,1,0,0,1
13,21,9,5,0,0,180.07,6,1,0,0,1
2,28,3,1,1,0,61.71,5,1,0,0,0
4,24,11,1,0,1,92.69,5,1,1,0,1
9,45,10,3,0,1,548.37,1,0,1,0,1
0,36,1,2,1,0,25.55,10,1,0,0,0
1,33,3,3,1,0,16.36,3,0,0,0,0
2,23,2,1,1,1,25.04,2,0,1,0,0
1,20,11,5,0,1,40.54,8,1,0,0,0
9,28,8,2,0,0,162.39,7,1,1,0,1
2,20,11,2,1,0,30.1,1,1,0,0,0
1,21,4,4,0,0,42.45,0,0,0,1,0
1,20,11,2,0,1,68.86,5,0,0,1,0
6,39,1,1,0,0,39.4,7,0,0,0,0
2,51,10,4,1,1,11.98,10,0,0,1,0
6,45,6,3,0,0,7.43,1,0,1,0,1
0,18,1,3,1,1,13.7,1,0,0,0,0
6,20,4,2,1,1,49.24,7,1,0,0,1
0,18,12,3,0,1,23.12,3,0,1,0,0
14,21,6,5,0,1,1.86,1,0,0,0,1
4,18,6,2,0,1,32.29,11,0,0,0,0
2,32,10,3,0,1,87,6,1,0,0,0
3,34,6,2,0,1,42.98,3,0,0,1,0
7,18,11,5,1,0,61.35,1,1,0,0,0
1,20,9,4,0,1,26.19,3,1,0,0,0
0,27,4,3,1,0,39.72,3,0,0,1,0
8,30,2,2,0,0,204.53,5,0,0,0,0
0,35,6,1,0,0,60.17,0,0,1,0,0
4,34,7,5,0,1,64.41,6,1,0,0,0
7,50,2,5,0,0,1138.28,2,0,0,1,0
4,31,11,4,1,0,114.97,4,1,0,0,0
0,17,10,2,1,1,17.24,5,0,0,0,1
0,17,11,4,0,1,17.48,7,1,0,0,0
7,23,6,2,1,0,96.58,13,0,0,0,0
3,31,9,3,1,1,75.09,5,0,0,0,0
10,21,2,3,0,1,95.08,9,1,0,0,1
18,35,3,5,0,0,41.23,4,1,1,0,0
4,41,10,1,1,1,172.77,6,0,1,0,0
5,28,11,4,1,1,62.62,11,0,0,0,1
2,24,9,3,1,0,35.07,2,0,1,0,0
0,39,11,1,1,0,112.33,3,1,0,0,0
2,20,2,1,0,1,29.84,3,1,0,0,0
3,34,10,5,0,1,95.81,9,1,1,0,0
9,21,10,5,0,0,106.82,4,0,0,0,1
1,35,6,5,1,0,79.18,8,1,1,0,1
8,21,2,3,0,0,74.34,8,1,1,0,0
0,38,1,1,0,1,105.73,9,1,1,1,0
0,20,6,2,1,1,55.88,1,0,1,0,0
0,22,3,1,1,0,94.07,1,0,1,0,0
0,28,6,2,1,0,35.03,4,0,1,0,0
8,45,4,5,0,1,470.04,1,1,1,0,0
9,19,10,4,1,1,76.89,12,1,0,0,1
1,46,6,4,1,0,242.49,5,1,0,0,0
8,17,6,2,0,0,73.5,0,0,0,1,0
1,26,7,5,1,1,33.74,6,1,0,0,0
12,44,3,5,1,0,84.06,2,0,1,0,0
2,23,6,4,1,0,32.06,1,0,1,0,0
1,23,9,2,0,0,80.97,4,1,0,0,0
1,27,2,3,0,0,62.9,1,1,0,0,0
0,30,1,5,0,0,71.98,7,0,0,0,0
5,54,8,5,0,0,1051.04,4,1,0,0,0
6,31,5,3,1,1,128.44,9,0,0,0,0
9,18,5,1,0,0,81.29,2,1,0,0,1
9,21,12,2,1,0,80.78,2,1,0,0,0
4,35,1,5,1,1,40.76,9,1,0,0,0
2,22,10,3,0,1,35.77,2,1,0,0,0
4,25,11,5,1,0,67.57,2,1,0,0,0
12,28,12,1,0,0,68.72,5,1,0,0,0
0,17,12,5,1,1,10.15,5,1,1,0,0
0,20,2,3,1,0,48.33,9,1,0,0,0
3,22,9,2,1,0,32.81,3,1,1,0,0
3,20,10,5,0,1,34,3,0,0,0,0
7,47,9,5,0,1,487.35,9,0,1,0,0
0,26,8,1,1,0,36.34,2,0,0,1,0
6,36,7,3,1,0,79.27,8,0,0,0,1
0,33,1,2,0,0,93.6,2,0,0,0,0
2,37,11,2,0,1,134.2,7,1,0,0,0
8,21,10,2,0,0,76.12,4,0,1,0,1
0,29,9,4,1,0,47.14,1,1,0,0,0
2,17,6,4,1,1,18.3,9,1,0,0,1
3,25,3,2,1,1,44.14,10,1,0,0,0
6,18,11,1,0,0,53.66,3,1,0,0,0
6,18,7,2,0,1,42.92,0,1,0,0,1
0,23,9,1,1,1,21.57,3,0,0,0,0
1,25,7,5,0,1,33.38,2,1,1,0,0
2,19,9,1,1,1,30.63,4,1,1,0,0
0,28,2,1,1,1,27.53,0,1,1,1,0
2,23,5,2,1,1,25.19,4,1,1,1,0
0,52,4,5,0,0,465.05,5,1,0,0,0
3,49,7,1,1,1,347.42,3,0,0,0,0
3,37,6,4,0,1,124.16,5,0,1,0,0
2,33,4,5,0,0,121.53,4,0,0,0,0
6,36,9,2,0,0,215.75,5,1,1,0,0
4,41,8,5,1,0,278.89,9,0,0,0,1
4,27,11,1,0,1,59.02,8,1,1,0,0
12,17,7,3,1,0,111.19,11,0,1,0,0
0,23,9,4,0,1,30.15,2,1,0,0,0
0,22,10,3,1,1,89.43,7,0,0,0,0
6,22,7,3,0,0,77.3,7,1,1,0,1
0,36,7,2,0,1,94.83,7,1,0,0,0
4,54,1,5,0,1,65.46,10,1,0,1,0
9,25,11,1,0,1,109.67,3,0,1,1,0
0,20,8,4,1,1,16.54,1,1,0,1,0
11,21,11,3,1,0,168.84,13,1,0,0,1
0,18,8,4,1,0,41,5,0,0,1,0
0,31,10,4,0,1,49.84,13,0,1,0,0
5,24,5,2,0,0,81.11,11,1,0,0,0
3,36,9,3,1,0,22.98,2,1,0,0,0
8,20,3,4,0,0,78.5,8,1,1,1,0
5,31,7,4,0,1,117.91,0,1,0,0,0
0,28,8,3,1,1,27.37,6,1,1,0,0
1,45,8,2,0,1,268.37,6,1,0,1,0
3,18,12,2,0,1,23.01,12,0,1,0,0
0,23,9,3,0,1,24.48,4,1,1,0,0
3,21,8,4,1,1,30.79,8,1,0,0,0
5,20,7,1,0,1,50.04,6,1,0,0,0
8,18,7,4,1,1,25.98,0,0,0,1,0
4,34,6,5,0,0,139.76,2,0,1,0,0
1,51,2,1,0,0,564.55,1,1,0,1,0
6,31,1,1,0,0,139.66,1,0,1,0,0
4,17,12,1,1,1,25.57,4,1,0,0,0
6,34,8,2,1,1,166.88,8,1,0,0,0
2,23,5,4,0,1,40.08,3,0,0,0,1
2,21,7,3,0,0,41.83,5,1,0,0,0
2,35,8,5,0,0,80.1,2,0,0,0,0
0,21,4,1,0,1,20.44,4,1,1,0,0
4,19,3,1,1,0,40.24,8,1,0,0,1
3,37,9,3,0,0,35.3,3,1,0,0,0
4,23,3,4,1,1,44.11,3,1,0,0,0
3,38,3,1,0,0,213.3,5,0,0,0,0
6,22,2,1,0,1,69.72,12,1,0,1,0
0,19,4,2,1,1,57.21,3,1,0,0,0
0,48,1,4,0,1,261.48,13,0,0,0,0
0,47,3,2,0,1,278.25,1,1,0,1,0
0,33,11,4,0,0,76,12,1,1,0,0
3,22,9,5,0,1,40.76,8,0,0,0,0
5,22,4,5,0,1,54.18,2,0,0,0,1
3,19,1,4,1,1,25.67,4,1,0,0,0
0,24,11,4,1,1,23.59,5,1,0,0,0
1,21,5,3,1,0,27.56,12,0,0,0,0
6,31,2,4,1,1,128.44,8,0,0,0,0
6,31,6,1,0,1,134.36,9,1,0,0,0
6,30,3,1,1,0,150.6,8,1,0,0,0
5,24,1,3,0,1,52.68,11,1,1,0,1
3,47,12,5,1,1,31.04,7,1,0,0,0
3,30,2,2,0,1,78.09,10,0,1,1,0
3,37,12,4,0,1,124.16,0,1,1,0,0
6,27,6,5,1,1,90.03,7,0,0,0,0
0,27,6,1,0,1,43.12,2,0,0,0,0
0,22,1,4,1,1,16,8,0,1,0,0
1,42,1,2,1,1,10.59,1,1,0,0,0
0,31,5,2,0,1,49.84,4,0,1,0,0
4,32,3,2,0,0,117.41,1,1,1,0,0
0,27,2,3,1,1,30.84,7,1,0,0,0
2,28,12,3,0,1,80.3,6,0,0,0,1
0,36,10,4,0,0,121.4,3,1,0,0,0
2,25,2,4,0,1,38.26,1,0,0,1,0
5,18,2,5,0,1,29.87,12,1,1,0,0
6,19,4,5,1,1,23.34,14,0,1,0,1
0,48,8,1,1,0,240.86,5,0,0,1,0
2,33,10,5,0,1,94.93,7,0,0,0,0
3,27,7,4,1,1,95.05,7,1,1,0,1
2,46,4,2,0,1,239.04,13,1,1,0,1
4,36,12,5,1,0,11.68,2,1,0,0,0
9,30,9,3,0,1,182.05,3,0,0,0,0
4,23,2,4,0,1,50.83,3,1,0,0,0
10,18,8,2,0,0,48.37,1,0,0,1,0
2,18,5,5,0,1,20.19,8,0,1,0,0
7,18,6,4,1,1,49.07,12,0,0,0,1
5,22,5,1,1,1,70.95,3,1,0,0,1
6,22,8,5,1,1,62.98,1,1,1,0,1
5,58,8,2,0,0,1361.28,1,0,1,1,0
3,20,1,1,0,1,27.61,9,1,1,0,0
6,32,2,4,1,0,180.55,5,1,0,1,0
6,28,5,1,0,0,107.21,6,0,1,0,0
3,26,10,4,1,1,48.26,4,1,0,0,0
9,21,12,4,1,1,92.22,4,0,0,0,1
13,25,10,2,1,0,281.06,2,0,1,0,1
3,31,2,3,1,0,78.06,6,1,1,0,0
9,24,1,1,0,0,136.74,5,1,0,0,0
3,35,2,3,0,0,133.76,12,1,1,0,0
8,33,11,3,0,0,61.28,8,0,0,0,0
0,22,3,1,0,1,31.85,1,1,0,1,0
6,20,11,1,1,0,49.99,2,1,1,0,0
6,31,3,5,1,1,80.39,4,0,0,0,1
0,43,12,2,0,0,220.48,11,1,0,0,0
0,31,8,4,1,0,45.64,4,1,1,0,0
1,25,5,2,0,1,47.53,6,1,0,1,0
7,26,4,3,0,0,128.95,4,1,0,0,1
0,45,7,4,0,0,260.79,1,1,0,0,0
3,19,10,3,0,0,37.31,2,1,1,1,0
3,42,9,1,1,1,194.81,11,1,0,1,0
12,19,4,4,0,0,128.69,8,1,0,0,0
2,30,12,2,1,0,59.78,0,0,1,0,0
0,38,9,3,1,0,36.18,2,1,0,0,0
8,48,3,5,0,0,973.92,2,0,0,0,1
1,47,12,5,0,1,39.74,9,1,1,0,1
8,29,2,2,0,1,118.78,9,1,1,0,0
3,33,11,3,1,0,114.5,10,0,0,0,0
3,23,12,2,1,1,53.27,2,1,0,0,0
6,20,6,4,0,1,58.16,7,1,0,1,0
9,30,3,1,1,0,210.4,3,0,1,1,0
5,46,11,4,0,0,544.55,3,1,0,0,0
0,31,1,5,1,0,34.31,5,0,0,0,1
5,34,4,5,1,0,145.05,1,0,1,0,0
1,23,7,4,0,1,35.18,2,1,0,0,1
3,28,6,1,0,1,57.96,2,0,1,0,1
9,41,8,2,0,0,617.28,1,0,0,0,1
0,46,3,1,0,1,91.27,0,0,0,0,1
0,25,11,5,1,0,69.62,1,1,1,0,0
0,20,7,5,1,1,16.44,11,0,0,0,0
12,23,6,5,1,0,98.49,3,0,0,0,1
0,17,12,2,0,1,12.3,2,1,1,0,0
0,18,8,2,1,1,14.03,8,0,0,0,1
2,32,1,2,0,1,36.76,3,0,1,0,0
0,34,7,4,1,1,46.32,2,1,1,0,0
0,30,10,2,1,1,98.39,5,0,1,0,0
2,42,4,3,1,1,161.92,7,1,0,0,0
2,34,12,2,0,1,84.09,9,0,1,0,0
6,30,9,3,1,1,58.24,1,1,0,0,0
0,38,4,2,0,1,130.21,6,1,0,1,0
0,20,10,1,1,1,16.44,2,1,0,0,0
5,19,1,5,1,0,24.01,4,0,1,0,0
6,45,2,5,0,1,362.03,6,0,1,0,0
1,32,5,4,0,0,97.74,6,1,0,0,0
3,22,11,1,1,1,27.37,4,1,1,0,0
4,27,10,5,0,1,59.02,8,1,1,0,0
0,39,3,2,0,0,127.52,4,1,1,0,0
6,40,8,5,0,1,292.4,0,1,0,0,0
8,23,7,1,0,1,29.41,3,0,1,0,0
6,37,8,5,0,1,226.23,4,1,0,0,0
0,19,4,3,0,1,17.04,15,0,1,0,0
4,43,9,1,1,0,322.56,4,1,0,0,0
0,20,1,1,0,0,34.02,12,1,0,1,0
0,58,12,5,1,0,65.02,7,1,1,0,0
0,50,2,1,1,1,220.56,1,0,0,0,0
6,38,3,2,0,1,74.2,4,1,0,0,0
0,41,8,4,1,0,133.17,1,1,0,0,0
0,41,7,5,1,0,36.82,11,1,0,0,0
3,34,8,5,0,0,151.06,7,1,0,0,0
12,40,9,4,0,0,819.28,8,0,0,0,0
8,45,8,5,1,0,780.37,9,0,0,0,0
7,31,3,5,0,1,153.09,4,0,0,0,0
8,50,3,5,0,0,1297.02,10,1,0,1,0
15,28,1,1,0,1,2.45,2,1,0,0,0
8,23,2,5,0,1,99.06,1,0,0,1,0
6,21,5,4,1,1,52.66,15,1,0,0,0
3,51,11,5,0,0,633.98,14,1,0,0,0
3,41,6,1,0,0,10.12,9,1,0,0,0
14,17,9,4,1,0,15.52,1,0,0,0,0
7,23,11,5,1,1,26.41,2,0,1,1,0
0,39,12,3,1,1,95.64,6,1,0,0,0
6,52,3,5,1,0,973.01,5,1,0,0,0
4,24,10,4,0,0,71.19,6,0,0,0,0
1,28,5,5,0,1,84.03,4,1,0,0,0
6,32,2,3,0,0,81.51,1,1,1,1,0
12,48,6,1,1,0,2061.15,9,0,0,1,0
6,24,3,4,0,0,92.43,3,0,0,0,0
2,18,12,3,1,0,20.36,11,1,1,0,0
5,22,7,5,0,1,61.19,2,1,0,1,0
4,21,2,4,1,1,29.04,1,1,0,1,0
8,31,9,1,1,0,62.34,3,0,1,0,0
6,23,2,4,1,1,64.59,5,1,0,0,1
8,20,8,3,0,1,53.03,1,1,1,0,0
0,20,12,1,1,1,13.43,2,1,1,1,0
6,21,2,2,1,0,54.74,3,1,1,0,0
3,22,11,2,0,0,52.18,4,1,0,0,0
8,19,11,3,1,1,50.99,5,1,1,0,0
2,28,5,4,0,0,16.49,2,1,0,0,1
4,19,4,1,1,1,25.08,6,1,1,1,0
2,20,4,3,0,1,34.5,5,1,0,1,0
2,33,11,1,0,0,98.68,10,0,1,0,0
3,44,12,1,1,0,293.38,14,0,0,0,0
0,23,9,4,1,1,21.57,7,1,0,0,0
7,47,5,3,1,1,616.57,2,0,0,0,1
9,54,1,3,1,1,30.74,0,1,0,0,1
2,42,3,4,1,1,161.92,2,1,0,0,0
1,33,3,4,1,0,96.95,11,0,1,0,0
0,46,8,1,0,1,38.76,5,1,1,0,0
9,31,2,3,1,0,281.23,10,1,0,0,0
6,20,1,4,0,1,58.16,1,0,0,1,0
6,33,11,1,0,0,166.34,1,1,1,0,0
2,34,2,2,0,1,103.56,6,0,0,0,0
0,36,1,4,0,0,121.4,7,1,0,0,0
3,27,1,5,0,1,59.89,2,0,1,1,0
6,49,10,5,0,1,621.59,2,1,0,0,0
0,39,3,3,0,0,160.8,0,0,0,0,1
7,24,2,5,0,1,77.23,1,0,1,1,0
6,20,8,3,0,0,87.6,11,0,1,1,0
2,46,12,5,0,1,28.14,4,0,0,0,0
0,23,9,1,0,1,24.48,4,0,1,0,0
5,21,8,5,1,1,44.03,9,0,0,0,0
0,24,4,4,0,1,32.99,1,1,0,0,0
0,29,4,5,0,1,41.8,4,0,1,0,0
6,30,11,1,0,1,123.06,3,0,0,0,0
0,50,11,1,1,1,179.09,1,0,1,0,0
2,29,12,1,1,1,52.98,3,1,0,1,0
0,24,3,3,0,0,42.23,6,1,0,0,0
8,36,11,3,0,0,398.86,4,1,0,1,0
5,19,12,1,0,0,51.6,3,0,0,0,0
2,23,10,4,1,1,63.15,3,0,0,0,0
0,47,12,3,0,1,195.42,1,0,1,0,0
0,35,2,1,0,1,70.63,4,1,1,0,0
6,38,12,2,1,1,237.06,4,0,0,1,0
0,37,9,4,1,1,77.47,3,0,0,0,0
0,49,10,2,1,0,260.04,8,0,0,0,0
12,36,1,1,0,0,581.56,1,1,0,0,0
12,21,10,4,0,0,125.32,9,1,1,0,0
0,34,1,2,1,0,19.32,10,1,1,1,0
0,33,7,4,1,1,52.29,8,1,0,0,0
0,18,6,3,1,1,72.57,8,1,0,1,0
0,18,3,4,1,1,62.79,2,1,0,0,0
0,29,8,2,1,0,47.14,3,1,0,0,0
1,43,4,4,1,0,11.01,3,0,0,0,0
0,20,2,2,0,1,22.98,12,1,0,0,0
2,25,9,1,1,1,36.91,3,0,0,0,0
4,17,11,3,0,1,29.46,6,1,0,0,0
2,22,6,5,0,1,35.77,8,0,0,0,0
7,41,11,1,1,0,378.29,4,0,1,0,0
0,19,11,1,1,0,19.21,4,1,0,0,0
4,20,2,2,0,0,57.35,2,0,0,1,0
1,29,4,5,0,1,58.66,5,0,0,0,0
3,37,2,5,0,1,127.13,8,1,1,0,1
2,40,1,5,0,0,222.06,11,0,0,0,0
6,30,9,5,1,1,51.84,2,1,0,0,0
6,33,3,1,0,1,185.02,2,1,0,1,0
0,46,7,1,0,0,65.73,3,0,1,0,0
3,17,9,5,0,1,25.85,1,0,0,0,0
0,22,4,1,0,1,28.21,2,0,0,0,1
0,23,1,5,1,0,27.61,13,1,0,0,0
0,18,2,4,1,0,17.54,5,0,0,0,0
6,38,8,5,1,1,241.27,1,0,0,0,1
6,18,5,5,0,0,50.38,2,1,1,1,0
0,18,11,3,1,1,13.7,11,1,0,0,0
6,20,1,5,1,1,49.24,2,1,0,0,1
2,18,3,3,1,1,84.75,10,0,0,0,0
10,26,1,5,0,1,149.02,3,0,0,0,1
0,30,7,2,1,0,51.48,11,0,0,0,0
3,29,12,2,1,1,62.98,2,1,0,0,0
2,19,2,5,1,0,22.05,3,0,0,0,1
0,38,5,2,0,1,112.62,13,1,0,0,0
3,36,7,4,1,1,94.2,8,0,1,0,0
6,26,10,5,0,0,110.53,5,1,0,0,0
0,63,4,5,1,1,75.7,3,0,1,0,0
0,29,11,5,0,1,42.8,3,1,1,0,1
0,29,4,4,0,1,51.48,0,1,0,0,0
2,21,1,4,0,0,33.97,5,1,1,0,0
8,21,10,2,1,0,76.73,10,0,0,0,0
0,29,8,3,1,1,36.82,8,1,0,0,0
14,27,10,3,0,0,396.96,6,0,0,1,0
6,43,5,2,0,1,385.96,2,1,0,0,1
4,30,1,4,0,1,88.98,4,0,1,1,0
0,22,8,3,1,0,20.48,4,0,1,0,0
3,26,2,5,0,0,74.71,8,1,0,0,0
0,52,11,2,0,1,294.96,6,1,1,0,0
3,32,2,4,1,0,104.93,4,1,0,0,0
0,32,9,3,0,0,85.78,6,0,0,0,0
4,24,8,1,1,1,31.21,4,0,0,0,1
0,17,8,1,0,1,17.48,3,1,0,0,0
3,43,1,5,0,1,254.8,5,0,0,0,0
0,18,12,4,0,1,19.15,5,1,0,0,0
2,41,7,3,1,0,190.46,4,1,0,0,0
0,33,1,1,1,0,54.36,10,0,1,0,0
0,37,5,1,0,1,28.69,8,0,0,0,0
9,28,9,4,0,0,200,5,1,0,0,1
0,24,7,5,0,1,26.78,2,0,1,0,0
4,30,3,2,1,1,66.79,14,1,1,0,0
1,26,11,2,1,1,27.4,6,1,1,0,0
6,21,9,5,1,1,59.46,2,0,0,0,0
6,24,7,4,0,1,73.92,2,1,0,0,1
3,35,7,1,0,1,70.27,14,1,0,0,0
12,18,12,5,0,1,76.28,10,1,1,0,1
0,51,1,2,1,0,306.5,5,1,0,0,0
0,56,5,4,1,1,291.74,6,1,1,0,0
2,36,9,1,0,1,123.13,1,1,0,0,0
0,34,8,2,0,1,10.45,11,0,0,0,0
6,23,9,5,1,0,67.14,5,1,1,0,1
0,20,7,5,1,0,23.65,2,1,0,0,0
8,23,12,2,0,0,109.69,7,1,0,0,0
6,20,6,1,1,1,18.92,6,1,0,0,0
2,53,12,5,0,0,670.68,10,0,0,0,1
8,23,9,4,0,0,109.69,8,1,0,0,0
2,28,6,5,0,0,35.23,1,0,0,0,0
0,32,4,4,1,1,32.14,1,1,1,0,0
4,38,1,3,0,1,154.16,0,0,1,0,0
6,34,5,1,1,1,166.88,6,0,0,0,0
2,21,2,1,1,0,33.74,11,1,0,0,1
4,19,2,2,1,1,30.7,10,1,0,0,0
4,20,3,3,0,0,49.6,1,0,0,0,0
0,18,7,5,1,0,17.64,13,0,0,1,0
2,39,10,5,0,1,84.27,7,1,1,0,0
0,25,4,5,1,1,21.45,4,0,1,0,1
0,35,11,2,1,0,80.12,6,0,0,1,0
5,30,10,4,1,0,63.44,0,1,1,1,0
1,17,7,4,0,0,82.26,0,0,0,0,0
2,23,11,1,0,0,50.12,4,0,0,0,0
16,44,4,3,1,0,85.38,1,1,0,0,0
8,19,8,2,1,1,11.86,6,1,0,1,0
7,47,9,5,0,0,9.38,7,0,1,0,1
0,21,3,2,0,1,6.6,5,1,0,1,0
11,20,12,5,0,0,26.16,5,0,0,1,0
8,24,2,4,1,0,97.47,2,0,0,0,0
1,20,7,2,1,0,74.73,10,1,0,0,0
4,25,2,4,1,0,67.57,9,1,0,0,0
4,42,8,2,1,1,231.58,10,1,0,0,0
2,35,7,3,1,0,92.49,1,1,1,0,0
4,25,7,1,1,0,67.57,3,1,0,0,0
3,22,4,2,1,0,43.15,3,1,0,0,0
6,27,12,5,0,1,109.12,12,1,0,1,0
0,25,10,3,0,1,29.3,5,0,1,0,0
3,24,1,2,1,1,60.11,0,1,1,0,0
6,49,6,5,0,0,646.12,2,0,1,0,0
0,20,4,2,0,1,77.49,2,0,1,0,0
7,21,7,4,0,1,62.77,2,0,0,0,0
6,28,6,3,1,0,42.9,10,1,0,1,0
0,18,6,2,1,1,90.97,10,0,0,0,0
7,61,5,3,0,0,2389.39,2,1,0,0,0
2,37,10,3,1,1,87.9,2,1,1,0,1
4,30,6,4,1,1,82.25,14,0,0,0,0
0,23,2,4,0,1,34.86,3,1,0,1,0
5,28,4,2,1,0,85.7,11,1,1,0,0
4,22,2,5,1,1,76.56,8,0,1,0,0
2,33,3,2,0,1,109.75,4,0,0,1,0
3,23,4,4,1,0,59.35,10,0,1,0,1
2,19,2,2,1,1,17.43,0,0,1,0,0
0,20,3,3,0,1,26.57,4,0,0,1,0
2,21,10,4,0,0,41.83,1,0,0,0,0
1,34,12,1,0,0,116.35,2,0,0,0,0
2,29,3,3,1,1,52.66,1,1,0,0,0
6,43,12,1,0,0,391.83,2,0,1,0,0
0,23,1,1,0,0,31.34,2,1,1,0,0
4,33,6,5,1,0,12.46,1,1,0,0,0
7,65,5,1,1,1,2562.71,1,0,0,0,0
0,17,9,3,1,1,12.5,10,1,0,0,0
0,24,12,1,1,1,47.02,0,0,0,0,0
9,25,8,4,1,0,57.35,7,1,1,1,0
7,22,3,4,1,1,61.31,9,1,1,0,0
13,25,10,5,0,1,201.63,6,1,0,0,1
5,21,6,1,1,0,55.18,8,1,1,0,0
2,45,5,3,0,0,391.47,3,0,0,1,0
7,32,7,2,0,0,247.33,11,0,0,1,0
4,18,7,5,1,1,28.02,11,0,0,0,0
14,18,5,3,1,0,214.63,13,0,0,0,0
6,21,6,4,1,0,66.08,0,0,0,0,1
7,31,11,2,0,1,76.25,2,0,0,0,0
6,22,10,5,0,0,62.68,6,1,1,0,0
7,27,7,4,1,0,89.22,4,0,1,0,0
6,29,5,4,0,0,166.77,7,1,0,1,0
6,28,4,1,1,1,100.95,1,1,0,0,1
2,34,1,4,1,1,1,5,0,1,0,0
0,17,1,5,0,1,14.19,0,1,1,0,0
1,23,10,2,0,0,43.98,6,0,0,0,0
1,32,2,2,0,1,61.99,3,1,1,0,0
3,34,3,2,0,0,151.06,6,1,0,0,0
12,20,4,5,0,1,110.1,8,1,0,0,0
0,22,5,5,1,1,57.42,2,1,1,0,0
0,45,5,2,0,0,7.34,9,1,1,0,0
6,25,10,4,0,1,64.12,0,0,1,0,0
2,30,8,3,0,0,75.88,7,1,1,0,0
9,21,5,1,1,1,21.44,2,1,0,0,1
0,37,5,1,0,1,103.36,1,1,0,0,0
0,61,2,5,1,1,40.78,10,0,1,0,0
12,31,7,5,0,1,294.06,10,0,0,0,0
3,24,5,3,0,0,62.47,3,0,0,0,0
0,58,2,1,1,0,543.2,2,1,0,1,0
1,19,10,4,1,1,14.57,2,1,1,0,0
8,20,12,1,0,0,67.89,0,1,1,0,0
0,20,2,1,0,0,23.6,4,0,0,0,0
1,24,4,4,0,0,48.12,7,1,0,0,0
4,21,9,3,0,0,62.8,12,1,0,1,0
0,51,3,4,1,0,306.5,0,0,0,0,0
3,29,9,2,0,0,97.5,1,0,0,0,0
3,24,3,3,0,0,50.73,7,0,1,0,0
14,25,7,5,1,1,256.44,1,0,1,0,0
3,34,8,5,1,0,44.49,2,0,0,0,0
6,27,12,1,0,1,94.38,1,0,0,0,0
5,21,10,2,1,0,45.77,0,1,1,0,0
8,33,3,1,0,0,215.97,3,1,1,0,0
2,21,2,1,0,1,47.52,4,1,0,0,0
12,21,9,1,0,1,100.23,0,0,1,0,1
12,20,9,2,0,0,144.32,3,1,0,0,1
1,25,6,1,0,1,41.11,8,1,0,0,0
6,40,3,1,1,1,281.21,1,1,0,1,0
2,29,5,1,1,1,61.25,10,0,0,1,0
0,41,8,3,1,0,133.97,1,1,0,1,0
7,47,5,3,0,0,786.71,1,1,0,0,1
0,22,9,2,1,0,25.23,0,1,0,0,0
6,20,5,1,0,0,65.94,3,0,0,0,1
5,20,3,3,0,1,35.85,10,0,1,0,0
0,28,5,1,1,0,86.21,9,0,0,0,0
3,30,8,4,1,0,71.49,10,1,1,0,0
0,26,3,2,1,0,36.12,1,1,0,0,0
0,25,6,3,1,1,25.8,4,0,0,0,0
12,47,7,1,0,1,1180.41,9,0,0,0,1
4,29,1,4,0,0,128.44,3,1,0,1,0
5,23,12,4,1,1,39.92,11,1,0,0,0
0,19,3,1,1,1,15.01,13,0,0,0,0
4,25,11,2,1,0,67.57,6,1,0,0,0
3,35,3,1,1,0,110.61,5,0,1,0,0
0,20,1,4,1,1,16.44,1,0,0,0,0
0,25,8,3,1,1,60.04,1,0,1,0,1
7,42,12,1,0,0,505.37,13,1,0,0,0
6,17,5,3,0,1,31.06,1,1,1,0,0
6,34,7,2,0,1,174.57,9,1,0,0,0
2,28,1,2,0,1,61.18,1,1,0,0,0
2,35,8,3,1,1,88.98,3,1,0,0,0
6,22,7,2,0,1,69.72,9,0,0,1,0
1,20,9,5,0,0,34.33,10,1,0,0,1
9,29,5,5,0,0,218.49,1,1,0,0,1
3,42,3,3,1,1,194.81,7,1,0,1,0
0,27,6,5,1,1,30.84,2,0,0,0,0
0,27,9,3,0,0,55.2,2,0,0,0,0
6,22,9,3,0,1,60.3,6,1,0,0,0
3,20,1,1,0,1,34,7,1,0,0,0
6,38,8,4,0,1,252.38,9,0,0,0,1
4,20,4,2,1,1,27.47,7,0,1,1,0
2,30,12,3,1,0,73.63,10,1,0,0,0
4,25,10,1,0,1,62.27,2,0,0,0,1
1,30,9,3,1,1,48.09,7,1,0,0,0
12,43,4,2,0,0,1221.13,4,1,0,1,0
1,29,12,1,0,1,28.97,3,1,1,0,0
4,23,9,3,1,1,11,1,1,0,0,0
6,56,4,2,1,0,31.22,2,0,0,0,0
1,44,6,1,0,0,273.27,7,1,0,0,0
1,37,7,1,1,1,32.55,9,0,1,1,0
12,44,3,4,1,0,1191.88,7,1,1,0,0
1,27,2,3,0,0,64.4,4,0,0,0,1
7,21,7,3,0,0,80.35,4,0,0,0,0
2,22,4,4,1,0,59.49,8,1,1,0,0
3,22,8,4,0,0,16.57,11,1,0,0,0
3,23,6,2,0,0,58.47,7,0,0,0,1
7,36,9,4,1,0,252.54,6,1,1,0,1
7,32,10,3,1,0,219.75,6,1,0,0,1
2,19,7,2,0,1,27.25,6,0,0,0,0
1,26,6,5,1,1,33.74,6,1,0,0,0
5,23,8,1,1,1,52.75,0,1,0,0,0
8,23,12,4,0,1,69.78,11,1,0,0,0
9,20,5,1,0,1,74.42,7,0,0,0,0
0,48,9,2,1,1,191.48,1,1,0,0,1
1,22,12,1,1,1,19.13,4,1,1,0,0
5,24,1,2,1,0,74.33,1,1,0,1,0
0,22,1,4,1,1,14.01,9,0,0,0,0
3,42,2,2,0,1,234.18,14,0,0,0,0
12,51,11,5,0,0,2101.82,2,1,0,0,1
6,25,12,2,1,0,96.64,6,1,0,0,0
6,22,5,2,0,1,60.3,1,0,0,0,0
5,28,12,5,0,0,96.33,2,1,1,0,1
0,37,4,2,1,0,96.9,9,1,0,0,1
2,22,3,5,0,0,45.79,12,1,0,0,0
3,46,12,3,1,1,270.91,6,1,0,0,0
6,23,9,5,0,0,68.6,9,1,1,0,0
4,17,10,5,1,0,15.26,6,0,0,1,0
12,37,8,5,1,0,809.89,8,0,0,0,0
0,25,12,5,0,1,36.08,1,1,0,0,0
0,50,8,2,1,1,73.9,2,0,0,0,0
0,18,9,3,0,1,19.15,4,1,0,0,0
6,29,4,4,0,1,78.79,11,0,0,0,0
0,45,1,2,1,1,118.31,1,1,1,0,0
4,30,1,5,0,1,109.58,1,0,0,1,0
0,51,10,1,0,0,356.26,5,0,1,0,1
5,29,8,4,0,0,126.59,13,1,0,0,0
12,18,6,3,0,0,97.65,4,0,1,0,1
12,35,5,4,0,1,426.63,7,1,0,0,1
1,33,3,2,0,1,67.65,9,0,1,0,0
4,28,5,3,0,0,104.12,1,0,0,0,1
2,50,5,1,1,0,403.82,11,1,0,0,0
8,37,8,4,0,0,384.99,4,0,0,0,1
0,25,2,1,1,0,33.03,2,0,0,0,0
0,52,7,1,1,1,259.82,7,0,0,0,0
5,20,6,5,0,1,35.85,10,0,1,0,0
0,34,8,3,0,0,41.63,6,0,1,0,1
0,49,1,1,1,0,45.94,2,1,0,1,0
12,33,7,1,0,0,20.67,5,1,0,0,0
6,35,7,3,0,1,154.58,5,1,1,0,0
4,43,10,2,1,0,322.56,2,0,0,0,0
2,33,6,3,0,0,114.09,2,0,1,1,0
0,25,1,5,1,0,43.05,3,0,0,0,0
9,26,12,2,0,0,18.46,0,0,0,0,0
1,50,3,4,1,1,24.02,3,1,0,0,1
12,20,4,5,1,0,180.1,5,1,0,0,0
0,34,2,3,1,1,57.05,10,1,0,0,0
0,51,1,1,1,0,306.5,2,1,0,0,0
0,26,6,3,0,1,39.45,0,1,0,0,0
11,17,4,4,0,0,94.05,11,0,0,0,0
7,52,6,5,0,0,964.18,10,1,1,0,1
12,40,10,1,1,0,855.1,4,0,1,1,0
4,22,11,4,0,1,24.95,5,1,0,0,0
0,32,3,4,0,1,51.3,2,0,1,1,0
6,18,4,4,0,0,62.04,3,1,0,1,0
2,21,4,1,1,1,20.9,2,0,1,0,0
12,27,10,2,1,1,263.94,6,1,0,0,0
7,30,4,1,0,0,145.75,3,0,1,0,0
2,17,9,1,0,1,18.42,0,1,1,0,0
7,45,8,4,1,0,656.47,11,0,0,1,0
8,32,11,2,1,0,256.68,13,0,0,0,0
4,29,1,4,0,1,86.78,1,0,0,0,0
3,34,9,4,0,0,122.65,6,0,1,0,0
4,33,6,4,1,0,137.76,4,1,0,1,0
0,50,2,2,0,1,308.38,6,1,0,0,0
1,17,4,5,1,1,14.95,0,1,0,0,0
0,26,2,5,0,1,73.76,6,1,1,0,0
7,31,7,5,1,0,196.64,3,1,0,0,0
5,23,8,2,1,1,50.03,6,0,0,0,0
3,40,3,2,0,1,197.65,0,1,0,0,0
11,20,5,4,1,0,44.04,8,0,0,0,0
9,23,9,4,0,0,144.5,3,1,0,1,0
12,19,10,4,1,1,128.44,0,1,0,0,0
4,36,8,3,0,1,184.83,3,1,0,1,0
5,31,2,5,0,0,122.57,1,0,1,0,0
0,25,8,5,1,0,26.82,3,0,1,0,0
3,26,9,2,0,0,12.84,5,0,0,0,0
5,35,4,2,1,1,123.57,2,0,1,0,0
1,23,12,2,1,1,41.8,4,0,1,1,0
12,25,1,3,0,1,9.3,4,1,1,0,0
4,50,10,3,1,1,50.99,2,0,0,0,0
9,19,9,4,0,0,22.1,2,0,1,0,0
0,52,9,3,1,1,53.16,5,0,0,0,0
4,18,1,5,0,0,41.33,4,1,0,0,0
0,20,11,1,1,1,13.35,3,1,1,0,0
1,34,8,4,1,0,87.34,7,1,0,0,0
6,43,10,1,0,1,49.5,10,1,0,0,1
0,41,4,1,1,1,106.51,4,0,0,0,1
8,39,9,2,0,1,356.95,3,1,0,0,1
4,26,5,5,0,1,68.09,4,0,0,0,1
2,42,5,4,1,0,208.54,2,1,0,1,0
4,39,11,2,0,1,61.69,13,0,1,1,0
3,33,9,1,0,1,87.83,4,1,1,0,0
2,42,9,5,0,1,205.52,6,1,0,0,0
6,28,5,1,1,1,98.6,3,1,0,0,0
0,19,9,4,0,1,17.04,3,0,1,0,0
4,34,2,4,0,1,134.45,3,1,0,0,0
0,33,3,5,1,0,54.36,5,0,1,0,0
1,20,12,2,0,0,33.53,1,0,0,0,0
0,36,8,4,0,0,121.4,5,0,0,0,0
8,26,12,4,1,0,54.66,2,1,0,0,1
0,35,12,1,0,1,81.66,8,0,1,1,0
0,17,10,1,0,0,18.17,12,1,1,0,0
0,26,9,2,0,1,45.61,1,0,0,1,0
0,17,11,3,0,1,20.21,5,1,0,1,0
5,25,10,2,0,1,80.12,1,0,0,1,0
3,39,12,1,0,0,28.69,8,0,0,0,0
2,56,1,1,0,0,677.96,10,1,1,0,0
0,33,7,5,1,1,52.29,6,0,0,0,0
2,37,3,1,0,1,111.57,9,1,1,0,1
14,41,9,2,0,0,1185.68,13,0,0,0,1
1,34,9,3,1,1,68.22,1,1,0,0,0
3,56,11,2,1,1,498.98,4,0,1,0,0
0,18,2,5,1,1,13.7,8,0,0,0,0
0,53,12,4,1,1,281.88,8,0,0,0,0
0,22,9,1,0,0,40.78,9,0,0,1,0
3,22,1,2,0,1,47.13,0,1,0,1,0
8,19,8,3,1,0,80.87,1,1,0,1,0
3,24,8,1,0,0,63.97,3,1,0,0,1
1,28,2,3,0,0,68.74,7,0,0,0,0
4,26,12,3,0,1,54,2,1,1,0,0
0,30,1,4,1,0,51.07,9,1,1,0,0
6,38,9,3,1,0,303.48,8,0,0,1,0
0,20,12,3,0,1,22.98,9,1,0,0,0
7,18,5,4,0,0,70.7,5,1,0,1,0
0,28,4,3,1,0,44.18,4,1,0,0,1
1,38,12,5,1,0,123.32,3,1,0,0,0
3,25,7,2,1,0,56.84,1,0,0,1,0
9,24,11,3,1,0,15.08,2,1,0,1,0
9,26,12,5,1,1,117.36,0,1,1,0,1
4,28,1,5,0,1,12.9,2,1,0,0,0
3,22,9,5,1,1,33.7,14,1,0,0,0
6,19,1,4,1,0,46.73,9,1,1,0,1
6,27,5,2,1,0,116.2,5,0,0,1,0
10,22,8,3,0,0,130.13,6,1,0,0,0
7,44,12,3,0,0,561.48,7,0,1,1,0
1,27,5,1,0,1,39.9,4,1,1,0,0
5,35,4,2,0,0,247.29,7,1,0,1,0
4,20,4,2,0,0,49.6,8,0,0,0,0
5,38,7,1,0,1,28.67,6,1,0,0,0
6,22,5,2,0,1,60.3,8,0,0,0,0
10,18,7,3,1,0,9.89,8,1,1,0,0
6,18,7,2,1,1,33.32,2,1,1,0,1
6,29,10,5,0,1,112.67,2,0,0,0,0
0,30,1,2,1,1,87.7,1,1,0,0,0
8,31,4,4,0,1,163.76,1,1,1,1,0
0,18,9,1,0,0,24.52,4,1,0,0,0
0,41,11,3,1,1,91.25,3,1,1,0,0
9,22,12,5,0,0,114.21,5,1,0,0,0
2,30,2,3,0,1,73,9,0,0,0,0
12,19,6,2,0,0,128.69,9,1,0,0,0
5,22,1,4,1,1,48.2,5,1,0,0,0
0,18,8,1,1,1,49.98,3,0,1,0,1
1,55,1,1,1,1,405.87,6,1,0,0,1
11,22,2,5,1,1,114.5,5,1,1,0,0
6,25,7,5,1,0,98.94,7,1,0,0,1
11,25,5,4,0,0,194.17,4,1,0,0,0
2,33,7,1,0,0,114.09,13,1,1,1,0
6,31,1,1,1,1,106.78,2,1,1,0,1
8,47,4,4,0,0,20.81,7,0,1,0,1
4,36,11,4,1,1,115.34,4,0,1,0,1
1,37,4,5,0,1,117.78,6,1,0,0,0
14,25,3,5,1,0,404.31,14,1,0,0,0
0,26,9,5,1,0,9.71,9,1,0,0,0
0,35,1,1,0,1,86.98,8,1,0,0,0
2,32,2,2,1,0,28.72,2,0,0,0,0
4,30,3,5,0,0,124.23,5,1,0,0,1
0,32,5,3,1,0,51.13,10,0,0,1,0
8,23,11,4,1,1,52.25,9,1,0,1,0
0,25,11,2,1,1,20.95,0,0,1,0,0
3,26,3,1,0,0,47.77,1,0,0,1,0
4,17,5,2,0,0,32.15,2,1,1,0,0
8,42,2,5,1,0,82.07,9,0,0,0,0
4,31,12,5,1,0,53.25,10,1,0,1,0
1,27,2,3,1,1,30.13,9,1,1,1,0
11,18,9,2,0,0,105.54,8,1,0,0,1
0,51,2,3,0,1,342.74,7,1,0,0,1
6,19,6,2,0,1,38.18,2,1,1,0,1
1,29,11,3,1,0,80.31,3,1,0,0,0
6,20,8,2,1,0,11.05,0,1,1,0,0
12,42,5,1,0,0,807.02,1,1,1,0,1
1,19,10,5,1,0,22.98,2,1,0,0,0
4,27,10,4,1,0,65.58,5,1,1,0,0
0,25,8,3,0,0,46.19,3,1,0,0,0
0,32,5,1,1,1,47.92,2,1,0,0,0
0,48,11,2,0,1,212.31,9,0,1,0,0
1,20,12,1,0,0,33.53,5,1,0,0,0
10,17,10,2,0,0,82.54,7,1,0,0,0
0,47,2,5,0,1,240.67,4,0,0,0,0
0,37,4,4,1,0,76.84,5,1,1,0,0
6,21,9,1,0,1,44.73,5,1,1,0,0
1,39,6,4,1,0,134.34,5,0,0,0,0
0,43,11,4,1,1,123.18,2,1,0,0,0
0,32,8,1,0,1,67,4,1,0,0,0
3,29,7,4,1,0,65.46,8,0,1,0,0
0,38,8,3,0,1,112.62,0,1,0,0,0
2,17,10,2,0,0,23.59,3,1,1,0,0
0,46,7,3,0,0,89.14,6,1,0,0,1
9,25,3,3,1,0,62.39,12,0,0,0,1
3,24,2,5,0,1,48.8,13,1,0,0,0
6,22,11,4,1,0,92.6,4,1,1,0,0
3,20,7,3,0,0,35.35,4,1,1,0,0
6,22,10,3,1,0,75.56,6,0,0,0,1
0,32,7,2,0,1,67,2,0,0,0,0
0,18,12,5,1,1,86.22,14,0,0,0,0
11,29,3,2,0,1,216.43,8,1,0,0,0
0,28,11,1,0,0,60.33,6,0,0,0,0
0,18,2,3,0,0,24.52,0,1,0,0,0
7,34,3,3,1,1,204.34,2,1,0,0,1
1,42,12,5,1,1,109.94,1,1,1,0,0
5,47,4,2,1,0,437.68,2,0,1,0,0
0,28,7,4,0,1,54.48,7,0,0,1,0
3,26,12,4,0,0,78.07,3,0,0,0,0
0,27,11,3,0,1,49.86,11,0,0,1,0
7,25,9,3,0,0,115.19,1,0,0,0,0
1,34,3,2,0,0,60.08,2,1,1,0,0
6,63,5,2,1,1,85.02,1,1,0,0,0
4,32,2,5,0,0,72.91,9,1,0,0,0
2,23,4,2,1,0,89.14,4,1,0,0,0
6,34,5,4,0,0,16.89,1,0,1,1,0
3,33,3,1,0,1,125.06,8,1,0,1,0
4,20,4,3,1,1,21.21,0,0,0,0,0
5,30,2,4,1,0,102.25,2,0,1,0,0
13,20,3,3,1,0,174.88,6,0,1,0,0
9,20,5,3,1,0,42.44,3,1,1,0,0
3,18,3,4,0,1,29.01,9,1,0,0,1
0,27,1,1,0,1,43.12,8,1,0,0,0
6,47,9,5,1,1,503.55,5,0,0,0,0
5,35,7,2,0,1,167.08,11,1,0,0,0
9,46,11,5,0,1,717.06,0,0,0,0,0
5,19,1,2,1,1,36.71,7,1,0,0,0
6,18,3,4,0,0,53.66,5,1,0,0,0
2,22,8,3,1,0,36.08,11,1,0,0,0
0,31,1,1,1,0,54.25,2,0,0,0,0
2,25,2,1,0,0,69.33,11,0,0,1,0
12,41,5,3,0,0,724.22,5,1,1,0,0
8,28,12,5,0,1,133.91,8,0,0,0,0
0,32,10,5,1,0,61.35,4,0,0,0,0
2,34,3,5,1,1,81.59,2,0,0,0,0
6,32,8,1,0,1,169.55,4,0,0,1,0
5,40,9,2,0,1,208.37,6,1,1,0,0
6,27,3,1,1,1,75.01,7,1,1,0,1
4,23,4,1,1,0,44.43,3,0,0,0,0
9,33,9,3,0,0,246.09,10,0,1,0,0
12,34,9,1,1,0,34.07,13,1,0,0,0
2,18,7,3,0,1,61.46,3,1,1,0,0
9,38,11,4,0,1,364.68,2,1,0,0,0
6,35,9,4,0,0,281.78,5,1,0,1,0
2,30,5,1,1,0,73.63,10,0,0,0,0
12,30,11,4,1,0,75.18,8,0,0,0,0
0,21,6,5,1,1,18,2,1,0,0,0
0,23,2,2,1,1,22.08,3,1,0,0,1
1,26,4,3,0,1,36.5,1,0,1,0,0
6,32,5,5,0,1,150.15,6,1,0,0,1
8,30,11,4,0,0,204.53,12,0,0,0,0
0,31,11,1,0,1,56.4,11,1,0,0,0
12,17,10,3,1,0,137.76,7,0,0,1,0
0,25,8,3,0,1,29.3,13,1,1,0,0
2,29,8,2,1,1,31.22,6,1,1,1,0
6,24,2,5,1,0,88.36,12,1,0,0,0
8,28,12,5,1,0,180.52,4,1,0,0,0
4,22,11,3,1,1,37.62,5,0,0,0,1
1,21,6,2,0,0,36.71,0,1,0,0,0
1,25,9,2,0,0,52.63,0,1,0,0,0
2,43,6,3,0,1,258.54,8,1,0,1,0
5,26,4,4,1,0,88.89,9,1,0,1,0
3,19,9,4,1,1,20.51,2,1,0,0,0
3,17,3,4,1,1,21.38,8,1,0,0,0
3,40,3,2,0,1,185.55,1,1,1,1,0
4,18,2,5,0,0,33.56,9,1,1,0,0
2,22,3,4,1,1,22.88,9,0,1,0,0
0,51,5,2,1,1,239.42,6,0,0,0,0
10,31,10,2,1,1,26.27,3,1,0,0,0
2,41,7,4,0,1,43.58,1,1,1,0,1
3,19,12,5,1,0,32.86,8,1,0,0,0
1,18,3,2,1,1,16.38,2,0,0,0,0
6,29,1,4,1,0,141.18,10,0,0,0,1
4,39,10,2,0,0,214.97,1,1,1,0,0
10,17,4,2,0,0,67.02,2,1,1,0,0
0,34,5,5,0,1,79.76,3,0,0,0,0
6,28,6,3,1,1,24.76,7,1,0,0,0
6,31,5,1,1,0,164.42,2,0,0,0,0
6,18,4,5,0,1,48.47,5,1,0,1,0
6,48,9,5,0,1,572.29,8,0,0,0,0
0,26,6,5,1,1,28.22,3,0,0,0,0
0,51,1,4,0,0,438.76,7,1,0,0,1
2,22,4,1,0,0,45.79,3,0,0,0,0
0,28,10,1,1,1,27.37,7,0,1,0,0
7,18,2,5,0,1,38.78,10,0,1,0,0
6,23,6,5,1,1,63.09,10,0,0,0,0
0,23,9,1,0,0,44.63,12,0,0,1,0
0,18,9,3,1,1,32.33,2,0,1,0,0
10,22,11,5,1,1,19.96,6,0,0,0,1
10,21,12,5,0,1,79.98,6,1,0,0,0
2,24,12,2,0,1,42.83,1,1,0,0,0
13,30,12,5,0,1,249.19,1,0,1,0,0
0,19,8,4,0,1,36.41,10,1,0,0,0
0,48,8,5,1,1,45.38,2,0,0,0,0
9,51,6,3,0,0,1387.58,11,1,0,0,0
0,28,3,4,1,0,56.04,2,0,0,0,0
3,61,2,2,1,0,951.66,1,1,1,0,0
2,21,1,1,1,1,26.36,10,0,0,0,1
6,24,3,1,0,0,75.05,2,1,1,0,0
2,38,3,4,1,0,148.37,0,0,0,1,0
0,30,7,1,1,1,25.1,7,0,0,0,0
0,17,8,2,0,1,17.48,4,0,0,0,0
0,27,7,2,1,1,31.58,5,0,0,0,1
2,25,12,2,1,1,36.91,5,1,0,0,0
0,30,12,2,1,0,24.82,12,0,1,0,0
7,27,4,4,1,0,138.13,8,0,0,0,0
3,26,3,4,0,1,47.6,6,1,0,1,0
9,24,12,3,0,0,71.92,7,1,0,0,0
5,40,6,2,1,1,194.32,8,1,1,0,1
0,39,7,1,1,1,88.27,1,0,0,1,0
6,19,4,1,1,0,56.21,1,1,0,0,0
3,24,10,5,1,1,58.49,10,1,0,0,1
0,31,5,2,1,1,35.65,10,1,1,0,0
16,19,2,5,1,0,7.9,2,0,1,0,0
3,47,3,5,0,1,356.05,13,1,0,0,0
3,29,4,5,0,0,97.5,5,0,0,0,0
6,24,11,1,0,0,75.05,1,1,1,0,0
3,17,8,5,1,1,17.36,2,1,1,0,0
0,29,7,1,1,0,47.14,2,0,0,0,0
4,32,2,4,1,0,57.18,2,0,1,0,1
3,39,5,1,0,0,232.35,0,0,0,0,0
0,30,2,1,1,1,89.3,8,1,0,0,0
0,20,10,4,1,0,44.8,2,0,0,0,1
1,17,7,3,1,1,14.95,10,1,0,0,0
3,23,11,5,1,1,3.23,2,1,1,0,1
1,44,4,4,0,1,246.8,0,0,0,1,0
4,21,4,3,0,0,62.8,2,0,0,1,0
9,53,4,5,0,0,1326.45,5,1,1,0,0
1,41,3,2,0,1,165.73,1,1,0,0,0
6,21,11,5,1,1,47.28,1,0,0,0,0
0,25,1,2,1,1,20.95,2,0,1,0,0
4,26,6,2,0,0,85.13,3,1,0,0,0
6,24,3,3,1,0,64.38,4,0,0,0,0
0,25,3,1,0,0,46.19,1,1,0,0,0
2,32,3,1,0,1,81.67,2,0,1,1,0
6,23,5,2,1,0,79.21,3,0,0,0,1
0,40,4,1,0,0,138.87,8,1,1,0,0
0,28,7,3,1,1,7.84,8,0,0,0,0
2,40,11,3,0,1,140.84,8,0,1,0,0
0,43,7,1,0,0,220.48,7,1,0,0,0
2,39,1,5,0,1,72.05,3,0,1,0,0
5,26,5,1,1,0,88.36,12,0,0,0,0
0,42,5,1,1,0,144.94,1,0,0,0,0
0,29,9,2,0,1,51.48,2,0,0,0,0
2,38,8,1,0,0,216.43,3,0,0,1,0
3,38,9,3,0,1,170.6,4,0,0,0,1
8,32,7,3,0,1,178.75,4,1,1,1,0
4,17,9,4,0,1,30.16,7,0,0,0,1
0,36,10,3,0,0,98.58,7,1,1,0,0
7,34,10,3,0,0,260.72,2,0,0,0,1
0,35,3,1,1,1,62.21,8,0,0,0,0
5,39,3,2,0,0,301.67,6,0,0,0,0
1,34,12,5,0,0,134.51,3,0,0,1,0
4,17,11,5,1,0,33.51,5,1,0,0,1
0,29,7,4,1,1,29.9,5,0,1,0,0
5,20,9,4,0,1,13.48,5,1,0,0,0
4,53,4,2,0,1,539.43,1,1,1,0,0
6,18,12,4,1,1,33.32,5,1,1,0,1
0,47,8,3,1,1,172.13,9,0,0,0,0
8,20,1,4,0,1,65.32,10,0,0,0,0
4,38,7,4,0,1,154.16,1,1,1,0,0
0,42,1,4,0,1,128.53,3,1,1,0,0
0,39,10,4,0,1,122.68,10,1,0,0,0
6,20,4,5,0,0,52.29,2,1,1,0,0
11,23,9,3,1,1,155.25,7,1,0,1,0
12,22,3,3,0,0,137.19,1,0,1,0,0
4,17,3,5,0,0,48.5,2,1,1,0,0
0,29,9,5,0,0,33.67,10,0,0,1,0
10,25,7,1,0,0,174.48,6,1,0,0,1
0,31,1,1,1,0,56.55,9,1,0,1,0
2,41,3,3,0,1,193.35,5,1,0,0,1
14,50,12,4,0,0,2513.94,4,0,0,0,1
12,19,5,2,1,0,53.82,1,0,0,0,0
6,21,3,3,0,0,72.2,8,0,0,0,1
1,22,3,4,1,0,30.17,0,1,0,0,0
1,48,10,1,0,1,297.94,3,0,0,0,0
0,33,11,3,0,0,93.6,8,1,0,0,0
2,37,9,2,1,1,105.73,1,1,0,0,0
8,49,1,4,0,0,1194.5,4,1,0,1,0
12,23,5,2,0,0,213.78,2,1,0,1,0
5,26,7,3,0,0,99.32,4,1,0,0,1
7,23,9,4,0,1,76.99,10,0,0,0,1
6,26,1,3,0,0,110.53,3,1,0,0,0
7,17,12,1,1,0,45.73,6,0,1,1,0
12,34,10,1,0,0,406.63,2,1,1,0,1
3,25,10,3,0,1,53.38,5,1,0,0,0
14,21,7,3,0,0,33.23,7,1,0,0,0
0,29,11,1,0,0,65.9,1,0,0,0,0
0,30,5,4,1,1,40.21,9,0,0,0,0
6,25,6,2,1,0,96.64,1,0,0,0,0
14,26,12,2,0,0,261.13,2,0,1,0,1
6,22,5,4,1,1,46.81,6,1,1,0,0
9,32,3,2,0,1,222.14,1,1,0,0,1
0,25,1,1,0,1,29.3,6,1,1,0,0
1,59,4,1,1,1,44.1,11,1,1,0,0
4,35,3,4,1,0,132.27,5,0,1,0,0
3,25,9,3,0,1,54.65,3,0,0,0,1
4,31,8,5,0,1,84.02,5,1,1,0,0
5,44,1,1,0,0,460.66,1,0,0,0,0
4,38,9,1,1,0,175.35,4,0,1,0,1
9,19,3,2,0,0,89.06,3,0,0,0,1
0,19,11,5,1,1,43.35,7,0,0,0,0
6,27,7,5,0,0,120.82,2,1,0,0,0
0,32,5,4,0,1,67,3,0,0,0,0
2,27,6,4,1,0,56.81,0,0,0,1,0
3,23,9,1,1,0,37.16,1,1,1,1,0
2,35,7,5,0,0,167.15,0,0,0,1,0
0,41,6,2,0,0,186.19,8,0,0,0,0
3,23,5,2,1,0,48.35,1,1,0,0,1
1,24,7,5,0,0,48.12,1,0,0,0,0
1,24,7,2,1,0,29.33,4,1,1,0,0
6,21,3,1,0,1,92.5,11,0,1,0,0
3,44,6,3,0,1,277.15,8,0,0,0,0
1,17,6,5,0,1,16.55,1,1,1,0,1
0,28,3,3,1,0,35.03,2,1,1,0,0
5,39,1,1,0,0,83.65,4,0,1,0,0
7,33,10,4,0,1,148.06,6,0,1,0,0
3,19,4,1,0,1,31.04,0,1,0,0,0
4,46,7,2,0,1,382.22,10,1,0,0,1
9,21,8,2,0,0,104.33,7,1,0,0,0
0,26,2,3,1,0,36.34,5,1,0,1,0
5,35,2,2,0,1,135.66,2,1,1,0,0
3,27,4,5,1,0,69.14,9,0,0,0,1
3,28,3,5,1,0,90.1,7,0,1,0,1
6,36,12,1,1,1,164.96,8,1,1,0,1
0,36,6,1,1,1,49.21,13,0,0,0,0
2,21,8,5,1,0,32.96,3,0,0,0,0
9,30,11,2,1,0,263.72,2,1,0,0,1
8,33,8,2,0,0,215.97,3,1,1,0,0
7,36,2,1,0,1,192.04,3,0,1,0,0
0,20,9,2,1,1,13.67,9,1,1,0,1
1,21,5,3,1,1,39.09,5,0,0,1,0
5,28,11,3,0,0,54.1,5,0,1,0,0
3,25,4,3,0,1,43.34,9,1,1,0,0
7,22,6,5,0,1,68.71,2,0,0,0,0
10,29,12,4,0,1,189.94,6,0,0,0,0
10,20,4,1,1,1,98.37,1,1,0,0,0
5,44,8,2,0,0,460.66,3,1,0,0,0
6,28,10,2,0,0,135.19,2,1,0,0,1
4,22,6,5,0,0,59.46,8,0,0,0,0
9,17,8,1,0,0,74.17,3,1,0,0,1
7,23,6,5,1,1,61.26,12,1,1,0,0
14,21,11,2,0,0,162.71,3,1,1,0,0
4,28,3,1,1,0,71.66,1,0,1,0,0
7,39,8,2,1,1,56.77,5,0,1,0,0
4,23,2,5,1,0,56.81,8,1,0,1,0
1,49,11,5,0,1,323.61,5,0,0,0,0
7,30,11,4,0,1,143.56,8,1,0,0,1
4,26,8,5,0,1,54,1,0,1,0,0
2,26,5,3,0,1,51.22,5,1,0,0,0
1,32,6,4,0,1,88.27,5,1,0,1,0
0,40,3,2,0,1,108.48,10,0,1,0,0
6,54,7,5,1,1,64.88,4,0,0,0,1
1,27,11,1,1,1,20.34,6,0,0,0,0
4,18,1,2,1,1,28.69,7,1,0,0,1
0,21,2,1,0,1,25.17,1,0,0,0,0
3,20,1,2,1,1,22.83,8,0,1,0,0
4,20,10,1,0,0,49.6,1,0,0,0,0
1,48,2,4,1,1,181.6,1,0,1,0,0
2,40,5,2,0,0,227.36,3,1,0,0,1
3,41,4,5,0,1,220.31,0,0,0,0,1
2,24,7,2,1,0,43.2,7,1,0,0,0
12,24,12,2,0,1,158.02,4,1,0,0,0
6,29,6,3,0,0,144.24,3,1,0,0,0
0,28,11,5,1,1,90.8,3,1,0,0,0
6,35,12,4,0,1,58.28,5,1,1,0,0
0,42,11,3,0,0,17.63,11,1,1,0,0
2,45,7,1,0,0,338.59,1,0,0,0,0
2,20,2,4,0,0,31.02,0,1,1,0,0
6,32,1,4,0,1,146.65,4,1,0,0,0
0,34,5,5,0,1,79.76,9,0,0,0,0
0,35,4,4,1,0,64.67,3,0,1,0,0
12,23,12,3,1,0,241.89,3,1,0,0,1
0,46,1,4,1,1,94.01,5,1,0,0,0
0,21,12,4,0,0,26.16,2,0,1,0,0
2,18,2,4,0,1,24.87,10,0,0,0,0
5,23,4,4,0,1,66.96,3,1,0,1,0
0,19,1,3,1,0,68.11,6,0,0,0,0
4,33,12,3,1,1,106.96,9,0,0,0,0
9,37,1,1,1,1,9.12,9,0,0,0,0
10,38,4,3,0,1,56.79,0,0,0,0,0
2,31,8,1,0,0,117.97,9,0,0,1,0
0,21,5,4,1,0,23.04,2,0,0,0,0
5,20,3,3,0,0,98,6,0,0,0,0
1,17,3,1,1,1,14.95,9,1,0,0,0
0,41,2,1,1,1,84.47,3,0,1,0,0
1,30,1,1,1,0,61.56,5,1,0,0,0
6,25,7,3,0,1,64.12,2,0,1,0,0
2,18,11,3,1,1,49.88,7,0,1,0,1
7,38,8,5,0,1,280.88,4,1,0,0,0
4,42,4,1,1,1,231.58,1,0,0,0,0
0,46,3,5,0,1,221.45,4,0,0,0,0
1,22,7,1,0,0,27.04,1,1,0,0,0
6,26,9,5,1,1,13.45,5,1,0,0,1
2,38,10,1,0,0,187.2,2,0,0,0,0
4,46,7,1,0,0,477.9,7,0,0,0,0
9,27,1,2,0,1,139.63,4,1,0,0,0
1,20,5,5,1,1,19.66,14,0,0,0,0
0,29,6,2,1,1,36.82,7,0,0,0,0
0,21,7,1,1,0,18.71,6,0,1,0,0
9,31,4,5,0,0,60.7,6,1,1,1,0
13,22,12,5,1,0,25.99,9,1,0,0,0
3,31,6,1,0,0,116.26,1,0,0,0,0
4,37,12,2,1,0,157.18,1,0,1,0,0
0,22,12,5,1,0,83.16,3,1,0,0,1
4,21,1,4,0,0,44.1,3,0,1,0,0
7,38,8,3,0,0,291.96,0,0,1,0,0
1,31,9,5,0,1,69.95,4,1,0,0,0
9,23,1,3,0,0,31.94,2,0,0,0,1
12,18,3,3,0,0,117.45,0,1,0,0,0
2,37,3,1,0,1,134.2,1,0,0,0,0
2,19,3,3,1,1,19.37,3,1,0,1,0
0,19,5,4,1,1,42.81,9,0,0,0,0
6,33,6,4,0,1,185.02,3,1,0,1,0
0,39,12,5,0,0,157.05,9,1,0,0,0
0,26,1,5,1,1,28.22,8,1,0,0,0
0,25,9,1,1,1,21.45,12,1,1,0,1
2,22,9,2,1,0,36.08,4,1,0,0,0
4,17,7,5,0,0,37.71,9,0,0,0,0
6,31,8,5,0,0,39.52,6,1,0,0,0
8,18,12,1,0,0,35.15,1,0,0,0,0
0,49,12,5,0,0,363.57,1,1,0,0,0
0,29,10,5,1,1,79.37,9,1,1,0,0
2,18,10,3,1,0,25.08,3,0,0,0,0
14,31,5,1,1,0,17.41,1,1,0,0,0
6,37,3,5,1,1,216.26,6,1,0,0,0
0,18,7,4,0,1,19.15,8,1,0,0,0
5,34,12,3,1,0,54.5,1,1,1,1,0
8,32,12,4,1,0,59.98,5,0,1,0,1
4,54,4,5,0,0,1066.45,1,1,0,1,0
0,25,5,1,1,1,25.8,1,1,0,0,0
0,50,9,1,1,1,32.91,1,0,1,0,0
2,58,3,4,1,1,617.62,2,1,0,0,1
1,48,5,4,0,0,381.42,1,0,0,0,0
6,18,2,4,0,1,81.29,8,1,1,0,0
4,48,10,5,0,0,577.75,8,1,0,0,1
1,27,4,1,0,1,39.9,1,0,1,0,0
9,27,8,3,0,0,178.75,5,1,0,0,0
1,28,11,5,0,0,70.38,7,0,0,0,1
4,18,1,4,1,0,36.73,1,1,0,0,1
14,24,3,2,0,0,268.92,8,1,0,0,1
5,50,2,4,0,1,592.34,2,1,0,0,0
12,27,10,1,0,0,305.74,10,0,0,1,0
0,35,11,5,0,1,70.63,11,1,1,0,0
4,20,5,5,1,0,43.05,4,1,0,0,0
9,27,5,3,0,0,178.75,3,0,0,0,0
0,40,8,4,1,1,65.04,6,1,0,0,0
6,52,3,5,0,1,795.08,8,1,0,0,0
2,38,3,4,1,1,23.63,2,1,0,0,0
0,31,8,1,0,1,49.84,2,0,1,0,0
5,31,4,5,0,0,122.57,3,1,1,0,0
6,26,2,4,0,1,86.34,5,0,0,0,0
7,23,5,3,1,0,78.42,3,0,1,0,0
4,38,7,1,1,1,49.76,10,1,1,0,0
0,56,4,2,0,0,643.09,7,1,0,0,0
6,21,5,3,1,1,52.98,4,1,0,1,0
12,43,2,4,1,1,33.28,7,1,0,1,0
4,26,4,3,1,0,62.4,0,0,1,0,1
9,23,8,4,1,1,87.61,13,0,1,0,0
6,38,6,2,0,0,315.56,8,1,0,0,0
2,39,12,1,1,1,104.33,1,0,1,0,1
0,33,8,2,0,1,84.53,3,0,0,1,0
0,33,9,1,1,1,52.29,12,0,0,0,0
8,25,5,1,0,0,131.25,1,0,0,0,0
0,26,8,5,1,0,29.33,4,1,1,0,0
12,24,7,4,1,1,37.22,6,1,0,0,0
8,24,10,1,0,0,97.44,2,1,1,0,0
0,38,3,4,0,1,91.45,12,0,1,0,0
6,21,9,2,1,0,67.41,2,1,0,0,0
4,23,7,4,1,1,44.11,11,1,0,0,0
1,60,3,4,1,1,591.44,14,1,0,0,0
0,25,3,2,0,0,46.19,11,1,0,0,0
3,23,3,5,0,0,57.1,9,0,0,0,0
5,32,8,4,0,0,133.78,0,1,1,0,0
9,46,1,3,1,1,811.41,4,1,0,0,1
0,38,11,1,1,1,80.55,3,1,0,0,0
5,22,9,5,0,1,42.97,3,0,1,0,0
2,31,5,3,0,1,66.26,2,1,1,0,1
1,19,2,2,0,1,27.64,5,1,0,1,0
6,34,10,3,0,0,181.46,6,1,1,0,0
1,21,5,3,0,1,28.68,2,0,0,0,0
7,23,10,3,1,0,97.16,7,1,0,1,0
18,32,12,3,1,1,1199.72,5,0,0,0,0
5,18,9,3,0,1,36.79,8,0,0,0,0
4,34,12,4,0,0,139.76,11,0,1,0,0
0,45,9,2,0,1,203.71,13,1,0,0,0
4,22,9,3,1,0,41.9,11,0,1,0,0
6,31,7,4,1,0,8.61,0,1,0,0,0
4,36,3,1,1,1,138.74,8,0,0,0,0
6,28,3,5,0,1,103.14,1,1,0,0,0
9,33,7,4,0,0,284.52,5,0,1,1,0
6,37,4,5,0,1,261.55,3,1,0,1,0
1,26,5,5,0,0,57.54,1,0,0,0,0
0,37,7,3,1,1,53.59,3,1,0,0,0
0,34,2,1,0,1,79.76,1,0,0,0,0
4,35,12,3,1,1,97.96,1,1,0,0,1
6,39,7,4,0,1,274.92,5,0,0,0,1
3,23,5,3,1,0,38.34,5,1,1,0,0
3,51,3,2,1,0,527.39,4,1,0,1,0
4,42,11,1,1,0,296.46,9,1,0,0,0
0,29,7,2,1,0,38.27,2,0,1,0,0
8,24,2,2,0,1,80.12,13,0,1,0,1
5,29,4,3,1,1,90.07,3,0,0,0,0
9,19,7,4,0,1,67.95,1,1,0,0,0
0,20,11,4,1,1,13.35,1,0,1,0,0
3,32,4,4,0,0,103.04,2,1,1,0,0
6,48,3,2,1,1,547.09,7,0,0,0,0
1,42,8,5,0,1,67.04,3,1,1,0,0
3,25,8,1,0,0,56.81,2,0,1,0,1
2,37,3,1,0,0,171.8,0,1,0,0,0
0,22,12,1,1,0,25.83,4,1,0,0,1
0,30,12,4,1,0,51.48,0,0,0,0,0
0,18,3,5,0,1,5.35,0,0,0,0,0
0,25,9,2,0,0,46.19,10,1,0,0,0
1,42,10,1,1,1,135.4,7,1,0,0,0
0,19,1,1,1,1,54.04,11,0,0,0,0
5,19,6,2,0,1,32.73,6,0,1,0,0
6,24,2,2,0,0,98.45,11,0,1,0,0
3,33,7,4,1,0,114.5,4,0,0,0,0
6,18,4,2,0,1,48.47,2,0,0,1,0
8,18,11,1,0,0,73.62,2,0,0,0,1
4,22,1,3,1,0,51.6,7,1,0,0,0
2,21,1,4,1,1,90.32,3,0,0,0,0
1,31,6,4,1,1,52.51,7,0,0,0,0
0,25,8,3,0,0,46.19,4,1,0,0,0
9,30,3,4,0,0,233.06,1,0,0,0,0
0,41,4,1,0,0,47.03,4,0,0,0,0
8,21,7,1,0,1,87.7,2,1,0,0,0
0,20,7,5,1,1,88.57,3,0,1,0,0
1,25,2,4,1,0,40.45,13,1,0,0,1
10,19,7,3,1,0,114.97,5,1,0,0,0
9,20,1,5,0,1,60.64,7,0,1,0,1
13,34,3,1,0,1,445.75,2,0,0,0,1
12,43,1,3,1,0,74.28,6,0,0,0,0
0,35,8,5,0,1,86.98,7,1,0,0,0
0,36,6,5,0,0,121.4,8,0,0,0,0
7,22,8,5,1,0,43.21,9,0,1,0,0
5,25,9,1,0,0,82.17,6,0,0,0,0
9,42,5,1,0,0,656.16,9,1,0,0,0
0,22,11,4,1,1,19.82,5,0,0,1,0
2,25,12,2,0,1,46.84,13,1,0,0,0
5,20,3,2,1,1,41.17,3,0,0,0,1
12,29,3,5,1,0,403.37,8,0,0,0,0
2,20,5,3,1,1,17.5,6,1,0,0,0
6,30,11,2,1,0,93.36,2,1,0,0,0
2,21,8,4,1,1,25.9,4,0,0,1,0
9,21,11,5,1,0,93.62,3,0,1,0,0
2,20,2,3,0,1,29.84,7,0,0,0,0
3,28,6,5,1,0,70.49,8,0,1,0,0
4,30,7,2,1,1,48.71,0,0,1,0,0
0,18,8,1,1,1,13.7,8,1,0,0,0
1,20,3,2,1,1,16.34,5,0,1,0,1
12,24,10,2,0,0,207.12,2,1,0,0,1
4,22,8,2,0,0,59.46,1,0,0,0,0
6,28,11,5,1,1,99.19,8,1,0,1,0
6,24,5,2,0,1,51.69,5,1,0,0,0
6,27,12,1,0,1,109.12,3,1,0,1,0
7,19,6,1,0,1,60.51,4,0,0,1,0
3,24,5,2,1,1,40.6,8,1,0,1,0
7,48,12,4,0,1,667.67,3,1,0,0,1
2,40,9,2,1,1,136.66,8,0,0,0,0
6,24,4,1,0,1,90.06,5,0,1,0,0
0,25,1,1,0,1,29.3,3,0,1,0,0
1,38,3,3,1,0,8.43,8,0,1,0,1
4,22,8,2,0,0,59.46,8,0,0,0,0
9,39,2,3,0,0,520.68,4,1,0,0,1
3,41,1,3,0,0,275.46,5,1,0,0,0
0,17,3,5,0,1,16.41,3,0,1,1,0
2,43,10,3,0,1,51.19,0,1,1,0,1
6,36,10,4,0,1,207.56,12,1,0,0,0
7,23,8,4,1,1,62.72,4,0,1,0,1
2,37,2,2,1,0,136.17,8,0,0,1,0
0,19,7,1,1,1,15.01,3,1,0,0,0
6,18,4,3,0,1,41.92,3,1,0,0,0
0,24,5,2,1,1,86.02,4,1,1,0,1
6,19,5,2,0,0,92.27,10,0,0,0,0
3,17,3,1,1,0,75.73,6,1,1,0,0
0,41,1,1,0,1,118.1,6,0,1,0,0
0,22,8,3,1,0,25.23,10,0,0,0,0
4,28,3,5,0,0,101.69,10,0,0,0,0
4,18,10,5,0,1,32.29,0,1,0,0,0
3,36,3,5,0,1,113.92,1,0,1,0,0
3,19,1,4,0,1,35.89,14,0,0,1,0
0,23,11,4,1,0,84.87,0,1,0,0,0
1,42,3,4,1,1,135.4,2,1,0,0,0
6,35,6,1,1,0,72.7,8,0,0,0,1
0,23,7,1,1,1,21.7,1,1,0,1,0
2,18,9,5,0,1,72.29,8,1,0,0,0
0,24,8,4,0,0,48.82,4,0,0,1,0
8,24,7,2,0,0,57.89,7,0,0,0,0
6,19,3,2,0,0,47.16,6,0,0,0,0
8,37,6,4,0,1,244.19,2,0,1,0,1
2,24,6,2,1,0,43.2,6,1,0,0,0
2,23,6,1,1,1,31.03,1,1,0,1,0
4,43,10,4,1,1,36.44,1,0,0,1,0
0,30,3,2,0,1,52.78,13,1,1,1,0
6,37,11,1,1,0,226.15,4,0,1,1,0
4,18,12,3,0,0,47.79,8,1,0,1,0
6,22,1,1,0,1,61.74,0,0,0,0,1
4,38,1,1,0,1,189.85,2,1,0,0,0
3,48,1,3,1,1,23.46,4,1,0,0,0
5,31,1,4,0,1,120.73,2,0,0,0,1
3,27,7,4,0,0,81.67,5,1,0,0,0
8,33,9,5,0,0,215.97,5,1,1,0,0
12,20,6,4,0,0,162.96,8,0,0,1,0
0,44,7,3,0,1,187.34,5,0,0,0,0
0,48,5,4,0,0,334.74,0,1,0,0,0
0,50,8,5,1,1,9.73,7,0,0,0,0
6,46,8,3,0,1,25.25,1,0,1,1,0
4,28,7,4,0,1,79.44,4,0,0,0,0
1,40,8,2,0,1,126.56,0,0,1,0,1
2,18,11,4,1,1,19.59,4,0,0,0,0
0,40,11,3,0,1,108.48,5,1,1,0,0
11,19,6,5,1,1,108.05,5,0,0,1,0
5,40,10,2,1,0,30.77,1,0,1,0,0
0,25,10,2,1,0,33.03,9,0,0,0,0
6,32,1,2,1,0,52.84,2,1,0,0,0
1,22,6,5,1,0,30.17,3,1,0,0,0
5,53,8,5,1,1,689.5,3,1,0,0,0
13,22,2,3,1,0,214.63,10,0,1,0,1
4,18,5,3,0,0,41.33,7,0,0,0,0
11,17,7,3,1,1,89.98,1,1,0,1,0
3,21,9,5,0,1,58.28,10,0,0,0,0
2,18,3,2,1,1,19.59,1,1,0,0,0
5,54,5,3,1,0,957.33,14,0,0,0,0
1,30,4,1,1,0,71.92,1,0,1,0,0
6,18,4,3,0,1,41.92,2,1,0,0,0
6,49,3,5,0,1,621.59,5,1,0,0,0
4,31,4,1,1,1,71.63,2,1,0,0,0
2,23,7,5,0,1,29.98,6,1,1,1,0
12,38,11,3,1,0,882.47,7,0,0,0,0
10,24,10,2,1,0,180.73,9,0,0,0,0
10,19,1,2,0,0,93.05,4,0,1,1,0
0,30,2,3,0,1,65,0,1,0,1,0
12,22,4,1,1,0,179.47,14,0,1,0,1
6,18,1,2,0,0,53.66,2,1,0,0,0
5,40,3,1,0,1,208.37,9,0,1,0,0
6,30,10,3,0,1,142.27,1,1,0,1,0
5,35,5,5,1,0,194.82,14,1,0,0,0
0,35,9,5,0,0,111.35,5,1,0,0,0
3,20,5,5,0,0,34.08,7,0,1,0,0
3,30,9,4,1,0,90.15,2,1,0,0,1
0,27,12,5,0,1,34.25,4,1,0,0,0
1,22,1,2,1,1,23.57,0,1,0,0,0
3,22,2,4,1,1,33.7,13,0,0,0,0
5,39,9,4,1,1,214.64,6,0,0,0,0
0,34,4,1,0,1,81.66,1,1,0,0,1
0,22,9,1,0,1,22.37,3,1,1,0,0
1,31,10,2,0,0,41.88,9,1,1,0,0
2,19,1,5,1,1,17.43,5,0,1,0,0
0,26,1,4,0,1,26.6,4,0,0,0,0
3,25,7,3,0,1,60.17,3,1,0,0,0
6,37,9,3,0,1,77.6,9,0,0,0,0
2,18,8,5,0,1,23.34,5,0,1,1,0
0,32,5,1,1,1,38.91,2,1,1,0,0
6,19,11,1,0,1,32.98,8,1,1,0,0
6,41,5,5,0,0,407.52,9,0,0,0,0
18,50,8,5,0,1,3310.36,11,1,0,0,1
2,47,9,4,0,1,2.11,5,0,1,0,0
4,32,1,3,0,1,112.95,6,1,0,0,0
6,33,12,2,1,1,152.98,5,0,0,0,0
3,27,1,3,1,1,36.44,4,0,0,0,1
5,33,6,3,1,0,163.76,5,0,0,0,0
6,27,10,3,0,0,120.82,6,1,0,0,0
8,25,2,4,1,0,112.9,9,1,1,1,0
6,18,7,1,0,0,53.66,2,0,0,0,0
0,33,3,3,1,1,31.11,1,0,1,0,0
12,41,9,3,0,1,713.36,11,1,0,0,1
5,22,9,3,0,1,52.92,3,1,0,0,0
2,26,4,1,0,1,52.44,1,0,0,0,1
6,40,6,2,0,0,374.33,12,1,0,0,0
0,26,8,5,1,0,29.33,5,0,1,0,0
7,37,2,4,0,1,257.77,10,0,0,0,0
9,30,5,1,0,0,233.06,3,1,0,0,0
6,46,5,5,0,0,635.3,1,1,0,0,1
1,50,7,1,1,0,274.18,4,0,1,0,0
3,23,1,5,1,1,59.8,9,1,1,0,0
6,22,7,1,0,0,77.2,8,1,0,0,0
0,27,9,3,0,1,40.48,10,0,1,1,0
7,48,11,1,0,1,667.67,3,1,0,0,1
3,24,4,1,0,1,49.97,2,0,0,0,1
1,18,10,3,0,1,22.34,3,1,0,0,1
4,35,8,4,0,0,84.06,2,1,0,0,1
0,28,7,5,0,0,60.33,7,1,0,0,0
3,46,9,2,0,1,327.62,3,1,0,0,0
3,34,6,5,0,0,122.65,1,0,1,0,0
5,55,11,5,0,1,722.81,1,1,1,0,0
7,28,1,1,1,1,98.03,4,1,1,0,1
3,34,11,5,1,1,11.33,9,1,0,0,0
1,41,6,4,1,1,96.14,5,0,1,0,0
1,18,9,1,1,0,17.03,6,1,1,0,0
6,19,11,5,0,0,67.98,6,0,0,1,0
6,31,12,5,0,1,109.09,3,1,1,0,0
8,19,7,1,0,0,76.34,10,1,0,0,0
0,40,11,1,0,0,171.03,4,0,0,0,0
7,20,1,1,0,1,47.65,10,0,1,0,1
5,43,4,1,0,0,343.88,3,0,1,0,0
2,46,1,3,0,1,332.43,2,0,0,1,0
7,49,1,1,1,0,74.72,1,0,1,0,0
1,18,7,2,1,1,16.38,12,0,0,0,0
9,34,3,4,0,0,274.86,0,1,1,0,1
2,20,3,4,1,1,19.09,4,1,1,0,0
8,30,1,2,0,1,132.83,7,1,1,0,1
2,21,10,5,0,1,32.68,4,0,0,0,0
0,21,8,2,0,1,29.1,9,1,0,1,0
3,21,4,5,1,0,32,7,1,1,0,0
7,28,10,3,1,0,150.95,1,1,0,0,0
3,23,4,5,1,0,62.87,2,0,0,0,1
6,20,10,2,1,1,48.09,4,0,0,0,0
6,46,10,2,0,0,620.49,8,1,0,0,0
12,18,4,5,1,0,122.59,9,1,1,1,0
4,19,1,3,0,0,45.29,1,0,0,0,0
0,39,1,5,1,1,71.25,6,1,1,0,0
0,48,10,3,1,0,76.55,2,0,0,0,0
12,26,6,4,0,0,196.43,3,1,1,0,0
4,21,10,2,1,0,39.19,7,0,1,0,1
14,18,8,1,0,0,152.5,10,0,0,0,0
3,31,7,1,1,1,5.1,7,1,0,0,1
3,29,3,5,1,1,97.39,1,1,0,1,0
7,35,4,4,0,1,203.65,8,1,1,1,0
12,24,1,5,0,0,207.12,0,0,0,0,1
5,20,8,1,1,0,78.12,3,1,0,0,0
3,17,9,5,1,1,21.51,2,0,0,1,0
1,32,9,3,0,1,96.25,4,1,1,0,0
12,32,1,4,1,1,410.11,5,1,0,0,0
0,29,7,2,1,1,30.61,3,0,1,0,1
5,21,10,1,1,0,56.71,12,1,0,1,0
6,38,11,5,1,0,250.79,3,1,1,0,1
6,21,10,4,0,0,81.53,4,0,0,1,0
0,30,10,2,1,0,51.48,5,1,0,0,0
7,20,3,2,0,1,46.54,6,0,1,0,0
6,18,5,2,1,0,41.65,2,0,1,0,0
8,23,2,3,0,1,85.68,4,1,0,0,0
1,22,2,1,1,1,19.59,5,1,1,0,1
2,34,6,2,0,1,103.56,1,0,0,0,0
7,46,3,1,0,0,93.86,1,0,1,0,1
3,23,9,4,0,0,46.37,9,1,1,0,0
4,29,7,2,0,0,86.42,4,0,0,0,0
5,53,5,3,0,1,875.21,8,0,0,1,0
2,23,2,2,1,1,31.03,1,1,0,1,0
0,36,1,4,0,1,78.84,4,0,1,0,1
3,26,5,5,0,0,60.67,1,0,1,0,0
0,29,11,1,0,0,53.51,3,0,1,0,0
8,34,1,2,1,1,193.79,1,1,1,0,0
0,42,7,2,0,1,158.29,5,1,0,0,0
6,20,8,2,0,1,40.85,8,1,1,0,0
9,26,4,5,0,1,84.31,6,0,1,0,1
3,26,3,1,0,0,70.14,2,1,1,1,0
0,42,9,4,0,1,158.29,11,0,0,0,0
7,34,12,4,0,0,8.14,0,0,0,0,0
11,42,7,4,0,0,851.93,8,1,0,0,0
0,46,2,5,0,1,226.74,3,1,0,0,1
6,32,8,2,1,1,140.19,13,1,0,0,0
3,21,2,2,1,1,30.79,1,0,0,0,0
9,22,3,3,1,0,126.22,4,0,0,0,0
0,41,12,5,0,0,215.27,6,0,0,1,0
2,41,4,2,0,1,87.77,8,0,1,0,0
6,21,4,2,1,1,53.92,3,1,0,0,1
4,40,12,5,0,0,8.57,12,0,0,0,0
0,36,3,2,1,0,85.49,7,0,1,1,0
5,28,8,2,0,0,115.87,13,0,0,0,0
6,60,1,3,0,0,1610.65,9,1,1,0,1
12,49,12,5,1,0,2278.42,6,1,0,0,1
2,20,9,1,0,0,31.02,5,1,1,0,0
0,54,9,1,1,1,37.74,7,0,0,0,0
9,17,10,4,1,0,80.54,11,0,0,1,0
5,18,10,1,0,1,29.87,0,1,1,0,0
3,20,4,2,0,0,43.53,4,0,0,0,0
8,24,8,2,0,0,97.44,5,0,1,0,0
6,40,7,1,1,0,292.31,6,0,1,1,0
8,45,3,2,0,0,601.73,9,0,1,0,0
5,24,7,4,1,1,20.17,0,1,1,0,0
3,31,7,1,1,0,96.13,3,0,0,0,0
9,24,5,1,0,0,158.09,7,1,0,1,0
7,20,10,1,1,1,57.51,6,0,0,0,0
5,49,2,4,1,0,82.02,1,1,0,0,0
7,27,8,4,0,0,79.52,2,1,1,0,1
0,30,10,1,0,1,68.38,6,1,0,0,0
6,35,10,5,1,0,234.39,4,1,0,1,0
0,37,2,2,1,1,73.93,1,1,0,0,0
1,43,8,3,0,1,196.25,10,1,0,0,0
3,33,6,4,0,1,14.64,2,0,1,0,1
2,37,11,1,1,0,36.42,7,1,1,1,0
7,35,7,4,0,1,180.34,6,1,1,0,1
8,18,9,5,0,0,95.71,9,0,0,0,0
4,37,7,4,0,1,141.48,9,0,1,0,0
2,26,8,5,1,1,28.02,11,0,0,0,0
5,26,10,3,1,0,72.17,0,1,1,1,0
0,27,4,5,0,1,43.12,7,0,0,0,0
0,19,1,5,0,0,26.86,7,0,0,0,0
0,40,3,3,0,1,125.42,1,1,1,1,0
0,30,8,3,0,1,56.22,6,1,0,0,0
0,36,9,5,1,0,86.83,8,0,0,0,0
0,42,9,2,0,1,183.01,4,1,0,1,0
8,32,6,3,0,0,243.75,12,1,0,0,0
7,26,5,1,1,1,80.15,3,0,1,0,0
4,37,3,3,0,0,223.06,2,1,0,0,0
0,26,12,2,1,1,28.22,10,0,0,0,0
4,20,2,5,0,0,46.56,8,0,1,1,0
2,25,9,1,1,1,37.13,6,1,0,1,0
6,23,12,1,0,1,61.95,5,0,1,1,0
7,33,3,3,0,1,148.06,7,1,1,0,0
1,25,12,3,0,1,41.11,0,0,0,0,0
9,25,3,3,0,1,116.82,9,1,0,0,0
0,36,1,1,1,0,79.05,0,1,0,0,0
6,18,4,5,1,0,52.53,4,0,0,0,1
4,28,6,5,0,0,82.57,1,1,1,0,0
8,29,2,4,0,0,187.28,3,1,0,0,0
8,20,8,2,1,0,88.05,6,1,0,0,0
2,29,5,3,0,1,54.27,5,1,1,0,0
5,31,2,4,0,0,150.95,0,1,0,0,0
6,36,12,5,0,0,249.44,6,0,1,1,0
4,23,2,3,1,1,57.88,2,0,1,0,0
5,42,3,5,1,1,84.31,5,0,0,0,0
0,34,4,3,0,1,81.66,2,0,0,0,1
0,19,10,2,1,1,12.19,2,1,1,0,0
13,23,8,3,0,1,164.58,2,1,0,0,0
4,30,2,2,0,0,124.23,5,0,0,0,1
0,48,4,1,1,1,151.85,12,0,1,0,0
11,21,1,4,0,0,109.98,1,1,1,0,0
4,33,9,3,1,0,136.93,2,0,0,0,0
0,32,10,4,0,1,77.47,5,1,0,1,0
0,28,11,5,1,1,27.37,4,1,1,0,0
6,33,9,5,1,0,159.02,1,0,1,0,0
6,25,6,4,1,0,97.22,12,0,0,1,0
5,28,5,4,0,0,94.09,2,0,1,0,0
6,30,3,3,0,0,157.53,3,1,0,0,0
7,21,4,4,1,0,65.46,4,1,1,0,0
1,42,11,4,0,0,230.9,0,0,0,0,0
2,33,12,5,1,1,60.73,5,1,1,0,0
0,37,8,4,1,1,73.93,1,0,0,0,0
3,18,9,2,0,0,84.76,7,1,0,0,0
0,20,10,5,1,1,81.38,7,1,1,0,0
6,20,8,2,0,1,44.29,9,0,0,1,0
2,31,2,3,0,1,81.6,2,1,0,0,1
0,36,7,2,1,1,68.24,2,1,0,1,0
5,26,9,5,1,0,20.49,3,1,0,0,0
8,19,2,1,0,1,49.57,9,0,1,0,1
1,22,7,1,1,0,68.5,12,1,1,0,0
8,24,8,2,0,1,93.74,13,1,0,0,0
3,36,9,5,0,0,179.61,5,0,0,0,0
8,26,4,4,0,1,112.1,0,0,0,0,0
0,24,8,5,1,0,65.39,11,1,0,0,0
2,31,9,4,0,1,64.72,0,1,1,0,0
8,42,5,1,0,0,575.85,1,1,0,0,0
5,35,3,2,0,1,171.07,6,1,0,0,1
10,35,9,4,0,0,475,1,1,0,1,0
8,32,8,4,0,0,243.75,6,0,0,0,0
1,23,11,4,1,0,14.33,14,1,0,0,0
6,20,6,5,1,1,39.05,12,0,1,0,0
2,34,10,3,0,1,103.56,2,0,0,0,0
6,26,3,1,0,0,113.17,13,1,0,0,1
0,29,5,3,1,0,47.14,0,1,0,0,0
0,34,7,2,1,1,58.41,11,1,0,0,1
5,45,4,3,1,0,370.47,3,1,1,0,0
4,18,5,1,1,1,28.69,12,0,0,0,1
5,25,4,2,1,0,65.61,2,0,1,0,0
10,18,11,1,0,0,57.54,5,0,0,0,0
4,31,8,4,1,1,72.92,7,0,1,0,0
4,27,11,3,1,0,65.34,5,0,1,1,0
9,31,8,2,0,0,65.31,7,0,0,0,0
15,23,2,3,1,0,413.72,5,0,0,0,1
4,42,9,1,0,0,277.37,7,1,1,0,0
0,29,5,3,0,0,65.9,9,1,0,0,0
7,24,1,3,1,1,84.51,11,1,0,0,1
3,33,5,4,0,0,51.21,1,0,1,0,0
0,18,4,2,1,0,14.33,10,0,1,1,0
2,33,11,4,0,1,92.36,1,0,1,1,0
0,22,9,2,1,1,89.98,7,1,1,0,0
1,20,3,1,0,1,30.28,3,1,0,1,0
1,21,12,2,0,1,33.16,1,1,0,1,0
0,19,9,3,0,1,14.77,0,0,0,0,0
0,29,2,5,1,0,1.95,3,0,1,0,0
9,40,7,1,0,1,406.1,1,0,1,1,0
5,21,6,2,1,1,44.03,1,0,0,0,0
1,35,4,1,0,1,114.59,11,0,0,1,0
4,55,11,3,1,1,550.52,2,0,1,0,0
0,32,8,5,0,1,67,1,1,0,0,0
5,20,9,5,0,0,56.52,5,1,0,0,0
0,27,2,4,1,1,30.84,9,0,0,0,0
1,53,10,1,1,0,350.4,6,1,1,0,0
0,31,11,1,0,1,70.97,4,1,0,1,0
3,28,11,3,1,1,11.57,6,1,0,0,0
13,21,9,3,0,0,146.21,0,1,1,0,1
6,31,7,2,0,1,134.36,3,0,0,0,0
0,32,5,5,1,0,61.35,8,0,0,0,0
6,30,12,3,1,0,154.19,6,0,0,0,1
0,41,8,5,0,1,145.44,11,0,0,0,0
1,30,9,1,1,0,49.99,12,0,1,0,0
0,27,10,5,1,1,25.04,3,0,1,0,0
2,26,5,4,0,1,51.22,7,1,0,0,0
6,46,4,3,0,1,484.69,2,0,0,0,0
6,35,10,1,0,0,249.54,6,0,0,0,1
0,39,7,1,1,1,72.95,9,1,1,0,1
6,18,2,3,1,1,15.88,1,1,1,0,0
3,29,8,1,0,1,76.16,3,1,0,0,0
12,34,8,2,0,1,382.08,3,1,0,0,0
0,35,11,2,0,0,111.35,12,0,0,0,0
5,19,7,1,1,1,78.04,1,1,0,0,0
9,18,11,2,1,0,26.97,10,1,0,1,0
5,22,8,5,0,1,52.92,2,1,0,0,0
5,50,10,5,0,1,592.34,4,1,0,0,0
4,21,1,3,0,0,62.8,2,1,0,1,0
9,33,5,5,1,1,37.25,2,1,0,0,1
1,48,11,4,0,0,309.7,13,1,1,0,0
2,31,4,1,0,1,21.23,7,0,1,0,0
6,24,2,5,1,0,88.36,0,1,0,0,0
0,27,7,2,0,0,51.82,9,0,1,1,0
11,27,12,4,0,0,237.62,8,1,0,0,1
2,45,9,3,0,0,31.64,11,1,0,0,0
0,22,6,2,1,1,34.7,3,1,1,0,0
12,21,7,3,0,0,158.03,4,0,0,0,1
8,32,10,4,0,0,52.19,12,0,0,0,0
9,38,11,5,0,1,364.68,1,0,0,0,0
6,28,8,5,1,0,102.49,14,1,1,0,0
2,42,1,2,0,1,205.52,5,1,0,0,0
13,18,9,3,0,0,71.06,9,1,1,1,0
6,22,11,4,0,0,72.47,11,1,1,1,0
6,17,5,4,0,1,31.06,1,1,1,0,0
6,38,10,2,0,0,315.56,2,0,0,0,0
4,31,7,5,1,1,40.94,6,1,0,0,1
2,25,3,3,0,0,69.33,3,0,0,1,0
0,33,11,3,0,1,68.64,8,1,1,1,0
0,31,2,5,0,1,61.39,6,1,0,0,0
0,20,12,1,1,1,61.94,10,1,0,0,0
0,28,1,4,1,1,27.37,9,1,1,0,0
3,47,10,3,1,1,239.05,0,0,1,0,0
0,39,1,4,1,1,28.99,1,1,0,1,0
4,26,5,3,0,1,66.5,2,0,0,0,0
9,27,7,5,0,0,18.28,12,0,0,0,0
0,17,11,2,1,1,33.55,4,1,1,0,0
1,38,9,1,0,1,128.33,3,1,0,0,0
10,18,8,4,0,1,81.25,1,0,1,0,0
6,26,11,5,1,0,105.67,9,0,0,0,0
18,25,4,4,1,1,537.05,8,0,1,0,1
7,19,4,3,1,0,67.62,11,1,0,1,0
3,30,4,1,0,1,60.62,9,0,0,0,0
6,18,7,2,0,0,54.38,8,1,1,0,0
1,24,9,4,0,0,39.07,5,1,1,0,0
4,40,10,1,0,0,288.31,1,0,0,0,0
4,27,9,4,0,1,72.69,4,1,0,0,0
9,29,7,4,1,0,81.61,7,0,0,0,1
0,18,10,3,0,0,19.91,3,0,1,0,0
6,29,3,2,1,0,111.96,5,0,1,0,0
1,30,6,5,1,0,61.56,11,0,0,0,0
7,44,3,4,0,0,612.38,0,0,0,0,1
3,21,7,5,0,1,79.91,1,0,1,0,0
8,18,3,1,1,0,73.37,8,0,0,0,0
6,42,8,1,1,0,90.48,5,1,1,1,0
7,22,4,5,0,1,68.71,1,0,0,0,0
8,18,7,4,1,1,58.68,7,0,0,0,1
7,27,4,3,0,0,159.17,5,0,0,1,0
9,26,11,4,1,1,114.63,3,0,1,0,0
3,25,7,1,1,0,56.5,2,0,0,0,0
4,45,1,3,1,0,309.78,1,1,1,0,0
9,31,2,4,1,1,224.92,3,0,0,0,1
0,52,7,5,0,1,294.96,1,0,1,0,0
3,40,12,2,1,0,81.98,13,0,1,1,0
7,27,8,5,0,1,12.09,6,0,1,0,0
2,26,6,2,0,0,53.24,10,1,1,0,0
6,42,7,1,0,0,454.11,2,1,0,0,1
9,28,6,5,0,0,158.6,3,0,1,0,0
14,20,6,1,1,0,209.14,6,0,1,0,0
2,33,4,4,0,1,94.93,2,1,0,0,0
0,26,7,2,1,1,58.25,2,1,0,0,0
6,26,1,3,1,1,84.51,5,0,0,0,1
4,41,2,2,1,0,272.39,5,1,0,0,0
7,35,12,5,0,0,277.71,1,1,0,0,0
1,19,11,5,1,1,1.14,6,1,0,0,0
0,53,7,4,0,1,369.97,8,0,1,1,0
7,21,7,5,1,1,97.39,9,1,0,0,0
5,31,5,3,1,0,14.96,0,1,0,1,0
2,31,2,3,1,0,80.39,4,0,0,0,0
7,36,7,5,1,0,252.54,3,0,1,0,1
3,25,9,5,1,0,56.5,5,1,0,0,0
2,37,4,4,0,1,137.4,8,0,0,0,1
6,38,3,5,0,0,256.23,2,0,1,0,0
3,45,3,4,0,0,385.81,3,1,0,0,0
0,34,12,1,0,1,79.76,4,0,0,0,0
14,28,2,1,0,1,237.98,0,0,1,0,0
3,37,3,1,0,0,200.43,8,1,0,0,1
11,22,3,4,1,1,141.01,7,0,0,0,0
5,18,11,5,0,0,48.22,8,0,0,0,1
5,17,7,5,1,0,54.5,3,0,0,0,0
6,25,6,3,1,1,94.49,3,0,1,0,1
4,22,11,1,1,0,66.77,2,1,1,0,0
1,19,2,5,1,1,23.36,4,1,1,0,0
13,23,8,4,0,0,71.52,2,0,1,0,0
2,17,8,5,0,1,18.42,5,1,1,0,0
8,36,1,2,1,0,365.47,5,1,0,1,0
8,20,9,3,1,0,88.58,14,1,0,1,0
8,18,2,2,0,0,80.56,12,1,0,1,0
4,18,7,2,1,1,28.69,3,0,0,0,1
2,32,5,1,0,0,111.37,5,1,0,0,0
0,25,8,2,0,1,36.08,8,1,0,0,0
6,18,8,3,0,0,43.57,4,0,1,0,0
4,20,1,2,1,0,34.95,8,1,1,0,0
3,52,7,2,1,0,65.79,7,1,0,0,0
4,27,11,4,0,0,89.63,9,1,0,0,0
6,25,8,2,0,0,82.08,1,1,1,0,0
1,24,1,5,1,0,36.12,10,0,0,0,0
5,42,9,3,0,1,252.78,5,1,1,0,1
0,29,1,1,0,1,51.48,2,0,0,0,0
7,34,11,1,1,1,204.34,9,0,0,0,1
0,25,8,1,1,0,60.62,1,0,0,0,0
1,29,6,5,1,1,44.03,7,0,0,0,0
12,25,10,4,0,1,143.68,7,0,1,0,1
8,28,5,1,0,0,46.33,3,1,0,0,1
2,26,1,1,1,0,87.96,4,1,0,0,0
7,26,5,3,0,0,77.57,7,0,0,0,0
4,22,2,4,0,1,37.71,5,0,1,0,0
6,25,11,1,1,1,89.52,1,1,0,0,0
5,39,12,3,0,0,301.67,0,0,0,0,0
10,28,3,1,1,0,264.33,3,0,0,0,1
6,32,6,2,0,0,217.06,1,0,0,1,0
3,28,6,4,0,1,69.71,3,1,0,0,0
1,35,5,5,1,1,84.31,3,0,1,0,0
2,47,9,3,0,0,400.02,9,0,0,0,0
4,51,5,1,1,0,641.89,4,1,0,0,1
4,20,8,5,0,1,44.8,0,1,0,1,0
6,21,12,5,0,1,55.09,4,1,0,0,0
0,37,9,2,1,1,76.57,5,1,1,0,1
4,31,2,1,0,0,132.47,4,0,0,0,0
0,18,6,5,0,1,15.55,0,1,1,0,0
0,31,9,4,1,1,26.77,3,1,0,0,0
5,32,3,3,1,0,150.07,4,0,0,0,0
2,45,11,4,1,1,173.24,0,1,1,0,1
2,17,5,5,0,1,22.69,0,1,0,0,0
12,22,3,4,0,0,64.8,6,0,1,1,0
0,45,12,5,1,0,151.45,1,0,1,0,0
7,20,4,2,0,0,73.38,2,1,0,0,0
6,38,10,3,0,0,315.56,6,1,0,0,0
6,19,9,4,0,0,47.74,7,0,1,0,0
3,26,6,4,0,1,59.76,5,1,0,0,1
6,52,8,5,1,0,973.01,6,1,0,0,0
0,21,11,3,1,1,18,3,0,0,0,0
6,18,1,4,0,0,53.66,6,1,0,0,0
6,20,11,2,1,1,71.07,2,0,1,0,0
0,21,6,4,1,1,65.14,4,1,0,0,0
11,38,12,4,0,0,700.79,0,1,0,1,0
0,26,10,3,1,0,36.12,10,1,0,0,0
3,42,7,5,0,1,4.35,5,0,1,0,1
10,20,1,2,0,1,86.83,5,1,0,0,1
5,19,9,3,0,1,32.73,12,1,1,0,0
2,32,4,5,0,0,92.59,6,1,1,0,1
7,21,6,3,0,1,62.77,9,0,0,0,0
0,20,5,3,0,1,22.98,1,0,0,0,0
7,25,2,4,1,0,55.34,13,1,0,0,0
7,17,9,1,1,0,55.98,4,0,0,0,0
13,37,10,5,0,0,722.25,1,1,0,0,0
0,36,4,5,1,1,59.76,0,0,0,0,0
0,21,9,1,0,1,18.82,7,0,1,0,0
5,24,5,1,0,1,63.36,10,0,0,0,0
1,24,10,1,1,1,28.22,2,0,0,0,0
2,20,7,3,1,0,8.1,0,0,1,0,0
2,41,3,3,0,0,10,5,0,1,0,0
8,20,8,4,0,0,83.62,2,0,0,0,0
0,27,1,3,0,1,35.01,2,0,1,0,0
7,35,5,1,0,1,250.8,5,1,0,1,0
6,28,8,5,0,0,109.77,8,0,1,0,1
9,24,6,4,1,0,152.03,5,1,0,1,0
0,32,10,3,1,1,47.92,6,0,0,0,0
0,40,12,5,1,1,95.55,0,1,0,0,0
6,20,6,5,1,0,61.56,8,1,0,0,0
0,39,1,2,1,0,112.33,1,1,0,0,0
6,29,2,5,0,1,95.67,0,1,1,0,0
2,35,4,5,1,1,91.1,3,1,0,0,1
0,35,1,3,0,1,86.98,1,0,0,0,0
0,19,6,2,0,0,26.86,9,1,0,0,0
3,32,4,3,1,1,81.97,6,0,0,0,0
0,43,4,2,0,0,220.48,2,1,0,0,0
4,42,2,5,1,0,240.72,2,1,1,0,0
6,26,12,2,0,0,89.75,2,1,1,0,0
0,25,4,1,0,1,36.08,0,1,0,0,0
0,22,6,1,0,1,28.21,5,1,0,0,1
4,23,2,1,0,1,50.83,3,1,0,0,0
0,35,2,3,0,1,9.08,3,1,0,0,0
2,37,5,2,1,1,76.97,4,0,1,0,1
3,21,6,5,1,1,25.15,3,0,1,1,0
8,38,4,3,0,0,409.71,10,0,0,0,0
0,25,6,1,1,1,25.8,7,1,0,0,0
2,27,4,3,1,0,51.88,8,1,0,0,1
2,23,6,4,1,1,30.84,7,0,0,0,0
1,46,5,4,0,0,323.03,7,1,0,0,0
0,24,5,5,0,1,32.99,4,0,0,0,0
1,26,8,2,0,1,44.95,3,1,0,0,0
1,34,9,1,1,0,87.34,6,0,0,0,0
4,30,9,3,0,0,121.33,5,0,0,0,0
0,22,2,4,1,1,19.71,9,0,0,0,0
3,23,3,4,1,0,47.22,6,1,0,0,0
8,23,11,5,1,1,73.7,2,0,1,1,0
8,46,10,4,1,0,868.58,2,0,0,0,1
5,32,5,4,0,1,16.66,3,0,0,0,0
8,23,2,4,1,1,6.74,4,0,0,0,0
3,22,2,5,1,0,43.15,1,0,0,0,0
6,18,5,2,1,1,40.07,1,1,0,0,0
2,30,10,5,1,1,57.86,11,0,0,1,0
6,19,12,2,0,1,37.29,8,1,1,0,0
4,28,1,5,1,0,88.79,4,0,0,1,0
10,29,12,4,0,0,248.96,14,0,0,0,1
6,24,3,5,0,1,91.26,8,1,0,0,1
0,33,8,5,0,1,73.12,0,0,0,0,0
9,47,9,4,0,0,997.62,2,1,0,0,0
0,26,3,5,0,1,32.03,1,0,1,0,0
8,20,5,1,0,1,65.32,4,0,0,0,0
0,18,12,4,0,0,25.1,8,0,0,0,1
6,21,9,5,0,1,45.8,3,0,1,0,1
3,23,8,4,1,1,36.88,9,0,0,0,0
7,45,3,3,1,0,542.49,2,1,1,0,1
5,35,3,3,0,0,213.89,4,1,0,0,0
8,48,5,3,0,0,73.53,1,1,1,0,0
2,39,11,1,1,0,130.44,6,1,1,0,0
0,27,11,5,0,1,35.01,5,1,1,0,0
0,22,11,3,1,1,45.66,4,1,1,0,0
0,44,1,2,0,1,187.34,1,1,0,0,0
1,55,6,5,0,1,428.78,7,0,1,0,0
6,36,7,1,1,0,211.17,7,1,1,0,1
6,37,3,1,0,1,231.63,9,0,0,0,1
13,26,11,5,1,0,369.66,5,1,0,0,0
3,22,4,3,1,1,16.8,6,0,0,0,0
6,23,3,5,1,1,51.22,11,1,1,0,0
0,24,9,3,0,0,35.11,4,0,1,0,1
0,26,6,1,1,1,28.39,2,0,0,1,0
1,25,6,5,0,1,41.11,9,1,0,0,0
0,17,2,2,1,1,12.5,10,1,0,0,0
0,30,10,3,0,0,71.98,6,1,0,0,0
3,26,11,4,0,1,48.52,5,1,1,0,1
0,21,4,4,0,1,29.1,1,0,0,1,0
1,35,11,3,1,1,74.4,1,0,0,0,0
8,45,2,4,1,0,799,10,1,0,0,1
1,32,6,1,1,0,73.37,5,0,0,0,0
6,19,2,4,1,0,19.61,0,0,1,0,0
0,53,10,4,1,0,360.85,8,0,0,0,0
4,28,6,5,1,1,45.22,7,1,0,1,0
4,18,1,3,1,0,6.11,2,0,1,0,0
7,18,5,3,1,1,49.07,8,0,0,0,1
3,18,9,5,1,0,24.35,8,1,1,0,0
3,26,6,5,0,0,60.67,6,1,1,0,0
5,39,4,3,0,0,348.78,2,1,0,1,0
0,57,8,1,0,0,696.87,11,0,0,0,0
0,20,1,2,0,0,8.44,1,0,0,1,0
8,35,2,2,0,0,316.43,4,0,0,0,0
6,33,12,2,1,0,159.02,5,0,1,0,0
0,38,8,2,1,1,80.55,4,1,0,0,0
4,24,6,3,0,0,71.19,6,1,0,0,0
0,38,11,1,1,1,4.52,4,0,1,0,0
4,32,10,1,0,0,117.41,7,1,1,0,0
2,32,3,3,0,1,90.09,8,0,1,0,0
6,46,10,4,1,1,376.22,5,0,1,0,0
6,19,6,2,1,0,57.55,3,0,0,0,1
3,43,5,1,0,0,326.19,6,0,0,0,0
4,23,10,3,0,0,66.62,8,0,0,0,1
0,30,11,3,1,1,32.65,1,1,1,0,0
5,42,6,3,0,1,252.78,7,0,1,0,1
4,22,10,1,1,1,57.8,5,1,1,0,0
0,19,3,3,1,1,2.91,6,0,0,0,0
1,17,10,1,0,1,23.85,10,1,0,0,0
4,26,3,2,0,1,66.5,1,1,0,0,0
6,41,11,3,0,0,407.52,7,1,0,0,0
0,22,11,5,1,1,17.21,7,1,0,0,0
12,25,2,1,1,0,282.7,4,0,0,0,0
2,22,8,3,0,0,37.18,3,0,1,0,0
2,50,3,5,0,0,512.56,3,1,0,0,0
3,21,12,1,0,1,37.23,5,1,0,0,0
6,29,12,4,0,1,69.72,2,0,1,0,0
0,42,9,1,1,0,144.94,1,0,0,0,0
7,29,1,3,1,0,137.09,10,1,1,0,1
2,42,9,3,0,1,205.52,4,0,0,0,0
8,39,11,1,0,0,446.3,2,1,0,0,0
9,17,4,1,0,0,27.66,6,0,0,0,0
5,24,8,4,1,0,73.88,4,0,0,0,0
9,35,6,4,0,1,264.4,12,1,1,1,0
6,18,10,2,0,1,48.47,9,0,0,1,0
6,32,5,1,0,0,152.44,5,1,1,0,0
0,21,7,2,1,1,18,6,1,0,0,0
0,21,4,5,1,1,14.97,5,0,1,0,1
4,30,6,3,1,0,105.3,3,0,0,0,0
4,43,1,3,1,0,58.33,5,0,0,0,0
4,19,8,3,0,0,17.92,9,1,0,1,0
0,24,5,5,0,1,32.99,10,0,0,0,0
0,21,4,1,1,1,14.62,2,1,1,0,0
10,31,8,2,0,0,17.76,0,0,0,0,1
0,31,12,2,1,0,56.55,6,0,0,1,0
6,23,8,1,1,1,44.12,7,0,1,0,0
3,21,6,3,1,1,30.79,6,1,0,0,0
1,43,6,5,0,1,40.54,2,0,0,0,0
0,21,9,2,1,0,84.15,8,0,0,0,0
6,34,2,5,0,0,181.46,1,0,1,0,0
5,25,11,4,0,1,69.3,8,1,0,0,0
7,18,11,3,0,1,55.22,9,0,0,1,0
8,21,1,3,1,1,48.46,11,0,1,0,0
4,25,10,4,1,1,52.78,2,1,0,0,0
0,19,12,1,1,1,12.19,2,0,1,0,0
5,27,6,5,0,0,106.04,2,1,0,0,0
3,35,9,1,1,1,49.78,3,1,0,0,0
4,32,1,3,1,0,77.12,2,1,0,0,0
7,43,5,2,0,0,549.87,5,1,0,0,0
0,17,1,4,0,1,20.21,12,1,0,1,0
3,28,7,5,1,0,73.8,6,0,0,0,0
13,28,6,3,1,1,347.01,5,0,0,1,0
0,25,11,1,0,1,41.71,1,1,0,1,0
6,34,2,4,0,0,223.48,1,1,0,0,0
10,22,9,3,0,0,130.13,3,1,0,0,0
7,17,2,2,1,1,43.73,3,0,0,0,0
0,37,10,2,0,0,124.22,0,0,1,1,0
12,21,5,5,0,0,32.04,2,0,0,0,1
2,24,5,4,0,1,34.78,6,0,1,0,0
6,26,6,5,0,1,88.4,9,1,0,0,1
0,43,11,1,1,1,30.84,6,1,1,0,0
4,50,9,5,1,0,20.38,2,0,0,0,0
5,20,8,2,1,0,51.79,5,1,0,1,0
6,52,1,1,0,0,32.22,1,1,0,0,0
2,22,11,5,1,1,28.18,1,1,0,0,0
0,27,6,5,1,1,72.29,2,0,0,0,0
5,31,8,3,0,0,122.57,1,0,1,0,0
0,20,8,1,0,0,30.13,0,1,0,0,1
5,21,11,5,1,1,36.61,4,1,1,0,1
9,29,12,4,0,1,135.35,2,0,1,0,0
0,19,6,3,1,1,12.19,1,1,1,0,0
10,33,9,5,0,0,37.53,1,1,0,1,0
7,27,6,3,0,0,111.79,5,1,1,0,0
0,17,8,2,0,1,14.19,6,0,1,0,0
5,21,2,4,1,0,46.05,4,0,1,1,0
2,37,7,2,1,1,85.85,10,0,1,0,0
4,28,4,3,0,1,64.5,5,0,1,0,0
0,27,8,5,1,1,31.03,9,0,0,1,0
8,25,10,1,0,1,28.96,10,1,0,0,0
3,28,8,1,1,1,46.81,0,0,1,0,0
13,39,2,3,0,0,712.68,8,1,1,0,1
2,25,9,4,0,1,88.6,10,1,0,1,0
4,35,4,4,1,0,15.93,3,0,0,0,1
8,27,6,4,0,0,156.87,1,1,0,0,0
2,30,8,3,0,0,108.04,4,0,0,1,0
5,36,7,5,1,1,134.72,3,0,1,0,0
0,51,10,1,1,0,248.87,7,0,1,0,0
0,21,9,3,1,0,23.04,2,0,0,0,0
8,43,12,5,0,1,501.11,5,0,0,0,1
0,30,9,2,1,1,40.21,14,0,0,0,0
9,32,4,4,0,1,54.46,7,1,0,0,0
3,39,2,5,1,0,193.28,1,0,0,1,0
8,33,2,5,0,1,207.77,1,0,0,0,0
3,27,6,3,1,1,52.75,1,0,0,0,0
6,21,10,5,0,0,70.52,8,0,0,0,0
0,42,8,2,0,1,16.86,3,0,0,0,1
7,18,3,2,0,0,61.15,5,1,0,0,0
0,32,7,2,0,0,85.78,7,0,0,0,0
0,33,5,3,0,0,76,2,0,1,0,0
1,33,4,2,1,1,64.03,10,0,0,0,1
1,20,3,5,1,1,19.66,3,0,0,0,0
0,29,7,2,0,0,65.9,10,1,0,0,0
4,34,12,5,1,0,150.28,1,0,0,1,0
0,26,10,3,0,0,50.5,5,0,0,0,0
1,36,5,4,0,1,108.06,2,0,0,0,0
6,19,6,3,0,1,45.93,0,0,0,0,0
7,17,10,3,1,0,45.86,4,1,1,0,0
5,21,3,1,1,1,44.03,1,1,0,0,0
6,17,8,1,0,0,48.97,9,1,0,0,0
0,38,3,3,1,0,82.14,7,1,0,0,0
0,59,11,2,0,1,638.65,5,0,0,0,0
4,39,8,5,1,0,235.25,1,1,0,0,1
10,43,2,2,0,0,813.48,0,0,0,0,0
9,31,9,3,1,0,228.35,2,0,1,0,0
4,38,4,2,1,0,57.05,8,1,0,0,0
3,23,12,2,0,0,46.37,1,0,1,0,0
3,28,1,1,1,0,74.24,6,1,0,1,0
4,19,5,3,0,0,45.29,2,1,0,0,0
0,45,6,2,1,1,37.34,3,0,0,1,0
2,37,4,5,1,0,46.44,8,0,0,0,0
9,27,2,2,0,0,148.6,7,0,1,0,1
10,20,12,4,1,0,104.69,0,1,1,0,1
0,27,8,1,0,0,63.82,9,0,0,1,0
9,38,2,2,0,1,373.38,10,1,0,0,1
3,34,3,2,1,1,79.22,1,0,1,0,0
5,40,2,1,0,1,208.37,2,0,1,0,0
0,37,1,4,0,1,83.93,10,0,1,0,0
0,24,8,1,1,1,19.61,8,0,1,0,1
2,23,2,3,1,1,85.6,9,0,1,0,1
2,46,12,1,1,0,11.81,5,1,0,0,0
10,21,1,2,0,0,96.52,4,0,1,0,0
4,27,10,1,1,1,9.04,2,1,1,0,0
12,36,3,5,0,0,25.09,10,0,0,0,1
7,36,3,2,1,0,252.54,8,0,1,0,1
2,40,2,4,1,1,136.66,9,0,0,0,0
4,34,6,5,0,1,134.45,5,1,0,0,0
12,26,10,4,1,1,24.19,7,0,1,0,1
1,27,8,2,1,1,36.88,9,1,0,0,0
2,29,3,5,1,1,91.38,0,0,0,0,1
4,34,12,5,0,1,64.61,2,0,0,0,0
4,26,8,1,1,0,25.12,7,1,0,0,1
5,39,6,4,0,1,235.65,3,1,0,0,0
0,31,1,2,0,1,62.85,3,0,0,0,1
3,17,1,1,1,1,84.9,3,1,0,0,1
1,40,12,1,1,0,146.29,5,1,0,0,0
0,29,9,4,0,1,51.48,7,1,0,0,0
0,24,4,2,1,0,30.39,3,0,0,1,0
6,33,6,2,0,0,209.75,7,0,0,0,1
0,33,11,3,0,1,74.86,6,1,0,0,1
0,26,7,3,1,1,22.91,2,1,1,0,0
0,19,9,4,1,1,12.19,1,1,1,0,0
0,26,2,1,1,1,28.39,8,1,0,1,0
3,18,3,1,0,1,9.04,6,1,1,1,0
2,27,10,2,0,0,71.67,1,0,0,0,0
5,18,10,3,0,0,48.22,1,0,0,0,1
8,35,6,4,0,1,36.38,4,0,0,0,0
3,44,12,1,1,0,78.17,1,1,0,0,1
8,32,5,5,0,1,194.95,9,1,0,0,1
8,25,2,1,0,1,39.87,7,1,1,0,1
12,33,2,4,1,0,20.65,1,0,1,1,0
7,43,3,2,1,1,63.04,13,1,0,1,0
0,27,11,3,1,1,31.03,6,1,0,1,0
13,33,2,5,0,1,461.41,0,1,0,1,0
9,19,10,2,1,0,79.92,7,0,1,0,1
1,29,3,4,0,1,47.63,2,0,1,0,0
0,20,9,4,1,1,13.35,2,0,1,0,0
13,25,1,4,1,1,89.97,7,0,0,0,0
2,22,8,4,1,0,77.29,2,0,0,0,0
1,27,9,2,0,1,50.31,6,0,0,0,1
0,20,10,5,1,0,21.05,0,0,0,0,0
6,19,3,2,1,1,35.87,1,1,1,1,0
4,25,7,5,0,1,49.38,6,0,1,0,0
3,30,11,3,0,1,96.17,11,0,0,1,0
5,18,7,1,0,1,36.79,7,1,0,0,0
6,48,2,1,1,0,68.55,12,1,0,0,0
3,19,7,1,1,0,32.86,6,1,0,0,0
4,30,11,5,0,0,121.33,5,1,0,0,0
8,32,8,3,1,0,258.22,5,1,0,1,0
3,26,4,1,1,1,39.18,2,0,1,0,0
3,41,11,3,0,1,215.17,1,0,0,0,0
2,52,8,3,0,0,698.08,6,0,0,1,0
7,34,1,4,0,1,198.91,1,0,0,0,0
4,19,3,1,1,1,30.7,1,0,0,0,0
0,19,11,5,0,0,49.95,11,1,0,0,0
4,17,2,2,1,0,26.58,5,0,1,0,0
6,23,4,2,1,0,93.28,9,1,0,0,0
2,20,6,2,0,1,29.84,1,1,0,0,0
2,17,8,4,1,1,16.05,3,1,0,0,0
12,53,10,2,0,0,2474.51,1,0,0,0,1
8,27,2,5,0,0,156.87,8,0,0,0,0
10,18,1,1,0,1,70.66,11,1,0,0,0
0,37,5,2,1,1,60.03,11,1,1,0,0
9,35,7,2,1,0,331.28,9,0,1,0,1
7,30,9,3,1,1,140.68,10,0,0,0,0
3,52,7,1,0,1,18.35,2,1,0,0,1
4,30,8,1,0,0,30.06,2,1,0,0,1
6,32,10,4,0,1,93.59,6,1,0,0,1
1,42,11,3,1,0,173.33,5,0,0,0,0
6,31,8,2,0,0,172,2,0,0,0,0
0,31,12,1,0,1,62.85,0,1,0,0,1
0,42,6,5,1,0,117.68,6,1,1,0,0
10,23,9,5,0,0,67.44,5,1,0,1,0
1,21,2,4,0,1,33.75,3,1,0,0,0
6,19,1,3,1,0,11,9,0,0,0,0
7,38,12,2,0,0,368.15,4,1,0,0,1
5,22,3,3,0,1,92.43,8,1,1,1,0
8,40,11,1,0,0,497.61,10,1,0,0,1
7,43,5,5,1,1,430.95,3,0,0,0,0
6,36,10,5,1,1,199.61,0,0,0,1,0
6,18,6,1,0,0,43.57,5,1,1,0,0
4,28,5,1,0,1,79.44,10,1,0,0,0
4,27,9,4,0,0,75.56,1,1,1,0,0
6,43,12,2,0,0,482.57,1,1,0,0,0
0,23,1,5,1,1,44.56,11,0,0,0,0
0,46,10,2,1,1,128.61,3,0,1,0,0
0,22,5,4,1,0,12.4,6,0,0,0,0
0,22,12,5,0,1,22.37,4,1,1,0,0
0,30,10,1,1,1,9.86,3,1,0,1,0
1,24,6,4,0,1,35.29,2,0,1,1,0
5,22,5,4,0,0,55.01,13,0,1,0,0
4,43,6,3,1,1,253.48,8,0,0,1,0
0,35,7,1,0,1,41.15,5,0,0,0,0
2,31,11,5,1,0,33.34,6,0,0,0,0
0,23,12,1,0,0,31.34,5,1,1,0,0
0,31,1,1,1,1,43.91,2,0,0,0,0
0,39,5,5,1,1,15.73,0,1,0,0,0
9,29,5,2,0,0,213.39,4,0,0,0,0
0,18,1,1,1,1,31.27,3,1,0,0,0
2,23,5,4,1,1,25.04,1,0,1,0,0
1,20,11,3,1,1,52.78,3,1,1,0,1
0,51,6,1,1,0,254.81,0,1,1,0,1
3,31,3,3,0,1,90.82,5,0,0,0,0
5,28,4,2,1,1,82.44,4,1,0,0,0
3,50,12,5,0,1,467.11,8,1,0,0,1
6,19,5,1,1,0,56.21,0,0,0,0,0
1,23,4,5,0,0,18.4,2,1,0,0,0
3,27,6,4,1,0,11.59,4,1,1,0,0
0,43,12,3,1,1,100.02,6,0,1,0,0
2,23,1,1,1,0,39.48,1,0,0,0,0
6,32,8,4,1,0,32.61,5,0,0,0,0
0,52,11,4,1,1,261.39,1,1,0,1,0
10,52,4,3,1,0,1654.58,6,1,1,0,1
8,35,12,5,0,1,247.18,4,0,0,0,0
0,46,11,3,1,0,58.1,11,0,0,0,0
7,17,8,5,1,1,36.79,2,1,1,0,1
0,27,6,3,0,0,51.82,5,1,1,1,0
1,18,5,4,1,1,21.8,7,1,0,0,0
0,36,3,4,1,1,37.47,7,1,0,0,0
5,44,8,4,1,1,335.58,13,0,0,0,1
7,24,4,4,0,0,105.32,4,1,0,0,0
2,25,1,2,1,1,27.47,2,1,0,0,0
6,26,2,5,1,0,88.7,10,1,1,0,1
6,37,1,3,1,0,226.15,1,0,1,1,0
2,18,12,1,0,1,24.87,12,1,0,0,0
14,30,7,4,0,0,363.49,1,1,1,0,0
0,27,1,1,1,1,66.5,15,0,1,0,0
5,38,12,5,1,1,87.51,3,1,1,0,0
1,47,10,4,1,1,167.15,12,0,1,0,0
6,30,10,5,0,0,157.53,7,1,0,0,0
0,22,10,5,0,0,35.27,8,0,0,0,0
6,36,10,1,0,0,265.71,11,1,0,0,0
1,21,1,5,1,0,29.26,6,1,1,1,0
6,34,8,2,1,1,167.89,1,1,0,1,0
11,36,4,5,0,0,414.42,3,1,1,0,0
8,18,2,3,0,0,80.56,10,0,0,1,0
7,26,4,3,1,1,66.1,4,1,0,0,0
6,19,3,5,1,1,14.42,9,1,0,0,0
9,24,4,2,0,1,88.8,2,0,1,0,1
0,24,4,4,1,1,23.74,4,1,0,1,0
9,57,6,5,1,0,79.06,2,0,0,0,0
0,41,8,4,1,1,104.65,3,0,0,1,0
1,22,12,4,0,1,31.39,8,1,0,0,0
5,47,4,3,1,1,421.06,2,0,0,0,0
5,26,6,2,1,0,56.52,3,0,0,0,1
0,23,4,2,0,1,24.48,12,1,1,0,0
3,40,10,1,1,0,20.05,5,0,0,1,0
4,32,11,5,1,1,93.04,3,1,0,0,0
8,28,4,3,1,0,180.52,0,1,0,0,0
0,56,8,4,0,1,502.35,6,1,0,0,0
0,19,6,4,0,0,27.51,2,1,0,0,1
0,19,4,5,1,1,15.1,0,0,0,1,0
0,22,5,3,1,1,19.71,0,0,0,0,0
0,20,2,3,0,1,22.98,4,0,0,0,0
5,17,7,4,1,0,31.78,13,1,1,0,0
12,32,6,4,1,0,537.55,5,0,0,0,1
4,52,8,1,0,0,783.94,8,1,0,0,0
5,39,3,4,1,0,67.67,5,0,1,0,0
0,21,9,5,1,1,18,2,1,0,0,0
4,22,9,2,1,0,52.83,3,0,0,0,1
0,37,1,2,0,1,103.36,11,0,0,0,0
6,38,2,2,0,1,200.15,4,1,1,0,0
0,24,9,5,0,1,32.99,3,0,0,0,0
1,21,10,4,0,1,23.29,11,1,1,0,0
0,32,11,1,1,0,73.38,3,0,1,0,0
0,20,6,1,1,0,21.05,3,0,0,0,0
2,28,10,2,1,1,48.2,1,1,0,0,0
0,23,1,5,1,1,22.08,7,0,0,0,1
3,24,11,2,0,1,48.8,1,0,0,0,0
0,35,11,5,1,0,79.64,7,0,0,0,0
0,32,6,4,1,1,47.92,11,1,0,0,0
0,20,10,1,0,1,18.66,1,0,1,0,0
4,20,6,3,0,0,41.24,1,1,1,0,1
7,24,10,2,0,0,105.32,3,1,0,0,0
4,29,10,3,0,0,90.21,0,1,1,0,0
1,32,10,4,1,0,59.57,6,1,1,0,0
7,18,9,5,1,0,61.35,7,1,0,0,0
5,20,3,1,0,1,44.15,7,1,0,0,0
8,20,1,1,0,1,7.54,3,1,0,0,0
0,28,2,2,1,1,27.37,3,1,1,0,0
6,17,7,4,0,1,38.25,3,0,0,0,0
0,23,10,4,1,1,21.57,10,1,0,0,0
0,27,11,4,1,0,90.22,11,0,1,0,0
0,49,12,1,1,1,204.35,4,1,0,1,0
4,29,11,2,0,0,111.1,2,0,0,0,0
6,23,6,3,1,0,17.48,6,1,0,0,0
0,44,1,1,1,1,133.99,1,0,0,0,0
5,35,10,3,0,1,167.08,4,0,0,0,0
6,31,6,3,0,1,134.36,5,0,0,0,0
0,49,7,5,1,0,260.04,2,0,0,0,0
0,31,5,2,1,1,43.91,2,0,0,0,0
3,35,9,3,0,1,128.68,8,0,0,0,0
6,28,2,4,0,0,132.03,4,0,0,0,0
2,38,3,1,0,0,86.76,8,0,0,0,0
0,26,1,4,0,1,39.45,6,0,0,0,0
4,43,11,1,1,1,251.96,7,0,0,0,0
2,22,11,2,0,1,29.05,1,0,1,0,0
0,31,9,4,0,1,62.85,4,0,0,0,1
0,18,6,2,1,1,13.7,3,1,0,0,0
2,54,11,3,0,1,520.98,10,1,1,1,0
1,31,6,2,0,0,4.47,0,0,0,0,1
2,21,9,1,0,0,48.37,13,1,0,1,0
0,45,8,4,1,1,46.82,4,0,0,0,0
3,26,2,2,1,1,49.41,1,0,0,0,1
6,36,10,3,1,0,254.01,7,1,0,0,0
6,30,7,1,0,0,157.53,2,0,0,0,0
0,33,4,1,0,1,30.44,2,0,0,1,0
8,21,12,3,1,0,43.93,1,0,0,0,1
6,21,3,5,0,1,89.6,5,1,0,1,0
8,27,11,5,1,0,166.18,6,0,0,1,0
0,37,9,1,1,1,73.93,3,0,0,0,0
9,18,10,1,1,1,70.18,6,1,0,0,1
0,22,5,5,1,1,19.71,6,0,0,0,0
10,34,2,3,0,1,340.23,1,1,0,1,0
3,39,11,5,1,0,156.94,13,0,1,1,0
3,28,9,2,1,1,57.99,1,1,0,1,0
3,21,7,5,0,0,38.7,1,1,1,0,0
8,18,7,2,0,1,62.93,11,1,0,1,0
2,25,7,2,1,0,38.36,2,1,1,0,0
6,20,1,5,0,1,40.85,10,1,1,0,0
0,35,11,5,1,0,80.31,5,1,0,0,0
4,38,3,2,1,1,134.59,1,0,1,1,0
0,29,5,1,1,0,47.14,6,0,0,0,0
8,56,4,3,0,0,1871.09,1,1,0,0,1
6,25,3,2,0,1,65.51,3,0,0,1,0
6,24,7,5,1,1,69.02,5,0,0,0,0
1,28,1,4,1,1,62.46,6,1,0,0,0
0,38,11,2,1,0,58.08,8,0,0,0,0
0,36,3,4,0,0,121.4,2,0,0,0,0
6,34,10,2,0,0,97.27,10,1,0,0,1
3,31,3,5,0,1,74.09,7,0,0,1,0
0,51,1,3,0,0,428.53,0,0,0,0,0
4,28,6,1,0,0,101.69,3,0,0,0,0
3,20,10,1,1,0,36,6,1,0,0,0
0,18,1,1,1,1,84.91,1,1,1,0,0
6,27,8,5,0,0,120.82,5,1,0,0,0
0,19,7,5,1,1,22.14,7,1,0,0,0
0,31,1,2,1,1,43.91,3,0,0,0,0
6,48,6,2,1,0,69.86,4,0,1,0,1
12,40,1,3,0,0,819.28,10,0,0,0,0
0,47,9,1,1,1,62.41,12,1,0,0,1
6,42,11,5,1,0,426.55,3,0,0,1,0
6,30,11,5,1,0,154.19,1,1,0,0,1
5,30,4,3,0,1,87.69,9,1,1,0,0
0,26,6,2,0,1,45.61,10,0,0,1,0
6,21,9,4,1,1,52.98,5,1,0,1,0
5,25,7,1,0,0,90.84,4,1,0,0,1
5,26,9,1,1,1,56.04,3,1,1,0,0
6,26,1,4,1,0,105.67,9,0,0,0,0
2,20,3,1,1,0,30.1,12,0,0,0,0
0,26,3,5,1,1,28.39,4,1,0,1,0
12,25,8,4,1,0,289.45,2,0,0,0,1
0,22,3,4,0,1,31.85,7,1,0,1,0
0,21,8,5,0,1,25.17,1,1,0,0,0
10,20,2,3,0,0,90.25,3,1,1,0,1
4,22,9,2,0,1,46.44,5,1,0,0,0
0,29,3,4,0,1,51.48,11,1,0,0,0
6,52,5,4,1,0,996.24,11,1,0,0,1
15,26,2,4,1,0,528.68,11,0,0,0,0
1,25,8,3,1,0,39.74,7,0,0,1,0
3,30,5,3,0,1,83.18,5,0,0,0,0
0,21,3,1,1,1,18,6,1,0,0,0
8,24,11,3,0,0,122.87,1,1,0,0,1
1,20,11,4,1,0,86.14,2,0,0,0,1
5,27,4,4,1,1,61.63,5,1,1,1,0
10,18,1,5,1,1,82.46,8,0,0,1,0
1,33,12,1,0,1,78.21,9,1,1,1,0
0,40,1,4,1,0,123.06,10,1,0,1,0
1,23,11,3,1,1,21.44,4,1,1,0,1
3,19,7,1,0,0,2.65,7,1,0,0,0
2,43,2,5,1,0,183.13,1,0,1,0,0
0,21,2,5,0,1,25.17,5,1,0,0,0
4,25,5,2,0,0,90.02,7,1,0,1,0
2,28,1,2,1,1,48.2,1,0,0,0,0
8,33,1,1,0,1,207.77,0,0,0,0,0
0,46,4,5,1,1,63.81,2,1,1,0,0
1,28,5,4,1,1,40.55,0,0,0,1,0
12,20,5,3,0,0,114.45,2,1,1,0,0
3,39,11,1,0,0,188.66,4,1,1,0,0
4,17,12,1,0,1,29.46,5,0,0,0,0
6,36,9,2,0,1,168.53,1,0,1,0,0
6,22,10,5,1,1,58.05,1,1,1,0,0
6,18,2,4,1,1,32.54,10,0,1,0,0
0,28,1,2,1,1,33.69,8,1,0,1,0
2,37,9,1,1,0,135.35,8,1,0,0,0
1,26,3,4,1,1,28.05,1,1,1,0,1
4,42,7,1,0,1,216.67,5,0,1,0,0
2,31,5,3,1,1,64.29,2,1,0,0,1
9,21,3,2,0,0,97.94,11,0,1,1,0
2,20,1,3,0,1,29.84,9,0,0,0,0
2,36,2,4,1,0,3.59,0,0,0,0,0
8,31,3,2,0,1,178.61,5,1,0,0,1
2,23,8,5,0,0,57.94,8,1,0,1,0
8,30,11,1,1,1,172.26,3,1,0,0,1
6,24,5,1,0,1,2.44,10,1,1,0,0
2,38,3,3,0,1,146.23,8,0,0,0,0
0,31,7,1,1,1,35.65,12,0,1,0,0
7,23,10,1,0,0,96.26,7,0,0,0,0
2,40,12,2,0,1,10.31,2,1,0,0,0
2,20,5,3,0,1,24.23,4,1,1,0,0
0,37,2,1,0,1,83.93,1,1,1,0,0
6,26,1,5,1,0,85.8,4,0,1,0,0
6,28,8,5,0,1,105.6,9,1,0,0,1
5,39,10,1,1,1,174.28,9,1,1,0,0
14,21,6,3,1,1,33.18,7,1,1,0,0
0,20,8,4,1,0,17.09,2,0,1,0,0
4,29,7,5,1,1,61.15,2,0,1,0,0
6,43,5,1,0,0,482.57,6,0,0,0,0
3,38,4,5,0,0,213.3,6,1,0,0,0
0,21,10,3,0,0,32.22,7,1,0,0,0
4,29,1,5,0,1,86.78,5,1,0,0,0
1,35,10,3,1,1,71.51,9,0,0,0,0
1,28,12,4,1,1,98.27,6,0,1,0,0
5,20,5,2,0,0,56.52,5,0,0,0,0
6,23,5,5,1,0,80.76,7,1,0,0,0
4,19,7,1,1,1,25.52,4,1,1,0,1
1,28,5,5,1,0,51.91,1,1,0,1,0
2,51,10,2,1,0,355.93,13,0,1,0,0
1,21,6,5,0,1,28.68,1,1,0,0,0
0,18,6,3,1,1,11.12,0,1,1,0,0
0,50,2,5,0,1,308.38,6,0,0,0,0
6,28,2,5,1,0,102.49,10,0,1,0,0
0,23,2,1,0,1,63.93,10,0,1,0,0
6,62,6,2,0,1,1439.17,8,0,1,0,0
3,33,10,1,0,1,13.09,4,0,0,0,1
4,28,2,5,1,0,84.33,8,1,0,0,0
3,23,2,3,1,0,33.2,1,1,1,0,0
8,40,5,3,0,0,394.63,4,1,1,0,0
0,20,3,3,0,1,22.98,9,0,0,0,0
1,25,5,3,0,1,33.38,2,0,1,0,0
6,22,8,1,0,1,56.61,1,0,1,1,0
4,52,3,3,0,0,636.54,5,0,1,0,0
0,19,8,5,0,1,20.98,2,0,0,0,0
7,18,2,2,1,0,25.04,3,1,0,0,0
4,18,3,2,1,1,22.75,1,0,1,0,0
5,26,4,3,0,1,77.58,6,1,0,0,1
6,31,11,1,0,1,134.36,2,1,0,0,0
4,27,5,4,0,1,59.02,4,0,1,0,0
3,21,2,5,0,0,47.67,2,0,0,0,0
5,37,11,1,1,1,180.84,3,1,0,0,0
0,34,6,4,0,1,50.03,11,1,0,0,0
3,43,11,4,1,1,210.69,9,1,0,0,0
6,28,7,1,0,1,103.14,6,0,0,0,0
2,46,9,3,0,1,287.53,5,1,0,0,0
1,35,10,3,1,0,77.34,1,1,1,0,0
8,25,11,1,0,0,131.25,3,1,0,0,0
5,28,6,5,1,0,87.74,8,1,1,0,1
7,17,5,1,0,0,55.79,3,1,0,0,0
3,28,11,4,0,1,20.75,1,0,0,0,0
7,20,10,2,0,1,66.27,1,0,0,1,0
6,33,9,5,1,1,152.98,3,0,0,0,0
6,34,6,3,1,0,173.47,3,1,1,0,0
4,22,6,1,0,1,37.71,2,0,1,0,0
3,23,7,2,0,1,41.88,0,1,1,1,0
0,29,6,3,0,0,76.2,6,0,0,1,0
0,37,7,5,1,1,74.37,3,1,0,1,0
8,22,7,2,0,0,83.33,5,0,1,0,1
4,39,9,5,0,1,171.93,5,1,1,0,1
4,36,1,1,0,1,159.86,7,1,0,0,0
3,17,11,1,1,0,22.22,2,1,1,0,0
3,24,7,1,0,1,48.8,3,1,0,0,0
6,50,2,3,1,0,825.99,4,0,0,0,0
10,19,2,2,1,0,117.71,2,1,0,0,1
0,23,1,1,0,0,31.34,0,0,1,0,0
7,18,10,1,0,0,49.65,2,1,1,0,0
6,44,5,2,1,0,501.78,2,0,0,0,0
6,18,5,1,1,0,51.61,10,1,0,1,0
3,22,11,1,1,0,73.8,1,0,1,0,0
4,26,3,3,0,1,66.5,0,0,0,0,0
3,35,1,4,0,1,128.68,2,1,0,0,0
2,40,6,5,0,1,140.84,12,1,1,0,0
4,21,5,1,1,1,7.97,7,0,0,0,0
4,26,9,3,0,0,85.13,5,1,0,0,0
0,62,3,3,1,0,741.49,5,0,0,0,0
6,33,9,3,1,1,152.98,3,0,0,0,0
3,26,11,2,0,1,47.39,9,1,1,0,0
1,25,7,3,0,0,38.38,2,1,0,1,0
4,36,3,1,1,0,177.61,8,0,0,0,0
6,20,5,5,0,0,65.94,0,0,0,0,1
9,40,9,4,1,1,63.03,2,1,0,0,0
0,29,8,2,1,0,38.27,10,0,1,0,0
6,36,1,4,0,0,265.71,6,0,0,0,0
7,29,3,2,0,0,62.28,9,1,0,0,0
6,41,8,4,0,0,407.52,11,1,0,0,0
6,33,4,1,0,0,204.86,0,1,0,0,0
0,24,2,1,1,0,30.92,5,1,0,0,1
6,31,3,5,1,0,164.42,5,0,0,0,0
5,17,3,1,0,0,42.97,7,1,0,0,0
0,22,1,4,0,1,27.55,3,0,0,0,0
3,27,7,5,1,0,54.83,0,1,1,0,0
8,23,9,3,1,1,73.7,3,1,1,1,0
2,18,1,1,1,1,60.76,13,1,0,1,0
8,41,2,4,0,1,477.85,1,0,0,1,0
9,33,1,5,0,1,60.34,3,1,0,0,1
8,22,8,1,1,0,105.54,2,0,0,0,0
2,29,7,1,1,0,67.41,2,1,0,0,0
2,52,5,5,1,0,31.29,3,0,0,0,0
0,42,7,2,1,0,64.44,8,1,1,0,0
6,24,5,5,1,0,71.74,0,1,1,0,0
6,44,8,5,0,1,410.02,2,0,0,0,0
3,30,4,5,1,1,28.49,1,1,0,0,0
2,43,4,5,1,0,52.46,1,1,0,1,0
4,31,1,5,1,1,74.66,3,1,1,0,1
0,47,12,1,0,1,225.93,10,1,1,1,0
8,37,11,3,0,1,293.72,2,0,0,0,0
12,24,7,3,0,1,158.02,5,1,0,0,0
1,26,2,2,0,1,46.02,11,0,0,0,1
3,51,5,1,0,1,507.05,1,1,0,0,1
4,42,4,1,1,0,298.24,1,0,0,1,0
9,28,5,1,0,0,162.39,8,0,1,0,1
2,20,6,4,1,0,90.87,7,0,0,1,0
9,34,3,1,0,0,330.62,5,0,0,0,0
3,22,4,3,0,1,40.76,11,1,0,0,0
9,28,2,1,0,1,156.23,2,0,0,0,1
2,35,12,3,1,1,88.98,7,0,0,0,0
3,47,3,2,0,0,455.81,4,1,0,0,0
11,25,1,1,0,0,9.22,2,1,0,0,1
0,22,8,2,1,1,19.71,2,0,0,0,0
4,29,5,2,0,1,100.33,4,1,0,1,0
0,34,4,4,0,1,79.76,4,1,0,0,0
2,24,2,1,1,0,43.46,9,0,0,1,0
2,25,9,5,0,0,7.81,4,0,0,0,0
9,27,2,2,0,0,183.02,5,1,0,0,1
12,31,1,2,1,0,481,2,1,0,0,0
4,25,7,5,1,0,69.18,5,1,0,0,1
0,28,4,1,1,1,34.51,1,1,0,0,1
0,19,7,1,0,1,17.04,6,0,1,0,0
4,31,2,5,1,0,95.58,13,0,1,0,1
3,26,5,5,1,1,39.18,0,1,1,0,0
1,21,4,5,0,1,23.29,4,1,1,0,0
5,20,11,4,0,1,35.85,8,1,1,0,0
8,38,3,5,1,0,16.87,1,0,0,1,0
0,44,9,3,0,0,239.82,9,1,0,0,0
6,32,10,3,0,0,152.44,0,0,1,0,0
3,18,6,3,0,1,26.6,5,0,1,1,0
15,29,8,3,1,0,560.19,2,1,1,0,0
1,23,7,4,1,1,70.95,6,0,1,1,0
0,25,11,4,1,1,25.8,3,0,0,0,0
11,23,8,1,0,1,129.78,1,1,0,0,1
8,36,7,3,1,1,82.76,5,0,0,0,0
0,30,4,3,1,1,59.83,6,1,0,0,0
0,29,11,2,1,0,60.2,3,1,0,1,0
8,21,10,2,1,1,15.27,5,1,0,0,1
0,20,11,1,1,0,17.09,4,1,1,0,0
0,18,11,4,1,1,13.7,2,1,0,0,0
6,32,7,2,0,1,146.65,3,0,0,0,0
2,32,6,2,0,0,111.37,8,1,0,0,0
9,27,9,4,0,0,178.75,3,0,0,0,0
5,17,8,1,1,1,37.9,5,1,1,0,0
3,24,12,5,0,0,62.47,0,0,0,0,0
6,23,2,5,0,1,76.3,5,0,0,1,0
0,44,10,2,1,0,171.53,5,1,0,0,0
8,17,9,3,1,0,67.35,3,1,0,1,0
7,25,6,3,0,0,93.53,8,1,1,0,0
1,45,9,4,0,0,304.25,12,0,0,0,1
0,23,5,5,1,1,24.65,0,1,0,0,0
3,31,5,2,0,1,90.82,4,0,0,0,0
3,31,9,3,0,1,90.82,5,0,0,0,0
5,43,12,1,1,0,320.69,4,0,1,0,1
2,23,5,5,1,0,39.72,9,1,0,1,0
3,40,3,5,1,0,214.21,1,1,0,0,1
4,19,9,3,0,0,46.37,2,0,0,0,1
3,23,7,4,1,0,47.22,2,0,0,0,0
0,40,8,3,1,0,122.33,7,1,0,0,0
5,34,4,3,0,0,196.13,1,0,0,0,0
6,43,1,5,1,1,46.27,5,0,0,0,1
2,40,12,2,0,0,222.06,2,0,0,0,0
6,37,1,5,0,0,93.08,10,1,1,0,0
16,37,3,1,0,0,1068.52,10,0,0,0,0
3,21,2,2,0,0,70.1,6,1,1,0,0
4,18,5,1,1,0,29.13,10,0,1,0,0
5,20,4,2,0,0,56.52,5,0,0,0,0
3,38,3,4,1,1,111.87,1,0,1,0,0
6,25,1,4,1,0,96.64,2,0,0,0,0
3,32,11,3,1,1,55.34,0,1,0,0,0
0,20,7,2,1,0,21.05,5,0,0,0,0
2,36,4,2,1,1,79.24,2,0,1,1,0
9,17,7,3,0,0,60.22,4,1,1,0,1
1,24,10,5,1,0,29.33,5,1,1,0,0
6,24,5,4,0,1,81.34,7,0,0,0,0
1,35,10,2,1,0,95.25,3,0,0,0,0
3,33,5,5,0,0,138.47,8,1,0,0,0
0,46,11,2,0,1,256.04,4,0,0,1,0
4,20,9,1,0,0,49.6,11,1,0,0,0
0,33,9,3,1,1,6.99,1,0,0,1,0
3,19,12,4,1,1,20.84,5,1,1,0,0
0,24,2,4,1,1,23.48,6,1,0,1,0
7,30,10,3,1,0,180.1,6,1,0,0,0
5,19,1,5,0,0,52.83,7,0,0,0,1
0,37,2,1,0,1,12.55,10,1,0,0,0
3,19,9,3,0,1,96.75,4,1,1,0,0
6,33,5,3,1,1,28.11,13,0,1,1,0
0,25,2,4,1,0,33.03,3,1,0,0,0
0,21,7,1,0,1,20.44,14,1,1,0,0
2,51,10,2,1,0,355.93,9,1,1,0,0
10,51,12,3,1,0,1845.02,1,1,0,1,0
1,18,12,2,0,1,22.34,9,1,0,0,1
6,29,10,1,1,0,141.18,2,0,0,0,1
7,30,1,3,0,1,113.85,0,1,1,0,0
1,27,9,4,0,0,62.9,1,1,0,0,0
6,23,12,1,1,1,7.83,11,0,0,0,0
3,17,1,1,0,0,33.1,6,1,0,0,0
0,29,5,5,1,1,12.27,3,0,1,0,0
0,35,4,4,1,0,64.67,12,1,1,0,0
8,29,4,3,0,0,191.75,9,1,0,0,1
9,47,11,3,1,0,916.61,7,1,1,0,1
0,27,10,5,0,1,44.15,5,1,0,0,1
12,25,2,1,1,0,282.7,7,0,0,0,0
1,19,1,5,0,0,24.85,6,1,1,0,0
3,21,1,1,1,0,32,7,0,1,0,0
5,54,11,1,0,1,821.02,4,1,0,0,0
3,18,3,2,0,1,23.56,7,1,1,0,1
4,50,10,5,0,0,86.72,9,1,0,1,0
3,45,2,3,1,1,51.7,1,0,0,0,0
6,27,1,5,0,1,76.63,11,0,1,0,0
9,23,12,3,0,0,101.48,3,0,1,0,0
5,43,6,1,1,0,1.16,6,1,1,0,1
10,19,11,4,0,0,99.11,7,1,0,0,0
10,37,7,5,0,1,390.46,3,0,0,0,1
0,34,12,1,0,0,82.91,3,1,1,0,0
5,27,7,2,1,0,8.08,5,0,1,0,0
2,37,4,2,1,0,8.87,1,1,0,0,0
12,21,2,2,0,0,154.34,2,1,0,0,0
4,26,4,2,1,0,64.61,2,1,1,0,0
5,36,8,3,0,0,233.19,5,1,0,0,0
6,24,2,2,1,0,88.36,1,1,0,0,0
0,23,11,3,1,1,21.57,14,1,0,0,0
7,24,10,3,1,0,86.31,2,0,1,1,0
1,23,3,2,0,1,34.36,1,1,0,0,0
12,33,12,5,1,0,467.98,8,1,1,1,0
6,25,5,4,0,1,65.65,1,1,1,0,1
10,19,1,2,0,0,99.11,5,0,0,0,0
10,21,1,4,1,1,110.28,7,1,0,0,1
2,30,2,1,0,1,95.41,1,1,0,0,1
0,21,12,3,1,0,23.04,4,1,0,0,0
6,47,4,5,0,0,65.83,4,0,0,0,0
4,43,3,3,0,1,290.33,4,1,0,0,0
4,30,8,1,0,1,23.99,9,1,1,0,0
2,19,10,3,0,0,35.71,0,1,0,0,1
0,47,10,3,0,1,195.42,5,1,1,0,0
12,22,9,2,0,0,140.46,5,0,1,0,1
0,32,5,2,0,1,54.41,10,0,1,0,0
8,33,5,4,0,0,215.97,6,0,1,0,0
6,18,11,4,0,0,54.95,2,0,0,0,1
0,42,9,3,1,0,148.4,5,0,0,0,1
0,29,7,4,0,1,51.48,6,1,0,0,0
2,19,12,3,1,1,97.93,7,1,1,0,1
9,42,3,3,1,1,470.94,2,0,1,0,1
1,18,6,1,0,1,17.72,3,1,1,0,0
0,25,1,1,1,1,74.36,8,1,1,0,0
0,56,3,3,1,0,373.47,5,0,1,0,0
0,22,8,3,1,1,19.71,2,0,0,0,0
6,33,4,1,1,1,41.23,1,1,0,0,0
1,43,12,4,0,0,203.99,14,0,1,0,0
5,41,10,5,1,0,71.6,0,1,0,0,0
5,18,11,2,0,1,36.79,5,0,0,0,0
6,35,10,1,0,0,249.54,12,1,0,0,1
2,21,9,1,1,0,26.92,1,0,1,1,0
5,20,2,1,0,1,44.15,4,0,0,0,0
0,19,10,5,1,1,59.99,1,1,0,0,0
0,21,9,2,0,0,32.22,12,0,0,0,0
1,18,2,1,1,1,16.38,4,0,0,0,0
8,35,12,2,0,0,316.43,2,1,0,0,0
11,35,2,4,0,0,380.11,10,0,1,0,0
2,30,6,3,1,0,82.73,1,0,1,1,0
1,33,8,4,0,0,109.2,5,1,0,0,1
11,22,7,3,0,1,118.59,5,1,0,0,1
0,22,2,5,1,1,67.07,3,0,0,0,0
3,24,5,2,0,1,16.72,4,0,1,0,0
1,33,3,1,1,0,39.5,6,1,0,0,0
0,29,11,3,0,1,59.52,2,0,0,1,0
6,48,5,2,0,0,847.04,0,0,0,1,0
6,31,8,3,0,1,27.07,10,0,0,0,0
1,45,5,4,1,1,142.33,10,1,1,1,0
5,44,2,2,0,1,368.43,5,1,0,0,1
7,22,8,3,1,1,68.94,10,1,0,0,0
5,20,6,5,1,0,51.48,9,1,0,0,0
9,42,8,4,0,0,656.16,4,1,0,0,0
1,24,1,5,1,1,54.32,14,0,0,0,0
0,43,3,4,1,1,41.52,3,0,0,0,0
0,26,2,3,0,0,50.5,15,1,0,0,0
1,29,10,2,1,1,86.24,5,1,0,0,0
0,49,10,2,0,1,284,1,0,0,0,0
1,40,4,2,1,1,75.96,2,1,0,0,0
6,22,6,2,0,1,60.3,2,1,0,0,0
9,19,12,2,0,0,81.66,4,0,1,1,0
4,21,7,4,1,0,38.27,4,1,1,0,0
1,27,7,1,1,0,47.22,4,1,0,0,0
3,21,3,3,1,1,22.16,11,1,1,0,0
12,23,11,5,0,1,120.08,8,1,1,0,1
0,28,11,3,0,0,60.33,11,1,0,0,0
6,20,4,4,1,0,50.29,7,1,1,1,0
0,27,5,5,0,1,35.01,4,1,1,0,0
0,33,6,3,0,1,59.37,3,1,1,0,0
0,37,8,4,0,1,119.5,2,1,0,1,0
0,17,9,5,0,1,14.19,4,0,1,0,0
0,35,9,5,0,1,52.64,10,1,0,0,0
5,22,5,1,1,1,78.54,1,1,1,0,1
5,35,7,4,1,1,153.1,0,1,0,1,0
12,28,7,4,0,0,240.24,6,0,1,0,1
6,49,2,4,0,1,621.59,9,0,0,0,0
8,35,4,5,0,1,253.08,5,0,0,0,1
1,27,4,4,1,1,36.88,12,1,0,0,0
0,20,9,1,0,0,29.42,7,1,0,0,0
1,42,10,5,0,1,47.33,8,0,1,0,0
5,24,11,4,0,1,91.12,9,0,1,0,0
0,22,6,5,1,1,16,1,0,1,0,0
6,29,1,1,1,1,110.28,2,0,0,0,1
3,26,3,4,0,1,47.39,0,1,1,0,0
7,36,7,2,0,1,236.51,0,0,0,0,0
0,25,8,4,1,1,25.8,5,1,0,0,0
2,17,3,1,0,1,22.69,4,0,0,0,0
4,24,4,5,0,0,71.19,9,1,0,0,0
8,20,10,1,0,1,66.87,8,1,0,0,1
2,27,11,2,0,1,46.55,0,0,1,0,1
8,20,6,3,1,0,88.05,1,0,0,0,0
0,24,8,2,1,1,24.12,0,0,0,0,0
2,19,4,1,1,1,13.11,5,0,0,0,0
11,31,3,5,0,1,264.23,9,0,0,0,1
6,27,10,4,1,0,74.97,3,1,0,0,0
0,46,11,2,0,1,221.45,2,1,0,0,0
0,51,9,4,0,1,271.81,3,1,1,0,0
5,21,12,3,1,0,45.77,1,0,1,0,0
0,23,1,5,0,0,31.42,3,0,0,1,0
9,17,10,4,0,0,77.73,6,0,0,0,0
0,31,11,3,1,0,32.8,9,0,0,1,0
9,24,3,2,1,0,152.03,14,0,0,1,0
12,19,5,5,0,0,106.98,5,0,1,0,1
0,26,7,5,0,1,39.45,4,1,0,0,0
6,21,8,4,0,0,70.52,3,1,0,0,0
6,22,7,4,0,0,79.04,3,1,0,0,1
0,27,10,2,1,1,25.19,1,0,1,1,0
4,43,11,4,0,0,301.79,4,1,1,0,0
7,24,2,4,0,1,5.58,6,1,1,1,0
0,47,4,5,1,0,69.68,9,1,0,0,0
15,23,3,1,0,1,218.78,3,0,0,0,1
9,25,9,1,0,1,135.07,6,0,0,1,0
0,35,11,1,0,0,111.35,2,1,0,0,0
3,18,11,2,1,0,29.99,8,0,0,0,0
0,19,12,1,0,1,20.98,0,0,0,0,0
4,27,11,5,1,1,96.76,7,1,0,0,0
13,18,1,4,0,1,104.54,4,1,0,0,0
6,25,2,2,1,1,75.49,3,0,0,0,0
1,40,11,2,0,1,123.61,2,1,1,0,0
5,24,11,3,1,0,74.33,4,1,0,1,0
0,20,9,3,1,0,21.05,1,1,0,0,0
2,17,6,2,0,1,18.42,5,0,1,0,0
7,39,5,3,0,0,68.16,5,1,1,0,0
6,27,1,5,0,0,56.4,1,0,0,0,0
12,30,10,3,1,1,344.13,6,0,0,0,0
1,34,7,3,0,0,116.35,6,0,0,0,0
0,22,7,3,1,0,25.23,4,1,0,0,0
5,41,8,2,0,0,290.4,7,0,1,0,0
0,22,3,3,1,1,19.71,0,0,0,0,0
3,45,8,3,0,0,313.27,10,0,1,0,0
6,25,6,5,0,0,116.88,4,1,0,1,0
0,27,12,2,0,1,35.01,7,1,1,0,0
5,21,8,4,0,1,11.85,13,1,1,0,0
6,34,8,5,1,1,135.5,2,1,1,0,0
5,30,12,3,0,1,87.69,5,1,1,0,0
0,20,9,1,1,1,16.44,1,1,0,0,0
1,32,12,4,0,0,91.75,10,0,1,1,0
0,33,3,3,1,1,52.29,7,1,0,0,0
6,36,7,4,1,0,260.07,6,0,0,0,1
0,42,9,1,0,1,158.29,12,0,0,0,0
2,22,10,5,1,0,88.5,2,1,0,0,0
5,18,2,3,1,0,43.16,0,0,0,1,0
1,22,3,2,1,1,93.86,3,1,0,0,0
5,20,7,4,1,0,23.09,14,0,1,0,0
0,31,9,1,1,1,43.91,4,0,0,0,0
0,41,6,2,1,1,104.03,6,0,0,0,0
4,32,7,1,1,0,52.7,14,0,0,0,0
2,38,9,4,0,1,118.73,0,1,1,0,0
0,18,3,3,0,1,19.15,2,0,0,0,0
0,45,11,3,1,1,145.7,4,0,0,0,0
10,21,12,4,0,1,69.42,6,1,0,1,0
5,28,5,2,0,1,104.65,8,1,0,1,0
4,21,1,3,0,1,34.45,9,1,1,0,0
12,24,2,1,0,0,202.29,2,1,0,0,0
0,30,4,4,0,1,56.22,4,1,0,0,0
4,19,11,1,1,1,30.7,2,0,0,0,0
3,19,12,1,1,1,82.21,6,1,0,1,0
6,26,12,2,0,1,99.83,6,0,0,1,0
6,17,3,2,0,0,48.97,1,1,0,0,0
3,20,11,5,0,1,39.31,4,1,0,1,0
2,23,6,2,0,1,12.04,1,0,1,0,0
4,19,2,2,1,1,94.71,5,0,1,0,1
2,34,7,3,1,1,81.59,2,0,0,0,0
6,18,1,4,0,1,42.92,2,1,0,0,1
6,20,7,3,1,0,93.7,0,0,1,0,0
1,42,4,1,1,0,173.33,2,1,0,0,0
0,19,1,4,0,1,20.98,6,1,0,0,0
6,21,3,4,0,1,93.45,1,1,1,0,0
0,28,3,4,1,1,46.82,1,1,0,0,0
0,20,11,1,1,1,13.43,4,1,1,1,0
4,32,6,5,1,1,47.01,0,1,0,0,0
10,30,9,4,1,0,308.03,9,1,0,0,0
2,29,1,3,1,1,53.92,14,0,0,0,1
0,39,8,2,1,1,54.49,4,0,1,0,0
5,24,11,5,1,0,73.88,5,0,0,0,0
12,49,4,5,1,1,1738.28,8,0,0,0,0
13,22,8,3,0,0,192.52,2,1,0,0,0
0,27,5,3,1,1,2.5,0,1,0,0,0
0,23,7,1,0,1,24.48,1,0,1,0,0
6,17,9,3,0,1,38.25,2,1,0,0,0
7,28,9,1,0,1,79.67,8,1,0,0,1
2,61,12,4,0,0,55.57,1,0,0,0,0
2,19,9,5,1,1,90.76,7,0,1,1,0
0,18,6,1,0,1,19.15,8,1,0,0,0
0,27,11,4,0,1,43.12,3,1,0,0,0
6,19,11,4,1,0,45.64,1,0,1,0,0
7,20,9,4,0,1,46.54,5,0,1,0,0
3,19,3,4,0,0,37.31,5,1,1,1,0
4,18,5,1,0,0,41.33,6,0,0,0,0
2,20,2,2,1,1,23.51,2,0,0,0,0
1,35,1,1,1,1,60.78,6,1,1,1,0
8,20,6,2,0,0,83.62,0,1,0,0,0
3,23,5,4,1,1,37.43,2,1,0,0,0
1,17,3,1,1,1,39.18,4,1,0,1,0
0,23,11,2,1,0,22.95,3,0,1,0,1
0,22,8,1,1,0,20.48,7,1,1,0,0
0,20,7,3,1,1,4.17,3,0,1,0,0
1,28,4,2,1,0,41.9,9,0,1,0,0
5,42,12,5,0,0,323.6,4,0,1,0,1
2,44,10,3,0,1,243.23,6,1,0,0,0
0,33,12,4,0,1,59.37,6,0,1,0,0
0,28,11,4,1,1,78.24,2,0,0,0,0
9,17,10,4,0,0,72.44,5,0,0,0,0
10,35,1,5,0,1,328.59,4,1,0,0,1
13,19,2,5,0,0,81.12,5,0,0,0,0
6,18,7,5,1,0,53.7,14,0,0,0,0
1,22,3,1,1,0,30.17,1,1,0,0,0
0,50,3,4,1,0,6.43,3,0,0,0,0
0,20,4,3,0,0,29.42,12,1,0,0,0
3,30,10,3,0,1,83.18,3,0,0,0,0
1,29,2,2,0,0,75.09,10,1,0,0,0
2,28,4,1,0,1,61.18,1,0,0,0,0
0,40,12,2,0,1,133.6,1,0,0,0,0
3,18,3,5,1,1,6.72,11,1,0,0,0
6,39,9,1,0,1,252.07,2,0,1,1,0
1,37,12,1,0,1,120.59,9,1,0,0,1
3,21,11,5,0,1,37.23,7,0,0,0,0
0,20,8,2,0,1,23.53,2,0,0,0,1
7,42,10,1,0,1,394.77,3,0,0,0,0
6,33,10,4,1,0,195.84,1,1,0,0,0
3,20,5,3,0,1,34,2,0,0,0,0
1,27,5,3,1,1,36.88,4,0,0,0,0
6,55,11,3,1,1,969.66,9,0,0,0,0
2,24,8,4,1,1,82.7,2,1,0,0,0
2,19,11,4,0,1,25.58,10,0,1,1,0
6,17,11,5,0,1,73.17,2,0,0,0,0
10,30,1,4,0,0,215.63,12,1,1,0,0
7,23,10,1,1,0,92.55,3,0,0,0,1
3,37,10,3,1,0,161.87,0,1,0,0,0
7,18,10,3,0,0,61.15,7,0,0,0,0
8,19,11,3,0,0,36.71,7,1,1,0,0
0,36,7,1,0,0,113.97,3,1,1,1,0
8,21,8,1,0,0,91.56,7,1,0,0,0
3,39,7,2,0,1,181.5,15,0,0,0,0
4,23,3,2,0,1,41.27,6,0,1,0,0
0,19,7,4,1,0,19.21,1,1,0,0,0
1,21,4,1,0,0,36.71,1,0,0,0,0
4,24,2,3,0,1,55.61,1,0,0,0,0
4,20,6,2,0,1,39.67,2,0,0,0,1
3,36,7,4,1,1,64.47,1,0,0,0,0
8,39,8,1,1,0,481.18,2,1,0,0,1
5,24,11,4,0,0,8.37,1,0,1,0,0
3,19,7,4,1,1,25.67,5,1,0,0,0
8,29,10,4,0,1,169.14,5,1,0,1,0
4,40,2,2,1,0,250.21,5,0,0,0,0
7,20,9,1,0,0,84.84,4,1,0,1,0
6,44,2,5,1,0,407.43,2,0,1,0,0
13,37,7,4,0,1,577.65,2,0,0,0,1
3,26,1,3,0,1,58.36,0,1,0,0,0
0,21,5,3,0,0,77.54,9,1,0,0,0
3,45,11,4,1,1,207.18,4,1,1,0,1
2,31,7,5,1,1,8.24,7,0,0,0,1
1,25,12,3,0,0,42.73,5,1,1,0,0
0,32,9,3,0,0,85.78,0,1,0,0,0
0,47,11,1,1,1,143.1,6,0,1,0,1
3,19,1,1,0,0,39.74,5,1,0,0,0
1,35,6,2,1,1,74.4,4,1,0,0,0
6,20,9,3,1,0,49.99,2,1,1,0,0
0,57,1,1,0,0,696.87,3,1,0,0,0
8,25,2,5,1,0,17.27,2,0,1,0,0
2,37,9,1,0,1,134.2,9,1,0,0,0
1,50,10,1,0,1,351.38,5,0,0,0,0
3,19,4,1,1,1,25.83,6,0,0,1,0
5,20,5,3,0,0,65.35,8,0,0,1,0
9,18,11,1,1,0,88.27,2,1,0,1,0
2,21,8,1,0,0,42.83,7,1,0,0,1
9,26,6,3,1,0,185.04,8,0,0,0,1
0,28,10,2,1,1,33.7,3,0,0,0,0
9,23,3,3,0,0,101.48,5,1,1,0,0
3,37,12,3,1,1,126.44,8,1,0,0,0
6,30,11,3,0,0,157.53,3,0,0,0,0
0,27,6,3,0,1,43.12,2,1,0,0,0
4,28,6,4,0,0,82.57,8,1,1,0,0
7,20,4,4,0,1,57.32,1,1,0,0,0
6,28,7,4,0,0,132.03,6,0,0,0,0
4,18,2,4,0,1,32.29,8,1,0,0,0
0,24,9,2,1,1,23.59,4,0,0,0,0
9,32,6,2,0,1,222.14,2,1,0,0,1
0,43,4,3,0,0,179.03,3,0,1,0,0
10,24,6,1,1,0,181.81,2,1,0,1,0
3,61,4,5,1,1,937.39,10,1,0,0,1
15,20,5,4,0,0,208.53,4,0,0,0,0
3,36,3,5,0,1,140.3,7,0,0,0,0
3,22,3,3,0,0,53.43,14,1,0,0,1
0,36,6,2,1,1,55.07,0,0,1,0,0
12,27,6,5,0,0,78.94,3,1,0,1,0
1,30,5,2,0,1,64.06,2,1,0,0,0
4,24,2,3,1,0,49.87,12,1,0,0,0
6,18,10,3,0,0,44.61,7,0,1,0,1
3,42,12,5,0,1,234.18,2,1,0,0,0
11,18,8,4,1,0,126.24,4,1,0,1,0
0,38,1,4,1,0,103.12,0,0,0,0,0
4,27,2,5,0,1,74.43,5,1,0,0,1
6,28,1,3,0,0,152.65,2,0,0,1,0
7,34,5,4,1,0,208.7,0,0,1,1,0
4,19,11,4,1,1,86.35,8,1,0,0,1
0,41,11,5,1,1,94.62,5,1,0,0,0
8,46,3,1,0,1,644.32,13,0,0,0,1
2,18,12,3,0,1,62.49,6,0,0,1,0
8,30,2,2,1,1,47.21,5,1,1,0,0
12,32,7,3,0,0,66.31,4,1,0,0,0
1,37,2,5,0,0,150.77,2,0,0,0,0
8,31,5,2,1,0,236.57,11,0,0,1,0
3,33,11,5,0,0,112.44,2,1,1,0,0
5,35,11,5,0,0,173.67,5,1,1,0,0
3,22,2,3,1,0,43.41,3,1,0,1,0
9,28,3,3,0,1,152.58,8,0,0,0,0
0,18,8,2,1,1,13.78,5,0,0,1,0
9,29,10,4,0,0,213.39,5,1,0,0,0
3,20,3,5,0,1,34,2,1,0,0,0
0,29,2,3,0,1,51.48,8,1,0,0,0
8,20,6,4,0,0,67.89,2,0,1,0,0
4,25,8,4,0,1,60.82,4,0,0,0,0
3,21,6,3,1,1,89.59,9,1,1,0,0
2,28,7,5,0,1,49.68,3,1,1,0,0
5,18,4,3,1,0,8.78,9,0,0,0,0
6,23,10,2,1,0,82.69,2,1,0,0,1
3,19,12,5,0,1,25.81,3,1,1,0,1
6,35,7,2,1,1,181.99,4,0,0,0,0
5,27,5,5,1,1,77.25,1,1,0,0,1
7,39,7,5,0,1,305.96,4,0,0,0,0
9,53,6,2,0,0,1633.62,3,1,0,0,0
6,40,3,3,1,0,290.56,3,1,1,0,0
2,18,4,4,0,0,31.83,8,1,0,0,0
0,38,2,2,0,1,130.21,7,1,0,1,0
0,49,7,1,1,1,203.13,0,0,0,0,0
1,48,8,2,0,1,42.68,7,0,1,0,0
8,29,8,1,0,1,146.29,5,0,0,0,0
9,41,11,4,0,0,501.21,6,0,1,0,1
7,23,3,3,0,1,75.19,1,1,0,0,0
8,17,8,4,1,0,54.36,6,0,1,0,0
6,22,11,4,0,1,50.13,0,1,1,0,1
4,51,7,5,0,1,458.19,9,1,1,0,0
0,41,4,5,1,1,84.98,3,1,1,1,0
0,40,4,3,1,0,99.92,7,0,1,1,0
0,24,11,4,0,0,34.29,0,1,1,0,0
2,37,2,5,1,1,85.85,6,1,1,0,0
12,32,5,2,1,0,72.61,7,1,1,0,1
10,21,10,4,0,1,92.86,0,1,0,0,0
3,29,9,3,0,1,76.16,5,1,0,0,0
6,29,7,5,0,0,135.41,7,0,1,1,0
8,39,11,3,0,0,515.99,7,1,0,1,0
5,19,2,4,1,1,29.99,0,1,1,1,0
0,34,5,1,0,1,92.22,1,1,0,1,0
10,27,1,3,1,0,37.63,1,0,1,1,0
6,18,4,2,0,1,84.64,6,0,0,1,0
9,37,11,1,0,0,428.45,3,0,0,0,0
6,25,12,2,0,0,8.89,13,1,1,0,0
9,36,3,1,1,0,32.51,2,1,0,0,0
9,19,12,1,1,1,76.89,2,0,0,0,1
8,24,7,3,1,0,102.6,0,1,1,0,0
3,17,8,5,0,1,63.04,9,0,1,0,0
8,29,8,1,0,0,187.28,3,1,0,0,0
4,45,11,2,0,1,397.03,6,1,0,1,0
6,17,2,2,0,1,38.25,2,1,0,0,0
8,17,5,5,0,0,51.62,3,0,1,0,0
0,23,8,1,1,1,21.57,9,0,0,0,0
5,38,11,3,1,1,201.75,5,0,0,0,1
5,44,7,3,0,1,292.18,7,0,1,0,0
0,27,4,4,0,0,44.82,1,0,1,0,0
0,23,5,1,1,0,27.61,2,0,0,0,0
4,21,6,2,0,0,84.62,7,1,0,0,0
16,31,3,2,1,0,989.77,3,1,0,1,0
12,26,5,5,0,0,196.43,5,1,1,0,0
7,23,11,5,0,1,76.99,1,0,0,0,1
10,43,4,3,0,0,813.48,6,1,0,0,0
4,18,6,5,0,0,38.8,5,1,1,1,0
5,29,6,1,0,0,146.36,9,1,0,1,0
9,47,6,4,0,0,810.03,7,0,1,0,0
3,36,11,2,0,1,113.92,5,0,1,0,0
2,25,5,5,0,1,46.84,2,1,0,0,0
6,50,11,1,0,0,1.36,10,0,1,0,0
0,25,6,2,1,1,25.8,11,0,0,0,0
0,35,12,2,0,1,72.31,8,1,1,0,1
9,27,2,3,0,1,113.37,7,0,1,0,0
0,21,2,3,1,1,14.97,8,0,1,0,1
13,28,6,4,1,0,444.23,6,1,0,1,0
4,18,7,2,0,0,41.33,3,1,0,0,0
4,25,12,1,0,0,77.86,1,1,0,0,0
0,22,2,2,0,0,36.11,2,1,0,0,1
5,28,4,2,1,1,84.41,11,1,0,0,1
3,18,10,5,1,1,20.63,13,0,0,0,1
1,22,7,4,1,1,47.83,7,1,0,0,0
4,22,1,2,0,1,37.71,5,0,1,0,0
6,19,8,2,1,0,45.64,5,1,1,0,0
0,38,7,1,1,1,80.55,10,1,0,0,0
6,31,2,4,0,1,155.34,9,0,0,1,0
1,29,3,2,1,0,56.37,9,1,0,0,0
1,32,4,4,0,1,57.32,1,1,0,0,0
0,55,2,3,1,0,43.71,8,1,0,0,0
12,18,7,1,0,0,88.43,12,1,0,0,0
9,27,9,1,0,0,183.02,4,1,0,0,1
0,25,1,3,0,1,74.31,7,1,0,0,0
8,33,4,3,0,0,307.52,8,1,0,1,0
0,42,12,4,1,1,80.08,2,1,0,0,0
2,27,5,2,1,1,91.29,0,0,0,0,0
0,22,5,1,1,1,16,1,1,1,0,0
6,18,12,5,1,0,51.61,4,0,0,1,0
0,31,12,1,1,0,92.06,3,0,0,1,0
3,59,1,3,0,0,1209.55,4,0,0,0,0
0,27,1,1,1,1,30.84,9,1,0,0,0
6,42,8,1,1,0,47.88,3,1,1,1,0
2,26,9,4,1,1,47.95,11,1,0,1,0
0,21,8,2,1,1,62.33,9,0,1,1,0
6,33,8,4,0,0,166.34,0,1,1,0,0
8,25,6,2,0,0,106.57,7,1,1,0,0
0,29,2,3,0,0,65.9,7,1,0,0,0
1,35,8,2,0,1,93.04,3,0,1,1,0
5,22,11,5,1,0,50.1,4,0,1,0,0
2,40,10,4,0,1,140.84,2,1,1,0,0
2,47,5,1,1,0,77.45,4,0,0,0,0
8,17,4,5,1,0,66.95,2,0,0,0,0
10,20,9,5,1,0,102.25,2,1,1,0,0
0,26,12,1,1,1,22.91,2,1,1,0,0
2,20,7,2,0,1,30.55,1,1,0,0,1
5,18,1,4,1,1,55.84,7,1,0,1,0
4,41,3,5,0,1,199.08,10,1,1,0,0
0,36,3,4,1,1,5.22,11,0,0,0,0
2,19,11,1,0,1,27.25,13,1,0,0,0
9,20,4,2,0,1,76.2,1,1,0,0,1
11,20,2,3,1,1,6.3,2,1,0,1,0
2,40,10,1,0,0,180.3,4,0,1,0,0
1,31,7,5,0,0,91.68,3,0,0,0,1
9,19,7,3,0,1,56.49,7,1,1,0,1
5,32,5,5,0,1,104.5,8,1,1,0,0
6,19,3,3,0,0,58.8,4,1,0,0,0
10,17,6,2,0,0,84.51,6,1,0,0,1
8,18,4,1,1,1,57.31,3,0,0,0,0
6,21,5,2,0,0,70.52,6,1,0,0,0
2,20,1,4,1,0,30.1,12,1,0,0,0
0,38,4,5,1,1,81.04,0,0,0,1,0
4,29,11,3,1,0,96.41,5,0,0,0,0
6,23,5,1,0,0,68.6,11,1,1,0,0
0,26,10,1,0,0,58.39,4,1,0,1,0
0,21,11,5,1,0,4.11,1,1,0,1,0
10,23,3,4,1,0,166.18,1,1,0,1,0
2,29,12,3,0,0,95.78,1,0,0,0,0
2,19,10,5,1,1,21.47,7,1,0,0,0
6,25,1,5,0,0,77.26,6,1,0,0,0
0,46,12,1,1,1,158.39,2,1,0,0,0
6,31,3,1,0,1,19.57,4,1,1,0,0
2,21,12,5,1,0,32.96,8,1,0,0,0
6,29,11,1,0,0,144.24,9,1,0,0,0
4,29,3,3,0,1,81.47,5,1,1,1,0
1,25,7,1,1,1,25.06,12,1,1,0,0
6,41,11,5,0,0,20.82,8,0,0,0,0
1,18,2,5,1,0,20.97,5,1,0,0,0
1,24,4,1,0,1,38.37,13,0,1,0,0
5,18,4,3,0,1,30.58,4,0,1,0,1
0,29,2,3,0,0,53.51,1,0,1,0,0
6,30,9,3,1,1,95.52,8,1,1,0,0
9,20,10,4,0,0,97.55,2,0,0,0,1
1,29,2,5,1,1,20.61,2,1,0,0,0
3,40,8,2,0,1,4.3,2,0,1,0,1
2,36,10,1,0,1,99.98,4,0,1,0,0
7,28,1,2,0,1,135.87,4,1,0,1,0
4,25,10,3,0,1,88.25,2,1,0,0,0
0,35,12,3,1,0,6.14,4,1,0,0,0
0,22,5,2,0,1,28.21,5,0,0,0,1
9,20,3,3,1,0,105.3,2,0,0,0,0
0,26,7,3,1,1,88.3,5,1,1,0,0
0,33,3,3,1,1,52.29,9,0,0,0,0
1,35,10,2,1,1,76.18,11,1,0,0,1
9,23,10,2,1,0,138.13,0,0,0,0,0
3,18,7,4,0,1,28.34,2,0,0,0,0
6,17,6,5,0,0,8.38,5,1,0,0,0
7,26,11,4,1,1,98.71,3,0,0,0,0
2,26,10,3,1,0,51.66,1,0,0,0,0
6,23,11,1,0,1,67.57,2,1,0,0,1
0,32,10,1,0,1,67,1,1,0,0,0
4,19,2,1,1,1,24.93,2,0,1,0,0
6,35,6,2,1,0,193.69,1,1,1,0,1
13,22,11,3,0,1,11.79,1,1,1,0,1
8,27,10,3,0,0,160.62,0,1,0,0,1
0,22,9,1,0,1,31.85,1,1,0,1,0
0,19,11,4,1,1,58.64,13,1,0,0,0
4,25,10,2,0,0,60.85,5,0,0,0,0
0,44,3,3,0,1,84.69,3,1,0,0,0
0,37,4,1,1,1,73.93,3,0,0,0,0
3,26,9,4,1,0,50.16,8,0,1,0,0
6,25,4,5,1,0,96.64,12,1,0,0,0
8,20,11,1,0,1,69.27,6,0,0,0,0
0,24,3,2,0,1,33.77,12,1,0,0,1
1,35,5,3,0,0,126.88,14,1,0,0,0
0,17,1,5,0,1,14.19,0,0,1,0,0
1,39,9,3,0,1,139.79,8,0,0,0,0
4,29,3,5,0,1,70.46,0,0,1,0,0
10,49,3,2,1,0,8.75,1,0,1,0,0
3,22,11,2,1,1,34.51,1,1,0,0,1
4,21,9,1,1,0,38.5,3,1,1,1,0
0,29,3,3,0,1,48.33,7,0,1,1,0
1,45,5,3,0,0,97.36,13,0,0,0,0
4,19,12,3,0,0,45.29,8,0,0,0,0
1,20,2,3,1,1,19.66,5,1,0,0,0
0,32,8,2,1,1,89.16,4,0,0,0,0
0,39,8,5,0,1,122.68,4,1,0,0,0
9,32,7,4,0,0,321.12,10,0,0,1,0
0,37,8,5,0,0,135.48,2,1,0,0,1
1,29,1,5,0,0,76.89,5,1,0,0,1
0,39,12,2,0,1,8.71,13,1,1,0,0
0,55,12,1,0,0,593.29,3,0,0,0,0
3,25,7,5,0,0,69.96,5,0,0,0,1
5,30,12,5,0,1,124.86,2,1,0,1,0
3,36,10,1,1,0,51.35,1,1,0,0,0
10,19,7,5,0,0,114.59,10,0,0,1,0
0,21,1,5,0,1,25.17,8,1,0,0,0
3,26,5,4,1,1,49.41,0,0,0,0,1
6,35,9,4,1,1,186.34,7,1,0,0,1
3,50,7,3,0,0,584.04,4,0,0,0,0
2,28,9,5,1,1,49.35,5,1,0,0,1
0,40,6,1,1,1,79.44,1,1,1,0,1
1,17,12,5,1,1,14.95,4,0,0,0,0
2,17,11,2,1,1,17.88,7,0,0,0,0
2,21,11,1,1,1,26.36,3,1,0,0,1
2,36,3,5,1,0,101.44,7,1,1,1,0
6,25,7,3,1,1,61.29,3,0,1,0,0
9,35,3,4,0,0,360.56,2,1,0,0,0
4,22,4,2,1,1,32.73,2,0,1,0,0
12,30,12,1,0,0,353.02,1,0,0,0,1
1,28,4,5,0,0,55.81,4,1,1,0,0
4,17,10,4,0,0,53.87,3,0,0,0,0
3,38,10,1,0,1,54.29,9,0,1,0,0
9,44,11,3,0,1,701.32,4,0,0,1,0
3,45,12,1,1,1,249.2,4,1,0,0,0
0,44,12,5,1,1,80.85,8,1,0,0,0
1,19,1,4,1,1,91.42,0,0,0,1,0
0,23,7,5,0,1,24.48,0,1,1,0,0
0,24,9,1,1,0,24.52,3,1,1,0,0
8,23,5,3,0,0,91.19,5,0,1,0,1
2,35,4,5,0,1,44.4,1,0,0,0,0
2,21,3,1,1,1,25.9,11,1,0,1,0
3,18,12,3,1,0,29.99,9,1,0,0,0
4,19,5,2,1,0,31.91,8,1,1,0,0
11,31,11,5,1,0,411.81,1,1,0,0,1
7,33,7,2,0,1,182.34,9,0,0,0,0
0,42,5,4,0,1,158.29,5,0,0,0,0
5,28,7,4,1,0,105.54,4,1,0,0,0
0,25,3,2,0,1,41.71,2,0,0,1,0
6,44,9,5,0,0,524.9,3,1,0,0,0
0,28,1,4,1,1,33.7,4,1,0,0,0
6,23,1,5,1,0,65.97,2,0,1,1,0
2,25,4,3,0,1,27.13,11,0,0,0,0
0,26,2,4,1,1,28.22,10,1,0,0,0
3,26,4,3,1,1,48.26,4,0,0,0,0
2,38,7,2,0,1,17.23,3,1,0,0,1
7,28,7,2,1,1,120.72,10,1,0,0,1
1,24,3,5,1,0,18.22,0,0,0,0,0
4,30,9,3,1,0,87.54,5,0,1,0,1
3,53,1,3,0,1,674.09,3,0,0,1,0
5,25,9,1,0,1,69.3,6,0,0,0,0
6,28,6,3,0,1,46.63,0,1,0,1,0
5,35,7,4,0,0,200.79,0,0,1,1,0
4,22,5,2,1,1,40.01,0,1,0,0,0
3,26,11,1,1,1,48.26,11,1,0,0,0
4,28,12,4,0,1,79.44,13,1,0,0,0
6,31,1,5,1,0,164.42,3,0,0,0,0
1,33,4,2,1,1,62.54,7,1,0,0,0
4,23,5,5,1,0,56.47,5,0,0,0,0
0,49,3,2,0,1,284,1,1,0,0,0
0,32,2,2,0,1,67,7,1,0,0,0
3,21,1,3,1,1,88.19,5,0,1,0,0
6,32,9,2,0,1,9.27,4,0,0,0,0
5,26,6,4,1,0,38.67,4,0,1,0,1
0,37,2,2,0,1,83.93,7,0,1,0,0
2,23,1,4,0,1,39.15,3,1,0,0,0
11,24,3,4,0,0,177.53,8,0,0,0,0
5,25,12,5,1,0,80.81,2,0,0,0,0
4,36,10,5,0,0,204.65,0,1,0,0,0
7,21,1,5,0,0,65.24,0,0,1,0,0
2,28,4,5,0,1,61.18,7,0,0,0,0
2,17,2,3,0,1,23.23,8,1,0,0,1
4,25,5,4,1,0,54.86,1,1,1,0,0
6,32,1,5,1,0,183.76,2,1,0,0,1
3,30,7,2,0,0,86.46,8,0,1,0,0
4,36,3,3,1,1,28.47,8,0,0,0,0
10,43,7,4,0,1,528.28,8,1,1,0,1
3,23,12,5,1,1,37.76,3,1,0,0,1
6,45,7,2,1,0,558.67,8,0,0,0,1
1,21,8,1,1,1,21.66,6,1,0,1,0
6,20,1,5,1,1,96.11,13,0,1,0,0
3,17,11,3,1,1,21.38,5,0,0,0,0
5,39,3,2,0,0,301.67,11,1,0,0,0
6,17,8,5,0,0,48.97,4,0,0,0,0
14,20,6,2,1,0,214.13,7,0,1,0,1
1,17,10,4,0,0,81.82,3,1,1,0,0
0,37,1,3,1,0,94.64,3,1,0,0,0
0,52,2,1,0,1,363.27,2,0,0,0,0
0,25,3,1,1,1,71.29,1,0,0,0,0
8,35,8,2,1,1,68.09,6,0,1,0,1
0,34,5,1,1,0,73.03,5,1,0,0,0
15,22,2,2,0,0,43.3,13,0,0,0,0
6,24,9,3,1,0,71.74,11,1,1,0,0
4,18,4,4,0,0,33.56,0,0,1,0,0
9,34,7,1,0,1,214.71,1,1,1,0,1
6,50,6,3,0,0,864.04,8,1,0,0,0
2,28,11,1,1,1,48.49,6,0,0,1,0
0,41,10,2,0,0,186.19,6,0,0,0,0
9,18,2,5,0,1,50.36,0,0,1,0,0
6,28,3,5,0,0,132.03,13,0,0,0,0
5,27,6,1,1,1,11.07,3,0,0,0,0
2,32,5,4,1,0,89.84,1,0,0,0,1
3,23,12,1,1,1,21.6,4,1,0,0,0
0,27,3,2,1,1,25.04,8,1,1,0,0
0,43,8,2,1,1,100.02,2,1,1,0,0
0,18,9,5,1,1,13.78,12,0,0,1,0
6,21,12,1,1,1,52.66,4,1,0,0,0
4,19,7,1,1,0,39.3,1,1,0,0,0
9,40,1,3,0,1,432.59,7,0,0,0,0
6,38,12,2,1,1,191.34,11,1,1,0,0
4,22,8,5,0,1,46.44,6,0,0,0,0
2,29,5,4,1,0,54.74,2,0,1,0,0
7,17,8,4,1,0,55.98,8,0,0,0,0
7,21,9,4,0,0,82.27,7,0,0,0,1
9,21,12,5,0,1,81.49,5,0,0,0,0
0,18,9,4,1,1,81.09,11,1,1,0,0
4,23,8,2,1,1,44.11,6,1,0,0,0
0,36,5,1,0,0,20.09,5,1,1,0,0
4,19,2,5,0,1,11.48,10,1,0,0,0
1,22,9,4,0,1,25.49,8,0,1,0,0
9,31,2,3,1,0,282.92,2,1,0,1,0
5,22,3,4,0,1,49.68,8,1,1,1,0
2,21,3,1,1,1,25.75,0,1,0,0,0
5,19,9,5,0,1,32.73,10,1,1,0,0
7,23,4,5,1,0,89.84,5,1,0,0,1
0,47,7,2,0,0,250.17,3,0,1,0,0
6,21,3,2,0,1,63.69,4,1,0,1,0
4,54,1,5,1,1,47.61,1,0,0,1,0
6,37,2,5,0,1,212.37,2,1,1,1,0
6,30,5,3,1,1,97.8,2,0,1,0,1
0,25,10,5,0,1,41.71,5,1,0,1,0
2,32,11,2,0,0,90.43,6,0,1,0,0
0,26,6,2,0,1,39.45,1,1,0,0,0
7,20,7,3,0,0,73.38,4,1,0,0,0
6,22,5,2,1,0,80.42,3,1,1,0,0
6,33,6,3,0,0,63.6,3,0,0,0,0
6,23,1,5,0,0,68.6,1,0,1,0,0
8,42,11,2,0,0,61.05,5,1,0,0,0
7,34,2,5,1,1,204.34,1,1,0,0,1
6,21,6,5,0,1,55.09,6,0,0,0,0
6,19,4,4,1,0,52.72,4,1,0,0,1
7,19,8,5,1,0,67.22,4,0,0,0,0
0,40,7,1,0,1,108.48,1,1,1,0,0
7,17,8,5,1,0,34.42,5,1,1,0,1
9,45,2,5,0,1,535.59,9,0,1,0,0
8,57,12,1,0,1,1546.89,3,0,0,0,0
2,22,8,2,1,1,28.18,5,1,0,0,0
7,22,3,2,1,1,69.35,9,1,0,1,0
9,33,2,4,1,1,267.89,2,1,0,0,1
6,21,3,1,0,0,70.52,5,1,0,0,0
0,32,8,4,0,0,59.29,9,0,1,0,0
3,39,2,2,1,0,77.48,6,0,0,0,0
7,26,10,5,0,0,102.27,5,0,1,0,0
9,39,12,3,0,1,50.77,4,0,0,1,0
2,36,2,3,0,1,123.13,6,0,0,0,0
1,27,7,5,0,1,39.9,11,1,1,0,0
6,34,6,3,0,0,181.46,4,0,1,0,0
5,18,5,2,1,1,98.4,9,1,0,0,0
8,28,2,5,0,0,171.43,3,0,0,0,0
6,33,8,4,1,0,197.02,3,0,0,1,0
0,37,6,2,0,1,103.36,3,0,0,0,0
2,29,5,3,1,0,23.25,7,0,1,1,0
0,32,7,1,1,1,47.92,0,0,0,0,0
0,45,10,5,1,1,119.02,7,1,1,1,0
9,24,2,3,0,0,136.74,2,0,0,0,0
3,30,6,3,1,0,90.15,1,1,0,0,1
6,25,10,3,0,1,64.12,13,0,1,0,0
0,42,4,5,1,1,113.22,1,0,0,0,0
0,47,9,2,0,1,278.25,6,1,0,1,0
4,22,4,2,1,0,51.91,8,1,0,1,0
15,26,7,2,0,1,286.25,6,0,0,0,1
2,21,9,5,1,0,26.76,2,1,1,0,0
6,41,3,2,0,1,12.33,1,0,0,0,0
0,22,2,4,0,1,52.78,7,1,0,0,1
3,54,10,5,0,1,632.35,3,1,0,0,0
3,54,1,5,0,1,89.7,4,1,1,0,0
1,26,1,1,0,0,58.92,5,0,0,0,1
7,43,8,5,0,0,516.2,6,0,1,1,0
4,27,8,1,1,1,15.34,6,1,0,0,0
2,20,10,4,0,1,29.84,6,1,0,0,0
0,24,2,1,1,0,24.67,3,0,1,1,0
0,20,12,2,0,1,22.98,1,0,0,0,0
3,28,8,5,1,1,78.96,7,1,0,0,0
1,48,6,4,1,1,228.99,13,0,0,0,1
0,18,1,1,0,1,15.55,6,1,1,0,0
3,24,10,5,0,1,48.8,4,0,0,0,0
10,21,1,2,0,1,87.17,6,0,1,1,0
0,27,8,2,0,1,43.12,5,0,0,0,0
6,28,7,5,0,1,9.96,3,0,0,0,0
0,33,2,5,1,1,81.55,1,1,0,0,1
2,35,1,2,0,1,112.94,8,1,0,0,0
7,33,8,3,0,0,189.54,2,1,1,0,0
6,26,9,5,1,0,85.8,6,1,1,0,0
1,26,9,4,0,1,7.24,3,1,0,0,0
3,28,9,2,1,0,59.92,0,1,1,0,0
2,44,10,4,1,0,203.95,6,1,1,0,1
0,35,5,2,0,0,111.35,1,1,0,0,0
0,55,12,2,1,1,73.12,1,1,0,0,1
8,20,9,3,1,0,71.49,4,1,1,0,0
0,53,8,5,1,1,228.87,2,0,1,0,0
1,61,7,3,0,0,66.58,12,1,0,0,0
6,31,8,4,1,1,129.21,13,1,0,1,0
0,28,10,3,0,1,47.12,11,1,0,0,0
2,20,2,5,0,1,28.02,4,0,1,1,0
3,35,12,2,1,1,106.41,7,0,0,0,0
0,22,3,4,1,0,25.23,1,0,0,0,0
2,30,8,2,0,0,17.17,8,0,0,0,0
11,30,2,3,0,0,21.98,4,0,0,0,1
0,27,11,2,0,1,35.01,9,1,1,0,0
3,20,9,1,0,0,35.35,7,0,1,0,0
9,37,4,2,1,0,484.82,3,0,0,0,1
6,19,1,4,0,0,58.8,5,0,0,0,0
2,24,9,1,0,1,10.33,11,1,0,0,0
8,18,2,5,0,1,80.18,1,0,1,0,0
4,17,3,5,1,1,25.57,1,0,0,0,0
2,31,11,5,0,1,64.72,4,0,1,0,0
3,23,12,5,0,1,44.61,12,1,0,0,0
12,34,9,5,0,0,397.15,2,0,1,0,0
6,19,4,3,0,0,67.98,3,1,0,1,0
0,33,2,4,1,1,52.61,5,1,0,1,0
8,30,1,4,0,1,163.58,12,0,0,0,1
1,17,10,1,1,1,12.82,9,1,0,1,0
0,42,4,5,1,0,144.94,3,1,0,0,0
8,22,3,1,0,1,8.24,6,1,0,0,0
10,25,11,2,1,0,15.06,11,0,0,0,0
7,43,2,4,0,1,496.6,5,1,0,1,0
4,26,9,3,0,1,77.54,6,1,0,0,0
1,48,10,5,1,1,43.74,11,1,0,0,0
6,26,1,1,0,0,55.98,6,0,1,0,1
0,28,11,5,1,1,33.91,1,0,0,1,0
12,38,4,3,0,1,41.03,6,0,0,0,0
0,48,6,5,1,1,49.79,0,0,0,0,0
16,23,8,4,1,0,494.77,7,1,0,0,1
7,19,5,2,0,1,52.33,7,0,0,0,0
3,25,2,2,0,1,53.38,4,1,0,0,0
7,21,10,3,0,0,66.8,1,1,1,0,1
6,34,7,4,1,0,56.03,0,0,0,0,0
0,25,12,1,1,1,25.8,1,0,0,0,0
6,32,11,5,1,0,62.59,4,1,0,1,0
1,39,11,1,0,0,178.96,6,1,0,0,0
5,20,3,3,0,1,51.04,4,1,0,1,0
0,35,5,2,1,1,91.25,12,1,0,0,0
6,19,5,1,1,0,77.29,2,1,0,0,0
1,31,3,1,0,0,89.54,3,1,0,0,0
2,25,8,1,0,1,50.67,11,1,0,1,0
2,26,1,3,0,1,41.59,10,1,1,0,0
3,20,7,3,0,0,43.53,5,1,0,0,0
2,22,8,1,0,1,51.15,4,1,1,1,0
0,18,4,1,1,1,13.7,2,0,0,0,0
12,24,8,5,0,0,164.25,11,1,1,0,0
3,29,5,3,0,1,61.84,1,0,1,0,0
3,31,2,5,0,1,73.74,8,0,1,0,0
7,28,4,4,1,0,123.3,0,1,1,1,0
0,26,5,1,1,0,25.41,8,0,0,0,0
5,24,7,2,0,1,64.87,4,0,0,0,1
4,28,1,3,1,1,55.98,2,1,1,0,0
8,21,8,4,1,0,98.72,9,0,0,0,1
0,17,4,2,0,1,17.48,5,1,0,0,0
0,26,10,4,0,1,39.45,6,0,0,0,0
5,18,11,3,0,1,36.79,2,0,0,0,0
1,29,1,1,1,0,56.71,4,1,0,1,0
0,18,11,5,1,1,11.39,3,1,1,0,1
6,26,3,5,1,0,85.8,2,1,1,0,0
0,43,6,4,0,1,199.13,2,1,0,1,0
0,20,9,4,0,1,18.66,1,0,1,0,0
2,24,2,1,1,0,31.29,8,1,0,0,1
3,26,11,1,1,0,50.47,7,0,1,1,0
9,31,9,1,0,1,186.6,3,0,1,1,0
1,27,4,5,0,1,49.14,2,1,0,0,0
3,23,1,5,0,1,56.88,2,1,0,0,0
0,26,11,3,1,1,75.31,3,1,1,0,0
2,18,5,3,0,0,36.81,12,1,0,1,0
3,47,11,5,1,0,1.26,7,0,0,0,0
2,26,10,3,0,0,53.24,11,0,1,0,0
5,18,5,3,0,1,36.79,1,1,0,0,0
0,26,9,3,1,0,36.98,1,1,0,0,1
0,24,6,4,1,1,23.59,5,1,0,0,0
1,28,7,4,1,1,32.73,4,1,1,0,0
1,41,1,2,1,0,29.94,3,1,1,0,0
3,25,1,5,0,0,55.48,2,1,1,0,0
0,33,3,2,1,0,6.38,5,0,0,0,0
0,42,1,4,0,1,158.29,1,1,0,0,0
7,36,1,2,0,1,236.51,1,0,0,0,0
9,20,12,3,1,1,82.25,7,0,0,0,0
0,29,8,1,1,0,47.14,8,1,0,0,0
6,18,3,2,1,1,29.45,7,1,0,0,0
1,23,8,5,1,1,25.79,13,1,0,0,0
0,49,11,2,1,1,204.35,1,1,0,1,0
4,40,11,3,1,1,200.11,8,1,0,0,1
4,25,11,2,1,0,67.57,1,0,0,0,0
2,37,9,1,1,1,91.58,4,0,0,0,0
0,20,8,3,0,1,21.58,8,1,1,1,0
0,37,4,3,0,1,119.5,6,1,0,1,0
6,18,9,1,1,1,16.56,5,1,1,1,0
1,33,9,2,0,0,4.62,5,1,1,1,0
0,35,3,2,0,1,50.01,12,0,0,0,1
2,28,1,1,1,1,31.02,3,1,0,0,0
5,28,2,3,0,1,90.51,1,0,0,0,0
14,35,12,5,1,1,633.01,1,0,1,0,1
4,35,4,5,1,1,75.42,7,1,1,0,0
6,28,9,5,1,0,24.44,9,0,1,0,0
3,34,1,2,0,1,95.81,0,1,1,0,0
0,31,9,3,0,0,63.81,0,0,1,0,0
8,25,4,1,0,0,131.25,1,0,0,0,0
9,32,12,4,0,0,277.75,4,0,0,0,0
0,40,11,5,0,1,46.9,6,1,1,0,0
4,22,12,1,1,1,33.51,3,1,1,0,1
6,41,1,1,0,0,407.52,1,1,0,0,0
4,17,3,1,1,1,25.72,8,1,0,1,0
9,45,4,2,0,1,659.62,2,1,0,0,0
6,19,9,5,1,0,56.55,2,0,0,1,0
3,32,10,5,1,0,104.93,7,1,0,0,0
3,27,5,2,1,0,67.53,11,0,0,0,0
1,31,9,1,0,0,89.54,2,1,0,0,0
1,30,9,1,1,0,61.56,13,1,0,0,0
2,21,6,5,0,0,41.83,3,0,0,0,0
10,21,8,3,1,0,138.72,1,1,0,1,0
4,24,1,4,1,1,48.26,2,0,0,0,0
6,34,9,1,1,0,213.64,2,0,0,0,0
7,34,5,1,1,0,29.44,12,0,0,0,1
12,26,11,5,0,0,241.92,2,0,0,0,0
0,20,3,5,0,1,22.98,4,1,0,0,0
10,31,4,4,0,1,231.9,2,1,0,0,1
1,21,4,4,0,1,56.2,0,0,1,0,0
5,40,11,2,1,0,242.96,8,0,1,0,0
4,36,1,1,0,0,166.17,1,0,1,0,0
6,27,12,5,1,0,115.5,0,1,0,0,0
5,28,10,2,1,0,37.42,0,1,0,0,0
9,49,8,3,0,0,955.88,2,0,1,0,0
2,29,8,2,0,1,68.44,5,1,0,0,1
1,36,2,4,1,1,81.12,10,1,0,0,0
4,20,6,5,0,1,38.75,3,0,0,0,0
0,29,5,3,1,1,30.08,4,0,1,1,0
2,23,6,3,0,1,39.15,8,0,0,0,0
2,48,2,1,0,0,352.89,8,0,1,0,0
2,18,3,1,0,0,25.85,1,0,1,0,0
9,23,3,5,1,1,110.48,2,1,0,0,1
5,24,9,3,1,0,73.88,3,1,0,0,0
0,32,7,5,1,0,61.72,6,1,0,1,0
0,25,10,3,0,1,41.71,3,0,0,1,0
3,34,10,1,0,1,51.09,6,0,0,0,0
0,23,6,5,1,1,95.47,0,0,0,0,0
3,32,1,4,1,1,83.92,7,1,0,0,1
6,24,9,5,1,1,69.02,13,0,0,0,0
2,42,2,5,1,1,39.44,4,1,1,0,0
4,17,4,2,0,1,29.46,1,0,0,0,0
2,24,7,3,1,0,43.2,7,1,0,0,0
0,23,4,5,0,0,44.63,4,0,0,1,0
3,19,11,4,1,1,21.34,5,1,1,0,1
0,25,6,2,1,1,25.96,5,0,0,1,0
1,46,11,2,1,0,39.91,2,1,1,0,1
0,24,12,1,1,0,71.63,3,1,0,0,0
6,17,11,4,1,0,32.81,3,0,0,0,1
0,39,12,5,1,0,91.68,2,1,0,0,1
5,32,10,1,0,1,128.7,4,0,0,0,0
1,25,6,2,1,0,39.51,5,1,0,0,0
6,17,9,5,1,0,46.81,2,1,0,0,0
3,31,12,1,1,1,60.97,13,0,1,0,0
13,18,10,1,0,0,95.14,6,0,0,0,0
0,45,9,2,1,1,145.7,10,0,0,0,0
12,28,10,5,0,0,288.98,1,1,0,0,0
1,21,11,3,1,1,21.53,9,0,0,0,0
6,19,7,4,1,1,44.95,4,1,0,0,1
0,30,6,4,1,0,16.29,0,0,0,1,0
9,45,5,5,0,1,659.62,7,1,0,0,0
7,36,8,1,1,1,237.29,5,0,0,0,0
6,37,9,2,0,1,226.23,5,0,0,0,0
3,17,1,2,0,0,92.34,2,0,0,1,0
0,18,3,1,1,1,31.28,4,1,1,0,0
0,56,11,1,0,1,514.34,5,0,0,0,1
5,38,7,1,0,0,224.87,13,1,1,0,0
2,25,8,3,0,1,43.98,3,1,1,1,0
1,18,10,2,0,0,32.3,3,0,0,1,0
9,23,8,5,0,1,16.67,2,0,0,0,1
1,30,11,2,1,1,39.98,4,0,1,0,1
6,32,2,5,1,1,12.06,4,0,0,0,1
3,23,12,4,1,1,29.95,2,1,1,0,0
0,27,7,4,0,1,43.12,8,1,0,0,0
2,45,6,5,0,1,305.79,3,1,0,1,0
0,19,9,2,1,0,19.33,4,1,0,1,0
0,25,11,4,1,0,33.23,10,1,0,1,0
6,36,2,3,0,0,24.26,4,0,1,0,1
8,54,5,2,1,0,1637.38,13,1,0,0,0
0,43,12,1,1,1,123.18,3,1,0,0,0
8,28,7,4,0,0,171.43,1,1,0,0,0
6,42,9,5,0,1,12.69,0,1,1,1,0
0,41,2,1,1,1,22.99,6,0,0,0,0
0,47,4,4,0,1,240.67,2,1,0,0,0
1,21,5,2,1,0,28.22,2,1,0,0,1
6,29,6,3,1,1,87.99,5,1,1,1,0
3,40,1,4,0,0,205.45,6,1,1,0,0
9,37,3,3,1,0,21.78,2,1,1,0,0
5,22,2,4,0,0,55.01,6,1,1,0,0
4,21,11,1,0,1,50.73,6,1,0,0,1
5,19,4,2,0,1,41.27,2,1,0,0,1
2,33,11,4,0,1,97.2,2,1,0,0,1
1,59,4,5,1,1,559.31,0,1,0,0,1
1,31,12,1,0,0,89.54,7,0,0,0,0
7,20,9,5,0,1,47.65,6,1,1,0,1
1,18,4,3,1,1,80.62,1,1,0,1,0
8,23,1,2,1,0,87.01,3,1,0,1,0
7,19,2,5,1,0,67.22,2,0,0,0,0
0,51,8,1,1,1,240.86,4,1,0,1,0
0,38,7,4,1,1,69.87,2,1,1,0,1
0,36,3,5,1,1,67.83,1,0,0,0,0
8,41,7,5,1,0,7.82,3,0,0,0,1
2,30,2,3,0,0,93.45,3,0,0,0,0
0,56,12,5,1,1,359.29,9,1,0,0,0
6,26,5,2,0,1,70.11,2,1,1,0,0
6,40,9,2,0,1,243.09,6,1,1,0,1
6,31,3,4,0,0,139.66,8,0,1,0,0
0,40,3,1,1,1,84,10,1,0,0,0
4,21,11,3,1,1,37.7,5,1,0,0,1
0,23,2,3,1,1,21.57,1,1,0,0,0
5,19,11,5,1,1,63.8,3,0,1,0,0
7,33,6,3,0,1,186.7,9,1,0,0,1
3,37,8,1,0,1,152.92,5,0,0,0,0
5,24,10,5,0,0,81.11,1,0,0,0,0
0,22,5,3,0,0,40.78,3,1,0,1,0
7,20,8,1,0,1,63.89,6,1,1,0,1
5,28,5,4,0,1,96.46,8,1,0,0,0
0,50,6,3,1,0,31.61,3,0,0,0,0
4,21,5,2,0,1,42.43,10,1,0,0,0
0,21,12,2,1,0,23.04,1,1,0,0,0
3,22,6,3,0,1,40.76,6,1,0,0,0
6,42,3,1,0,0,360.13,3,1,1,0,0
0,37,10,1,0,1,103.36,9,1,0,0,0
4,18,12,2,0,1,32.29,6,0,0,0,0
0,19,4,2,1,1,84.97,5,1,0,1,0
0,23,6,4,1,0,62.2,3,0,1,0,0
1,38,1,1,0,1,104.2,7,1,1,0,0
1,25,9,3,1,1,31.05,3,1,0,1,0
8,24,2,2,0,0,99.76,11,1,1,0,1
4,19,7,5,1,0,39.3,9,1,0,0,0
3,18,10,2,0,0,36.27,2,0,0,0,0
2,21,7,1,0,0,41.28,3,1,0,1,0
2,44,2,4,1,0,245.32,12,1,0,0,0
0,18,8,4,1,1,13.7,7,1,0,0,0
0,33,3,3,1,1,42.46,9,0,1,0,0
9,34,6,5,0,1,258.26,5,1,0,0,0
2,49,10,4,0,0,87.56,10,0,0,0,0
2,42,11,1,0,0,58.42,7,1,0,1,0
0,39,7,4,1,1,71.25,11,1,1,0,0
0,20,5,5,0,0,30.13,4,1,0,0,1
3,38,3,3,0,0,213.3,12,0,0,0,0
8,26,4,3,1,0,123.44,7,0,1,1,0
4,42,6,3,1,0,296.46,7,0,0,0,0
1,38,2,5,1,1,96.91,1,0,0,1,0
12,29,9,3,0,0,315.7,3,1,0,0,0
7,29,6,4,0,0,164.36,3,1,0,0,0
2,54,2,2,0,1,23.48,2,1,0,0,0
11,26,12,4,1,0,258.47,7,1,0,0,0
0,46,10,4,0,1,179.81,10,1,1,0,0
6,19,4,4,0,0,47.74,1,1,1,0,0
0,22,3,2,0,0,35.27,11,0,0,0,0
3,34,5,5,0,1,95.81,8,0,1,0,0
10,28,12,1,1,0,95.05,7,0,0,1,0
6,34,10,3,0,1,201.83,4,1,0,1,0
6,37,5,1,0,0,289.61,1,1,0,0,0
5,17,3,3,1,1,32.11,6,1,0,0,0
1,44,7,4,1,1,160.24,1,0,0,0,0
8,38,4,5,0,1,320.04,10,1,0,0,0
6,26,3,1,1,1,85.77,7,1,1,0,0
6,53,9,2,1,0,25.86,10,0,0,0,1
11,45,6,5,0,0,1096.36,3,0,0,0,0
4,21,1,2,1,1,74.01,1,0,1,0,0
1,23,1,2,1,1,25.79,5,1,0,0,0
11,22,4,1,0,0,171.44,1,1,0,1,0
0,30,4,2,0,1,56.22,1,1,0,0,0
4,26,8,1,1,1,46.86,9,0,1,0,0
7,26,4,5,0,1,98.38,4,1,0,0,0
1,34,6,5,1,1,87.53,4,1,1,0,0
3,42,5,1,0,1,219.84,4,1,1,1,0
7,39,3,5,0,1,248.43,14,1,1,0,0
6,26,6,3,0,1,86.34,2,0,0,0,0
7,21,9,2,0,0,80.35,4,0,0,0,0
5,23,10,3,1,0,67.53,9,1,0,0,0
5,40,5,1,1,0,301.03,9,0,0,1,0
12,18,10,1,0,0,110.26,1,1,1,1,0
2,21,8,4,0,0,41.83,5,0,0,0,0
12,29,8,2,1,1,50.16,1,1,0,0,0
1,39,2,2,0,0,178.96,3,1,0,0,0
2,24,8,1,1,1,33.74,0,1,0,0,0
4,34,1,1,0,0,74.75,9,1,0,0,1
5,22,12,3,1,0,61.71,0,1,0,0,0
3,27,8,2,1,1,62.59,0,1,0,0,0
6,18,5,5,1,1,40.31,1,1,0,1,0
5,18,11,5,1,0,34.83,0,1,1,0,0
6,26,3,1,0,1,70.11,1,0,1,0,0
6,19,7,3,0,0,47.74,1,0,1,0,0
3,37,8,3,0,0,158.95,7,1,1,0,0
1,53,5,1,1,0,84.11,1,1,0,0,0
7,22,7,5,0,1,70.35,7,0,0,0,1
3,40,6,2,0,1,202.37,10,0,0,0,1
13,19,1,3,1,1,153.6,14,0,0,0,0
9,57,11,1,0,1,1762.61,8,1,0,0,0
6,34,6,4,1,0,214.92,1,1,0,1,0
7,27,3,5,0,1,107.54,6,1,0,0,0
1,29,1,4,0,1,58.66,1,1,0,0,0
9,30,5,2,0,0,59.06,6,1,0,0,0
3,37,4,1,0,1,152.92,2,0,0,0,0
14,26,6,4,0,0,321.6,10,0,0,0,1
2,45,7,3,1,1,88.03,2,1,0,1,0
4,34,11,3,0,1,109.17,3,1,1,0,0
8,17,3,2,0,1,40.32,4,1,1,0,0
6,38,1,5,0,1,200.15,2,0,1,0,0
6,27,7,5,1,0,32.34,1,1,0,0,0
4,37,12,3,0,1,25.98,12,0,1,0,0
0,35,3,5,1,1,62.21,1,0,0,0,0
6,32,10,5,1,0,65.28,7,1,1,1,0
11,20,9,3,0,0,123.7,6,1,0,0,0
8,23,5,5,1,0,115.5,7,1,0,0,0
12,22,5,4,0,1,98.54,9,1,0,0,1
5,18,9,3,0,0,15.45,9,0,0,0,0
7,18,8,4,0,1,47.77,7,1,0,0,0
1,18,11,3,1,1,13.62,1,0,1,0,1
9,29,10,2,0,1,166.69,1,0,0,0,0
8,23,8,2,0,1,85.68,7,1,0,0,0
0,43,9,1,1,1,28.25,5,0,0,0,0
4,31,1,4,1,0,114.97,3,1,0,0,0
4,32,12,5,1,1,7.27,6,1,1,0,0
7,23,5,5,1,1,68.36,8,0,1,0,1
1,37,10,1,1,1,71.79,7,0,1,0,0
3,25,4,4,1,0,46.97,6,1,1,0,1
0,21,12,1,0,0,27.91,6,0,0,0,0
0,27,11,5,1,1,42.93,4,0,1,0,0
6,18,9,2,1,1,41.03,0,1,0,0,1
15,37,7,5,0,0,20.52,2,1,0,0,1
3,34,8,5,0,0,151.06,2,1,0,0,0
4,30,2,2,0,0,121.33,7,0,0,0,0
0,27,1,4,0,1,43.12,2,1,0,0,0
12,17,9,4,0,0,109.73,3,0,0,0,1
6,22,11,5,0,1,50.13,6,1,1,0,1
3,39,10,2,1,0,156,4,0,1,0,0
2,34,8,2,0,1,103.56,2,0,0,0,0
10,21,2,4,0,0,118.88,5,0,0,0,0
3,28,1,2,0,0,83.78,5,1,1,1,0
8,34,4,5,0,0,335.47,3,0,0,1,0
6,18,6,4,1,1,41.03,6,1,0,0,1
0,37,4,5,1,0,1.78,7,0,0,0,0
6,38,9,5,1,1,191.34,12,1,1,0,0
0,32,9,3,0,1,56.28,3,0,0,0,0
7,23,8,4,0,1,76.99,3,0,0,0,1
6,26,2,4,0,1,88.4,1,1,0,0,1
3,41,1,2,0,1,178.88,8,1,1,0,1
0,23,4,1,1,0,28.27,12,0,0,0,1
0,32,2,1,0,1,54.41,9,1,1,0,0
6,25,6,1,1,1,61.29,13,0,1,0,0
6,31,7,2,0,1,134.36,7,0,0,0,0
4,35,10,4,0,0,187.71,12,1,0,0,0
4,33,12,5,0,0,148.12,1,1,1,1,0
9,19,8,4,0,1,67.95,4,1,0,0,0
3,19,5,1,0,1,31.79,1,1,0,0,1
0,18,9,3,1,1,13.7,5,1,0,0,0
2,28,8,2,0,0,78.32,8,1,0,0,0
8,61,8,3,0,0,2210.67,8,1,1,0,0
0,34,2,3,0,1,92.22,0,0,0,1,0
0,51,3,3,1,1,17.48,8,1,1,0,0
0,29,3,4,0,0,5.06,13,1,0,1,0
0,28,5,1,1,1,27.37,0,0,1,0,0
8,25,1,5,0,0,106.57,3,1,1,0,0
10,24,6,1,0,0,155.81,3,1,0,0,0
0,49,4,5,1,1,203.13,7,0,0,0,0
0,25,8,1,0,1,36.08,11,0,0,0,0
2,34,8,5,1,1,66.25,1,0,1,0,0
5,47,1,3,0,0,605.93,3,1,0,0,1
6,26,2,2,0,1,70.11,0,1,1,0,0
1,21,8,2,0,0,29.81,1,1,1,0,0
3,60,8,3,0,1,1022.95,2,1,0,0,0
0,42,9,1,0,1,162.07,7,1,0,0,1
2,44,5,2,1,1,33.71,7,0,0,1,0
6,43,3,5,1,0,461.32,5,1,0,0,0
5,19,10,3,1,1,51.48,4,1,1,0,1
3,19,8,1,0,0,45.95,1,0,0,1,0
0,29,7,1,1,1,74.97,5,0,0,0,0
4,19,3,3,0,0,86.25,5,1,0,0,0
12,18,3,3,1,0,124.76,4,0,1,0,1
0,65,9,3,0,1,1184.13,2,1,0,1,0
12,23,12,3,0,0,184.9,2,1,0,0,0
5,43,1,1,0,1,338.72,7,1,0,0,1
7,31,7,5,0,0,226.59,2,0,0,1,0
6,29,12,4,0,1,60.03,2,0,0,0,0
2,18,8,2,1,0,25.08,5,1,0,0,0
0,29,12,3,1,0,48.26,0,1,0,0,1
1,25,1,3,1,1,30.86,2,0,0,0,0
5,27,10,5,1,1,75.44,12,1,0,0,0
0,20,8,2,1,0,17.09,2,0,1,0,0
0,26,1,1,0,0,50.5,4,0,0,0,0
7,27,3,4,0,0,66.76,5,0,0,0,0
8,25,2,4,0,0,151.75,6,0,0,1,0
1,18,6,3,0,1,21.82,4,0,0,0,0
0,27,9,2,0,1,35.85,9,0,1,0,1
2,22,5,2,0,1,35.77,8,0,0,0,0
2,21,11,1,0,0,34.78,10,0,1,0,1
0,38,5,3,1,1,80.55,2,1,0,0,0
3,29,8,3,0,0,79.17,3,0,1,0,0
4,18,2,2,1,0,35.87,2,0,0,0,0
11,34,1,4,0,0,348.55,1,0,1,0,0
0,48,12,5,0,1,261.48,1,0,0,0,0
11,38,10,2,0,0,700.79,1,1,0,1,0
0,29,10,5,1,1,29.9,3,1,1,0,0
6,22,9,3,1,1,57.65,8,1,0,0,0
1,21,6,5,0,1,29.36,1,1,0,0,1
1,48,4,4,0,0,381.42,3,1,0,0,0
8,32,9,4,0,1,194.95,4,0,0,0,1
5,31,12,1,1,0,137.49,12,1,0,0,0
1,34,5,1,0,0,134.51,1,1,0,1,0
6,18,8,1,0,0,22.18,11,0,0,0,1
4,33,11,2,0,0,128.12,5,1,1,0,0
0,32,4,5,1,1,47.92,8,1,0,0,0
4,34,8,5,0,0,176.23,1,1,0,0,1
0,43,12,1,1,1,84.79,5,1,0,0,0
4,43,12,5,1,1,36.29,11,0,0,0,0
8,27,7,2,1,1,129.81,4,0,0,1,0
12,34,1,4,0,0,489.12,11,0,0,0,0
7,33,4,2,1,1,182.95,10,1,0,0,0
2,26,1,2,1,0,33.17,3,0,0,0,0
0,25,9,1,1,1,90.49,3,1,0,1,0
4,43,2,3,0,1,290.33,5,0,0,0,0
0,28,5,4,0,1,47.12,7,1,0,0,0
0,35,6,3,1,1,92.29,2,1,0,0,0
0,44,3,2,1,0,171.53,0,1,0,0,0
4,18,6,2,1,0,35.87,0,1,0,0,0
3,44,4,4,0,0,354.8,2,1,0,0,0
2,34,3,1,1,1,74.02,1,0,1,1,0
0,30,4,3,0,0,50.54,5,1,1,0,0
4,23,9,1,0,1,50.83,3,0,0,0,0
6,17,2,4,1,1,29.69,6,0,1,0,0
0,26,5,5,1,1,28.22,7,0,0,0,0
3,38,11,1,1,1,141.06,2,0,0,0,1
4,22,9,1,1,1,33.51,1,0,1,0,1
6,33,2,1,0,0,45.84,6,0,1,0,1
9,21,11,3,1,0,115.3,6,1,0,0,0
13,23,6,4,1,1,179.2,2,0,1,0,0
0,36,5,2,1,1,31.3,0,1,1,0,0
8,26,11,2,0,0,116.53,3,1,1,0,0
11,25,12,3,1,0,47.75,2,1,0,0,0
6,25,11,2,0,1,80.85,2,1,0,0,1
9,17,11,1,0,1,56.59,7,1,0,0,0
4,19,6,4,0,0,45.29,12,1,0,0,0
2,28,2,1,1,1,88.72,4,0,0,0,0
0,34,5,2,1,0,8.87,2,0,0,0,0
0,30,8,1,1,0,21.51,5,1,0,0,0
1,18,2,5,1,1,82.51,5,1,0,1,0
0,32,9,3,1,0,61.35,13,1,0,0,0
5,27,6,4,1,0,96.58,10,1,0,0,0
8,40,11,3,0,1,308.26,4,1,1,0,0
1,31,5,5,0,0,85.54,5,1,1,0,0
4,39,4,5,1,1,180.56,2,0,0,1,0
0,21,3,1,1,1,18.11,1,0,0,1,0
1,18,1,4,0,1,25.23,13,0,0,1,0
3,19,10,2,0,0,40.69,3,1,0,0,1
4,47,1,4,0,1,415.39,5,0,0,0,1
1,54,9,4,1,1,365.6,1,0,0,0,0
2,18,4,2,1,0,20.49,2,1,1,1,0
5,50,6,4,0,0,711.86,1,0,1,1,0
1,27,7,2,1,0,44,11,0,0,0,0
2,45,7,2,0,1,79.27,3,1,0,0,1
0,22,2,5,0,0,35.27,3,1,0,0,0
1,30,4,5,0,1,74.07,4,1,0,1,0
12,47,7,2,0,0,1475.89,3,1,0,0,0
6,23,3,5,0,0,86.5,1,0,0,0,1
2,24,6,3,0,0,17.23,3,0,1,0,0
1,20,9,2,0,1,26.82,9,0,0,0,1
10,21,4,5,1,0,137.89,9,0,0,0,0
0,23,2,2,1,1,39.7,1,0,0,0,0
10,34,1,1,1,0,44.23,5,0,0,0,0
12,22,3,3,1,0,70.76,0,1,1,0,1
1,23,7,5,0,1,34.36,5,0,0,0,0
4,25,2,5,0,1,60.82,0,1,0,0,0
6,27,8,1,1,1,79.83,11,1,1,0,1
12,19,6,1,0,0,38.65,6,1,0,0,0
0,27,9,2,1,1,11.98,4,1,0,0,0
0,30,6,5,1,1,40.21,2,1,0,0,0
10,20,1,5,0,0,108.56,1,1,0,0,0
0,22,10,2,0,0,28.64,1,1,1,0,0
0,27,3,3,1,1,30.84,0,1,0,0,0
4,49,11,1,0,0,612.88,5,0,0,0,0
5,28,3,5,1,1,4.51,7,1,0,1,0
2,21,3,1,1,1,36.58,6,0,1,1,0
0,49,11,3,0,0,363.57,10,0,0,0,0
2,21,4,1,0,1,33.46,2,1,0,0,1
11,38,10,1,0,1,473.48,1,1,0,0,0
6,44,6,5,0,1,410.02,0,0,0,0,0
12,37,5,4,0,0,633.86,1,1,0,0,0
4,41,5,5,0,1,251.03,5,0,0,0,1
4,31,8,1,1,1,91.95,0,0,0,0,1
0,24,10,3,1,1,47.49,11,0,0,0,0
3,45,11,5,1,1,27.02,2,1,0,0,1
2,28,12,5,0,1,70.74,4,1,0,1,0
6,28,10,3,1,1,98.6,4,0,0,0,0
2,20,7,5,1,0,37.15,0,0,0,0,0
10,29,11,1,1,0,283.74,4,1,0,1,0
2,47,7,4,1,0,30.6,1,1,0,0,0
0,26,12,4,0,1,39.45,2,0,0,0,0
0,33,10,2,1,0,86.61,12,1,0,1,0
8,48,3,3,0,1,603.33,7,0,1,0,0
0,48,10,2,0,1,261.48,1,0,0,0,0
4,33,1,3,0,1,100.08,11,1,1,0,0
2,21,3,1,0,1,33.46,2,1,0,0,1
7,20,4,4,0,0,75.13,10,1,0,0,1
6,26,2,2,0,0,110.53,11,1,0,0,0
3,24,12,4,1,1,40.35,11,0,0,0,0
7,20,11,4,1,1,57.51,3,1,0,0,0
6,32,2,4,0,1,150.15,10,0,0,0,1
9,22,10,1,0,1,57.31,8,1,0,0,1
7,28,12,1,0,0,150.45,5,1,0,0,0
1,31,1,2,1,1,52.82,3,1,0,1,0
6,45,3,4,1,1,81.54,0,1,1,0,0
6,22,2,2,0,1,48.96,3,1,1,0,0
0,25,2,4,1,1,25.8,1,1,0,0,0
0,18,1,1,0,1,48.8,1,1,0,0,0
8,18,11,1,0,1,45.25,10,0,1,0,1
8,30,8,4,1,0,215.38,12,1,0,0,0
6,28,7,1,0,1,119.24,7,1,0,1,0
2,19,6,4,1,1,21.47,1,0,0,0,0
4,24,1,1,0,1,95.23,12,1,1,1,0
6,29,1,3,1,0,114.63,0,0,1,0,1
0,24,12,4,0,0,34.29,10,1,1,0,0
5,41,9,2,0,0,357.64,11,1,0,0,0
6,43,6,4,1,1,294.36,1,1,1,1,0
2,19,6,4,1,0,22.31,3,1,1,0,0
3,35,8,3,0,0,164.74,3,0,0,0,0
6,35,1,2,1,0,232.98,7,1,0,0,0
5,61,6,2,0,1,1195.12,4,0,1,0,1
3,27,4,4,0,1,15.08,5,1,0,0,0
0,44,12,3,0,1,187.34,4,0,0,0,0
8,44,11,1,0,1,532.36,1,1,0,0,0
4,46,12,1,0,0,552.53,0,0,0,1,0
6,29,11,1,1,1,87.99,9,0,1,1,0
8,26,6,3,1,0,123.44,1,1,1,1,0
2,56,1,5,1,1,83.06,1,1,1,0,0
7,22,12,1,0,1,55.79,1,0,1,0,0
13,27,6,4,1,1,36.8,2,0,0,0,0
5,32,5,5,1,1,95.19,8,1,1,0,0
9,20,3,2,1,1,98.57,12,0,0,0,0
8,24,3,3,0,0,99.76,5,1,1,0,1
3,47,12,2,0,0,526.99,4,1,0,1,0
4,27,9,2,0,1,56.24,5,1,1,1,0
18,31,3,4,1,0,1142.51,2,1,1,0,0
4,27,4,1,1,1,19.52,7,1,0,0,0
5,43,4,4,0,1,96.11,10,1,0,0,1
8,29,12,2,0,0,175.81,3,0,1,1,0
6,17,1,1,0,0,56.61,9,1,0,1,0
3,31,5,3,0,1,73.74,2,0,1,0,0
0,25,8,1,0,1,36.08,3,0,0,0,0
0,34,9,4,1,0,30.74,1,1,0,1,0
1,40,6,5,0,0,182.95,1,1,1,1,0
6,21,11,1,1,0,54.74,1,1,1,0,0
6,34,7,3,1,0,174.51,0,1,1,1,0
13,40,11,5,0,0,955.82,2,0,0,0,1
12,18,12,5,0,1,93.37,1,1,0,0,0
0,27,12,2,1,0,45.12,3,0,0,0,0
6,30,9,4,1,0,150.6,9,0,0,0,0
4,19,8,4,0,1,35.37,2,0,0,0,0
4,22,10,1,1,1,41.27,4,1,0,0,1
6,22,1,4,1,1,2.26,1,0,1,0,1
4,17,5,1,1,1,98.95,3,0,1,0,0
2,26,4,4,1,1,41.32,5,1,0,0,1
3,19,3,3,0,1,31.04,6,0,0,0,0
4,39,8,5,1,1,92.25,8,0,1,0,0
8,37,2,2,0,1,293.72,4,1,0,0,0
6,22,3,2,1,0,32.09,7,0,0,0,0
5,22,5,1,0,0,67.75,2,1,0,0,0
0,23,9,1,1,1,21.57,4,0,0,0,0
2,29,2,5,0,0,87.61,1,1,0,0,1
0,18,6,1,0,1,62.29,1,1,0,0,0
3,21,3,2,1,1,98.21,3,1,0,0,1
8,21,11,4,0,1,59.46,1,1,1,0,1
2,23,8,5,0,0,57.94,5,1,0,1,0
2,54,3,5,0,0,727.4,8,1,0,0,1
5,31,9,4,1,0,45.2,6,0,1,0,0
0,24,1,2,1,0,30.2,0,0,0,0,0
12,24,5,2,1,0,264.64,2,1,0,0,1
2,19,7,4,0,1,32.86,1,0,0,1,0
8,28,10,4,0,0,171.43,3,0,0,0,0
3,24,10,4,1,1,40.35,1,0,0,0,0
0,19,12,1,1,1,15.01,0,1,0,0,0
6,29,8,4,0,1,112.67,6,1,0,0,0
7,33,9,5,1,0,62.31,1,1,0,1,0
2,57,5,5,1,1,560.18,6,0,0,1,0
4,39,8,3,0,0,214.97,10,1,1,0,0
5,23,9,3,0,1,57.92,5,1,0,0,0
4,25,8,3,0,1,87.63,6,1,1,0,0
6,21,9,4,0,0,70.52,0,0,0,0,0
11,20,6,3,0,1,64.1,2,1,1,0,0
0,29,10,3,1,1,37.04,4,0,0,1,0
9,31,2,3,0,0,254.46,3,0,0,0,0
4,22,9,1,0,0,81.54,0,0,0,1,0
2,28,12,2,1,1,49.35,8,1,0,0,1
6,60,3,4,0,0,1937.38,3,1,0,0,0
3,22,5,1,0,1,47.13,6,0,0,1,0
2,20,8,5,1,0,30.28,5,0,0,1,0
0,37,1,5,0,1,83.93,0,1,1,0,0
0,30,5,4,0,1,45.65,6,1,1,0,0
0,32,12,2,1,1,47.92,8,1,0,0,0
1,42,5,2,1,0,144.1,6,0,1,0,1
6,27,2,1,0,0,120.82,3,1,0,0,0
7,20,3,1,0,1,57.32,1,0,0,0,0
12,34,8,4,0,0,489.12,3,0,0,0,0
2,33,7,3,1,0,79.6,1,0,1,0,1
7,17,12,1,1,0,41.81,4,0,0,0,1
2,34,8,4,0,0,124.45,8,1,1,1,0
4,22,9,4,0,0,59.46,6,0,0,0,0
5,34,8,4,1,1,113.31,11,0,1,0,0
8,38,1,5,0,1,370.02,4,1,0,1,0
5,25,8,3,0,1,98.32,3,1,0,0,1
0,47,5,2,1,1,11.99,2,0,0,0,0
7,28,8,4,0,0,150.45,10,0,0,0,0
0,17,7,4,0,1,17.48,1,1,0,0,0
4,29,12,2,0,0,7.98,8,0,0,0,0
0,31,1,4,1,1,35.65,4,1,1,0,0
4,38,9,5,1,1,136.98,6,0,1,0,1
6,18,9,4,0,0,44.61,2,1,1,0,1
1,26,10,4,1,1,28.05,2,0,1,0,1
6,18,12,2,0,1,34.04,2,1,1,0,0
0,19,2,4,1,0,19.21,10,0,0,0,0
5,26,10,2,0,0,97.01,7,0,0,0,0
10,32,10,1,1,1,293.6,1,0,0,0,1
9,18,5,2,0,1,62.02,5,1,0,0,0
12,26,5,5,0,1,47.32,12,0,0,0,0
0,40,12,4,1,1,77.59,3,1,1,0,0
6,44,3,1,0,1,32.53,7,0,0,1,0
6,24,1,3,1,1,69.43,8,0,0,1,0
6,36,11,3,1,0,254.01,8,0,0,0,0
6,29,8,5,1,0,12.81,4,1,1,1,0
0,48,9,4,0,1,261.48,2,1,0,0,0
6,37,8,4,0,0,17.93,8,1,0,0,0
2,46,3,4,1,1,231.94,2,1,0,0,1
3,23,5,4,0,1,36.22,11,1,1,0,0
7,19,1,4,1,0,67.22,1,1,0,0,0
2,28,7,2,1,0,61.71,7,1,0,0,0
0,17,3,3,0,1,80.15,1,1,1,0,0
1,19,5,2,0,0,24.85,11,1,1,0,0
4,20,5,4,1,1,33.83,6,0,0,1,0
7,34,8,1,0,0,254.64,3,0,0,0,0
9,28,4,5,0,0,195.33,0,0,0,0,0
11,19,3,4,0,0,91.7,9,0,1,0,0
0,26,2,1,0,0,58.39,7,1,0,1,0
7,18,9,4,1,0,50.12,14,0,1,1,0
6,31,10,5,0,1,109.09,4,1,1,0,0
6,21,11,4,1,0,97.4,4,0,1,0,0
2,46,4,3,1,1,40.82,4,1,1,0,1
5,26,6,5,1,0,88.36,9,0,0,0,0
5,59,5,2,1,0,1430.4,9,1,0,0,0
4,32,4,4,1,0,125.49,10,0,0,0,0
2,29,8,1,1,1,52.66,8,0,0,0,0
3,45,8,5,1,0,18.12,9,0,0,0,1
0,28,5,1,1,1,54.81,0,1,1,1,0
3,46,1,3,0,0,419.41,0,1,0,0,0
3,49,5,3,0,0,436.74,8,1,1,0,0
1,19,12,4,1,1,17.95,3,1,0,0,0
2,25,8,1,0,0,56.3,2,1,1,1,0
9,26,7,2,0,0,132.78,3,1,1,0,0
4,32,12,5,0,1,112.95,3,0,0,0,0
4,19,7,2,1,1,25.08,7,1,1,1,0
0,45,10,3,0,1,203.71,2,1,0,0,0
6,18,6,3,0,1,34.04,3,1,1,0,0
1,49,11,5,0,1,262.76,5,0,1,0,0
17,21,6,1,0,0,303.54,11,1,0,0,1
1,21,11,2,1,1,66.07,0,1,0,0,1
6,18,5,2,1,1,33.32,6,0,1,0,1
16,18,12,5,1,0,249.24,5,1,1,0,0
0,27,3,2,1,1,25.04,1,1,1,0,0
10,40,5,5,0,1,492.92,2,0,0,0,0
8,21,11,2,0,0,91.56,7,1,0,0,0
12,45,12,2,0,0,88.68,7,1,1,0,0
0,42,10,2,0,1,10.96,2,1,1,0,0
4,18,3,3,0,0,41.33,2,0,0,0,0
3,32,7,5,1,1,68.14,1,1,1,0,1
1,26,3,5,0,0,46.72,8,0,1,0,0
12,29,6,5,0,1,200.24,4,1,1,0,0
6,25,8,3,0,1,78.97,4,0,0,0,0
6,24,8,4,0,1,72.2,3,1,0,0,0
5,24,3,4,1,0,13.09,3,1,1,1,0
13,27,6,5,0,0,62.48,7,0,0,0,0
9,31,5,2,1,0,287.94,3,1,0,0,1
6,29,2,2,1,1,110.28,9,1,0,0,1
0,46,6,3,0,1,46.05,9,1,0,0,0
0,30,12,2,0,0,83.22,6,1,0,1,0
0,32,7,5,1,1,47.92,14,1,0,0,0
5,28,1,5,0,1,92.68,2,1,0,0,1
2,34,11,1,1,0,84.81,1,0,1,0,0
0,26,12,2,1,0,36.34,11,1,0,1,0
8,20,11,3,1,1,57.18,0,1,1,0,1
3,29,3,3,0,1,76.16,0,1,0,0,0
11,37,11,4,0,1,352.83,1,0,1,0,0
3,20,6,5,0,1,34,10,1,0,0,0
0,21,1,4,1,1,17.89,4,0,0,0,0
4,26,10,5,1,1,57.71,9,0,0,0,0
5,48,5,1,0,1,502.25,4,1,0,0,0
4,32,6,3,1,0,101.89,1,1,1,0,0
3,43,9,5,0,1,254.8,1,0,0,0,0
3,34,1,2,0,1,95.81,13,0,1,0,0
4,50,9,4,0,1,422.1,3,1,1,0,0
5,27,5,3,1,0,91.82,2,1,0,0,0
4,26,9,4,0,1,66.5,1,0,0,0,0
1,18,9,5,0,0,22.68,6,0,1,0,0
6,27,1,5,0,1,96.63,9,1,0,0,1
0,49,12,3,0,1,284,12,0,0,0,0
2,24,6,3,1,0,43.2,10,1,0,0,0
1,19,2,4,0,1,23.91,1,1,0,0,0
0,27,11,5,1,0,39.48,6,0,0,0,0
5,23,11,4,1,0,67.53,1,0,0,0,0
9,27,12,5,0,1,113.37,7,1,1,0,0
3,38,10,3,1,0,28.05,2,0,0,0,0
2,20,4,1,1,1,47.76,7,1,0,0,0
7,29,11,4,0,0,133.45,4,1,1,0,0
1,38,12,2,1,1,96.33,1,0,0,0,0
4,19,7,3,0,1,40.9,3,1,0,1,0
7,45,7,2,0,1,520.17,6,1,0,0,1
3,24,6,4,1,1,32.77,7,1,1,0,0
0,38,9,5,0,1,112.62,9,1,0,0,0
2,24,4,1,0,1,43.85,2,1,0,0,1
13,24,10,3,0,1,146.2,3,0,1,0,0
7,18,12,2,1,1,47.92,9,1,0,0,0
2,40,10,4,0,0,222.06,1,1,0,0,0
6,28,5,2,1,1,98.6,6,0,0,0,0
5,27,11,1,0,1,84.81,7,1,0,0,1
9,30,3,2,0,0,84.42,3,0,1,0,1
10,34,3,4,0,0,89.76,0,1,1,0,1
2,18,11,3,0,1,24.87,2,1,0,0,0
1,21,2,4,1,1,17.59,1,1,1,1,0
0,24,7,3,1,0,30.39,6,1,0,1,0
2,25,10,3,0,1,38.04,10,0,1,0,0
4,18,1,1,1,0,36.73,0,1,0,0,1
1,19,8,5,1,1,62.34,3,0,0,0,0
3,19,6,2,1,0,33.06,5,0,0,1,0
15,22,3,4,0,0,207.8,4,1,1,0,1
8,28,9,5,0,0,83.94,9,1,1,1,0
6,45,5,1,1,1,436.4,4,1,0,0,1
7,28,10,5,0,0,154.04,2,1,0,0,1
7,21,3,4,1,0,65.46,6,0,1,0,0
2,20,5,2,1,0,30.67,4,0,0,0,0
5,29,8,5,0,1,98.88,8,0,0,0,0
9,40,7,4,1,0,612.04,9,1,0,0,0
2,23,7,2,1,1,40.52,5,1,0,1,0
4,34,12,5,0,1,109.17,1,1,1,0,0
0,26,12,5,1,1,22.91,13,0,1,0,0
0,23,1,1,0,1,34.86,1,1,0,1,0
0,28,4,2,1,0,43.15,2,1,0,0,0
4,28,4,4,0,0,101.69,6,1,0,0,0
1,27,7,2,1,0,98.61,6,0,1,0,1
6,48,12,4,0,1,572.29,7,0,0,0,0
3,30,7,5,1,0,47.14,4,0,0,0,0
0,53,10,3,1,1,288.6,8,1,0,0,1
6,17,3,2,1,0,51.5,1,0,0,1,0
2,53,2,4,0,1,591.59,4,0,0,1,0
12,32,11,3,1,1,52.68,11,0,0,0,0
6,39,6,5,1,1,92.48,2,1,0,0,0
0,19,8,3,0,1,19.46,7,0,1,0,0
5,20,2,4,0,0,45.89,0,0,1,0,0
4,33,7,3,0,1,123.25,7,0,0,0,0
4,17,4,3,0,1,34.06,1,1,0,1,0
9,22,3,4,0,0,114.21,1,0,0,0,0
0,35,6,4,0,1,86.98,3,1,0,0,0
0,34,6,2,1,1,46.32,1,1,1,0,0
3,41,5,4,0,1,202,1,1,1,1,0
3,21,12,5,0,0,48.8,2,0,0,0,1
4,21,10,4,1,0,47.14,2,0,0,0,0
2,26,10,5,0,0,61.55,5,1,1,1,0
6,23,12,5,0,0,84.48,3,0,0,0,0
6,55,9,5,1,0,1248.81,1,0,0,1,0
4,26,11,5,1,1,57.71,12,1,0,0,0
0,30,3,4,1,1,40.21,4,0,0,0,0
5,17,7,2,1,0,31.78,8,0,1,0,0
2,17,10,1,0,0,29.05,2,0,0,0,0
6,21,6,2,1,0,4.53,1,0,1,0,0
0,17,3,3,0,1,17.48,1,1,0,0,0
0,26,5,1,0,1,37.03,3,0,1,1,0
0,21,8,1,0,1,20.44,5,1,1,0,0
5,27,12,2,1,1,75.9,5,1,0,1,0
2,18,5,4,1,0,25.08,7,1,0,0,0
0,31,3,5,0,1,61.39,0,0,0,0,0
4,32,9,2,0,0,117.41,10,1,1,0,0
9,22,11,2,1,0,129.23,2,1,0,0,1
2,47,6,1,1,1,204.67,1,1,1,0,1
1,54,12,2,1,1,365.6,4,0,0,0,0
4,24,6,1,0,1,56.93,1,0,0,0,1
0,32,6,3,1,0,61.35,10,1,0,0,0
10,41,4,5,0,0,644.9,4,0,1,1,0
3,38,7,4,0,0,1.07,9,0,0,0,1
6,20,5,4,1,1,28.35,1,1,0,0,1
1,25,2,5,1,1,25.06,4,0,1,0,0
3,40,5,5,0,1,164.32,10,1,1,0,1
1,47,6,4,1,0,213.98,11,0,1,0,0
6,24,6,3,0,0,92.43,2,0,0,0,0
7,23,4,4,0,0,88.24,6,1,0,1,0
8,45,3,2,0,1,578.89,10,1,0,0,0
0,41,7,4,0,1,145.44,4,1,0,0,0
7,31,1,2,0,1,153.09,4,0,0,0,0
4,21,12,4,0,1,62.34,2,0,1,1,0
9,27,9,4,0,0,183.02,11,0,0,0,1
6,31,5,3,0,1,155.34,13,1,0,1,0
4,26,5,5,0,1,54,7,1,1,0,0
1,21,9,4,1,1,17.48,10,1,1,0,0
0,40,8,2,1,1,95.55,5,0,0,0,0
4,45,11,2,1,0,381.52,6,0,0,0,0
4,23,12,2,0,1,77.33,4,0,0,1,0
3,18,12,4,1,0,29.99,3,1,0,0,0
0,20,8,4,0,1,22.98,5,0,0,0,0
2,40,7,4,1,1,111.63,6,0,1,1,0
0,61,6,4,0,1,748.41,8,1,0,0,0
1,40,3,3,0,1,176,7,1,0,1,0
0,22,10,1,1,0,95.86,1,1,1,0,0
6,26,2,3,0,1,86.34,2,1,0,0,0
0,31,10,3,0,1,46.08,14,1,0,0,0
4,17,1,5,0,0,43.6,9,1,0,1,0
0,19,10,1,1,1,15.01,7,0,0,0,0
2,23,4,4,0,1,31.79,4,1,1,0,0
0,28,4,2,0,0,56.63,0,1,1,1,0
3,23,9,4,1,0,38.34,2,0,1,0,0
6,19,10,5,1,0,57.55,6,1,0,0,1
3,19,4,3,1,0,68.42,2,1,1,0,1
5,55,10,5,1,1,39.37,5,0,0,0,0
0,35,3,4,1,0,12.88,2,0,0,0,0
12,22,7,1,0,1,152.59,10,1,0,1,0
0,46,6,3,1,1,159.34,4,1,0,1,0
3,34,12,5,1,0,14.66,4,1,0,0,0
2,20,8,1,1,1,96.57,1,1,0,0,0
6,33,5,2,0,0,204.86,2,1,0,0,0
5,18,6,4,1,0,38.7,1,1,0,0,1
6,20,11,1,1,1,48.09,5,0,0,0,0
1,23,4,3,0,1,34.36,1,0,0,0,0
10,41,12,4,0,0,703.37,14,1,0,0,1
0,33,6,2,0,1,73.12,15,1,0,0,0
2,26,1,3,0,1,41.59,6,0,1,0,0
3,35,4,4,0,1,96.46,6,1,0,1,0
7,42,3,2,0,1,456.42,1,0,0,1,0
3,31,11,5,1,1,31.47,10,1,1,0,0
0,47,12,5,0,1,240.67,3,0,0,0,0
4,24,2,4,1,1,40.12,9,1,1,0,1
0,56,4,5,1,1,56.19,8,0,0,1,0
0,32,9,5,1,0,62.82,0,1,0,0,1
0,34,11,5,1,1,46.6,8,0,1,1,0
3,20,9,2,1,1,22.97,2,0,1,1,0
0,51,11,4,1,0,248.87,5,0,1,0,0
14,19,1,2,0,0,138.9,4,0,1,0,1
0,29,1,2,0,1,51.48,10,1,0,0,0
7,39,8,1,1,0,326.7,0,1,1,0,1
2,25,3,5,0,1,38.94,3,1,1,0,1
8,21,6,2,0,1,71.52,1,1,0,0,0
7,27,3,4,0,0,111.79,6,0,1,0,0
8,20,12,5,0,1,65.32,0,0,0,0,0
0,17,5,4,0,1,16.41,11,0,1,1,0
2,18,5,1,1,0,25.08,7,1,0,0,0
4,27,2,4,1,1,63.09,8,1,0,0,0
1,34,8,4,1,0,70.91,6,1,1,0,0
0,28,11,2,1,0,43.15,1,0,0,0,0
3,21,9,3,1,1,7.81,5,1,1,0,0
9,25,4,2,1,0,169.23,6,1,0,0,1
3,36,7,5,0,0,179.61,8,1,0,0,0
0,31,7,2,1,1,35.65,0,0,1,0,0
0,42,10,1,0,1,128.53,1,1,1,0,0
8,43,8,2,0,1,69.96,6,1,0,0,0
0,26,2,2,0,0,41.01,6,0,1,0,0
9,32,2,4,0,1,92.17,1,0,0,0,0
0,51,10,3,1,0,53.4,1,1,1,0,0
2,27,7,1,1,0,2.94,10,0,0,0,0
11,17,12,1,0,1,73.47,2,0,0,0,0
4,34,11,4,1,0,149.38,2,1,0,0,0
0,24,5,2,0,0,5.76,5,0,0,0,0
2,28,3,3,0,1,50.86,12,1,1,0,1
7,17,11,2,0,0,57.13,7,0,0,0,1
0,25,11,1,1,0,9.29,8,1,1,0,1
8,29,2,4,0,0,187.28,3,1,0,0,0
4,24,1,2,0,1,1.05,11,1,0,0,1
2,31,1,1,1,0,80.39,1,0,0,0,0
3,20,9,4,1,1,28.29,8,0,0,1,0
6,38,5,2,0,1,246.5,5,0,0,0,0
8,24,11,5,1,1,101.07,1,0,0,0,1
0,19,7,3,1,1,21.27,4,0,1,0,0
8,21,4,3,0,1,71.52,1,1,0,0,0
2,29,2,1,0,1,66.84,4,0,0,0,0
12,32,3,3,1,0,426.3,0,1,1,0,0
3,22,6,1,0,0,52.18,10,0,0,0,0
0,23,3,2,1,1,17.51,2,1,1,0,0
3,23,9,5,1,0,92.75,3,1,0,0,0
3,32,2,5,1,0,104.93,13,0,0,0,0
6,26,8,1,1,0,29.22,10,1,1,0,0
0,56,12,4,0,0,643.09,12,1,0,0,0
3,20,7,3,0,1,27.61,0,1,1,0,0
0,21,3,3,1,1,14.62,11,1,1,0,0
6,30,3,1,1,1,95.52,10,1,1,0,0
3,18,11,5,1,0,29.99,1,1,0,0,0
9,31,12,2,0,0,254.46,5,1,0,0,0
0,39,7,4,1,1,71.25,6,1,1,0,0
6,25,8,4,0,1,78.97,1,0,0,0,0
0,26,12,1,0,1,25.89,1,1,0,1,0
1,25,6,1,1,1,30.86,0,1,0,0,0
6,18,11,5,1,1,41.03,7,0,0,0,1
0,21,9,1,0,1,20.44,7,0,1,0,0
0,33,9,3,1,1,74.58,10,0,1,0,0
10,17,11,2,0,1,52.35,9,1,1,0,0
0,44,9,1,1,0,171.53,5,0,0,0,0
1,48,4,4,0,1,241.92,7,0,1,0,0
7,39,2,5,0,0,401.03,4,1,0,0,1
7,40,10,5,0,0,426.53,6,0,0,0,0
0,24,3,1,1,1,76.66,8,1,0,1,0
0,31,2,4,0,1,51.03,7,0,1,0,1
6,25,9,1,0,1,78.97,1,1,0,0,0
11,25,3,4,1,1,185.77,0,0,0,1,0
9,26,2,2,1,0,67.21,8,0,1,0,0
0,36,2,2,1,1,29.46,5,0,0,0,0
6,28,2,2,1,0,104.93,6,1,1,0,1
0,22,8,4,1,1,19.71,6,1,0,0,0
11,21,8,1,1,0,168.84,1,1,0,0,1
6,22,1,4,0,0,62.68,6,0,1,0,0
4,20,4,3,0,1,97.65,7,1,0,0,1
0,17,9,4,0,0,29.38,5,1,1,0,0
1,22,1,3,1,0,30.17,10,0,0,0,0
0,18,5,2,1,1,13.7,4,1,0,0,0
3,30,9,4,1,0,88.05,2,1,0,0,0
2,33,8,3,1,0,95.74,11,0,0,0,0
6,29,8,5,0,0,147.68,1,1,0,0,1
6,21,7,1,0,0,72.2,3,1,0,0,1
3,36,3,1,0,0,69.69,5,1,1,0,1
6,27,8,4,0,1,94.38,15,1,0,0,0
0,23,9,4,1,1,17.51,2,1,1,0,0
12,42,4,4,0,1,876.7,3,1,0,1,0
5,50,3,2,0,0,776.39,1,0,0,0,1
8,18,7,4,0,1,54.43,1,1,0,0,0
10,19,9,3,1,0,114.97,11,1,0,0,0
8,22,8,1,1,0,85.7,0,1,1,0,0
0,19,10,2,0,1,17.04,4,1,1,0,0
1,28,11,3,1,0,54.96,6,1,1,0,0
2,36,10,1,0,0,161.39,6,1,0,0,1
5,22,10,1,0,1,55.21,3,1,1,0,0
3,23,9,4,1,1,37.76,3,1,0,0,1
4,40,6,4,1,1,196.63,2,0,0,1,0
9,21,5,3,0,0,120.62,0,1,0,1,0
0,26,10,2,1,1,28.22,9,0,0,0,0
0,39,8,3,0,1,122.68,11,0,0,0,0
0,46,3,2,0,1,221.45,10,0,0,0,0
1,23,6,2,1,0,26.81,0,1,1,0,0
2,29,12,1,1,0,67.41,2,0,0,0,0
6,51,1,5,1,0,83.57,12,1,0,0,0
4,28,6,4,1,1,68.94,1,1,0,0,0
6,18,7,1,1,0,41.65,3,0,1,0,0
6,18,4,2,1,1,79.6,3,0,0,0,0
6,19,11,5,1,1,44.95,1,1,0,0,1
0,50,5,5,0,1,250.39,3,1,1,0,0
0,34,11,5,1,0,93.41,6,0,1,0,1
0,31,6,2,0,1,61.39,12,0,0,0,0
6,38,10,2,0,0,364.84,3,0,0,1,0
3,51,6,4,0,1,67.4,6,0,0,0,0
8,46,4,5,1,0,80.82,2,0,1,0,0
0,27,11,5,0,1,49.86,3,0,0,1,0
8,44,7,5,0,0,566.57,2,1,1,0,1
10,23,4,2,0,1,71.16,14,1,0,1,0
4,25,3,4,0,1,50.56,8,1,1,0,1
5,52,10,4,1,1,635.56,6,0,0,0,0
3,21,11,3,0,1,37.23,8,0,0,0,0
0,24,12,3,1,1,23.59,8,1,0,0,0
10,53,9,2,1,0,2159.16,5,1,0,0,0
2,24,2,3,0,0,54.83,12,1,0,0,0
2,28,9,3,0,0,80.19,7,0,0,0,1
6,20,12,2,1,0,23.79,3,1,0,0,0
0,38,10,4,0,1,112.62,6,1,0,0,0
2,22,6,5,0,1,35.77,6,0,0,0,0
4,31,9,2,0,0,132.47,3,1,0,0,0
4,18,3,1,0,0,41.33,3,0,0,0,0
0,30,3,3,0,1,65,5,1,0,1,0
0,37,4,3,0,1,103.36,1,0,0,0,0
11,23,11,4,1,1,158,3,0,0,0,1
4,30,8,3,1,1,82.75,2,1,0,1,0
0,25,9,5,0,1,36.08,3,1,0,0,0
0,20,12,4,1,1,4.61,2,1,1,0,0
5,38,4,2,1,0,68.07,2,1,0,0,0
9,22,12,1,0,0,36.08,1,1,0,0,0
10,44,6,3,0,0,884.84,4,1,0,0,0
0,48,8,2,0,1,212.31,4,1,1,0,0
5,27,3,4,0,1,95.76,1,1,0,1,0
0,33,7,1,0,0,93.6,1,1,0,0,0
0,38,1,5,0,1,56.52,5,0,1,0,0
11,17,12,5,0,1,75.22,2,0,0,0,1
2,21,9,5,1,1,63.14,11,1,0,0,0
6,17,9,1,0,0,50.13,0,0,0,0,1
8,19,7,1,1,1,62.79,10,1,0,0,0
6,38,6,3,0,0,315.56,8,1,0,0,0
9,38,4,4,0,0,466.85,9,1,0,0,0
3,19,7,4,1,1,23.71,7,0,1,0,0
7,28,3,4,0,0,154.04,4,0,0,0,1
4,31,2,4,0,1,97.15,6,0,1,1,0
6,19,12,5,0,1,45.93,8,0,0,0,0
6,27,11,2,0,0,98.1,7,0,1,0,0
3,32,10,4,1,0,104.93,5,1,0,0,0
6,31,1,3,0,1,134.36,7,0,0,0,0
4,45,6,3,0,0,48.6,9,0,0,0,0
2,26,3,2,1,1,60.72,10,0,0,0,0
12,20,11,3,1,0,146.23,1,1,1,0,0
3,25,1,5,1,0,58.66,7,1,0,0,0
0,41,10,1,1,1,84.47,2,1,1,0,0
2,22,10,3,0,1,29.05,4,1,1,0,0
13,20,10,1,0,0,15.02,10,1,0,0,0
0,54,9,5,1,0,81.1,9,0,0,0,0
6,18,4,4,0,0,49.05,1,1,1,0,0
6,33,3,4,0,0,192.32,3,1,1,1,0
5,42,1,1,0,1,304.05,1,1,0,0,0
12,33,11,4,1,0,572.89,4,0,0,0,0
6,19,8,4,1,1,19.37,5,1,0,0,0
0,52,4,4,0,1,294.96,6,0,1,0,0
6,49,3,1,0,1,621.59,3,1,0,0,0
9,28,8,5,0,0,195.33,5,1,0,0,0
2,42,9,2,1,0,212.24,9,0,0,0,1
1,26,6,2,1,0,43.2,3,1,0,0,0
3,39,9,1,0,1,181.5,4,1,0,0,0
3,47,8,1,1,1,301.44,4,0,0,0,1
5,36,7,1,0,0,238.76,5,0,0,0,1
6,27,1,4,1,0,115.5,9,1,0,0,0
9,18,6,1,0,1,51.56,10,0,1,0,1
1,18,5,2,1,1,16.38,2,1,0,0,0
0,26,7,4,0,0,44.39,7,0,0,1,0
0,22,12,4,0,1,27.55,6,1,0,0,0
7,33,4,4,0,1,171.18,3,0,1,1,0
0,21,10,1,1,1,93.91,10,0,0,0,0
8,22,8,3,0,0,102.62,9,1,0,0,1
4,33,7,4,1,1,106.96,2,1,0,0,0
4,42,5,2,0,0,341.6,3,0,0,0,0
8,30,3,3,1,0,215.38,3,1,0,0,0
9,35,7,4,1,0,408,9,0,0,0,1
5,31,12,3,1,0,137.49,8,1,0,0,0
2,19,1,2,0,0,34.88,3,0,0,0,0
6,17,12,2,1,1,36.79,1,1,0,1,0
2,29,12,5,0,1,55.57,12,1,1,0,1
7,34,5,3,1,1,78.47,6,1,0,1,0
5,31,12,1,1,1,107.4,12,0,0,0,0
0,42,8,2,1,1,3.3,9,0,1,0,0
0,39,8,1,0,1,122.68,2,1,0,0,0
4,37,11,5,0,0,257.89,5,0,0,1,0
0,46,6,5,1,0,17.77,7,1,1,1,0
4,26,3,1,1,0,7.5,3,1,0,0,0
7,41,8,4,1,1,297.28,7,1,1,1,0
5,37,5,3,1,0,187.97,3,0,1,0,0
6,37,5,4,0,0,296.52,8,1,0,0,1
4,29,12,5,0,1,72.15,3,0,1,0,1
4,35,2,3,0,0,192.19,4,0,0,0,1
9,28,2,5,0,1,123.89,3,0,1,0,0
2,26,4,1,0,1,59.22,4,1,0,1,0
0,23,2,2,1,0,27.61,11,1,0,0,0
1,36,2,3,1,0,106.32,1,1,0,0,1
2,38,5,5,0,1,118.73,0,1,1,0,0
2,28,3,2,0,1,49.68,11,1,1,0,0
0,24,1,4,1,1,23.59,10,0,0,0,0
2,23,5,1,1,0,39.48,4,1,0,0,0
2,19,8,3,0,0,68.17,3,0,1,0,0
11,34,11,2,0,0,86.21,3,1,0,0,0
10,25,12,1,0,1,108.09,1,1,1,0,0
7,36,11,2,1,0,303.77,3,1,0,0,0
2,38,9,2,0,0,95.49,1,0,0,1,0
0,25,3,4,1,0,2.56,7,0,0,1,0
10,25,8,2,0,0,78.71,4,0,0,0,0
6,57,3,4,1,1,1138.95,9,1,0,0,0
2,17,7,2,0,1,22.69,13,1,0,0,0
4,25,6,3,0,1,62.27,4,1,0,0,1
4,18,12,2,0,0,94.3,5,1,1,0,0
3,20,10,5,1,1,28.79,3,1,0,0,1
12,24,7,3,0,0,164.25,1,1,1,0,0
0,49,7,2,0,0,295.21,3,1,1,0,0
2,41,7,4,0,1,33.92,9,0,1,1,0
6,44,3,4,0,0,524.9,0,1,0,0,0
0,29,8,5,1,1,8.33,1,1,1,0,0
0,22,3,1,0,1,27.55,0,0,0,0,0
4,29,12,2,1,1,81.78,7,0,0,0,0
12,19,12,5,0,1,116.22,0,0,0,1,0
6,42,12,5,1,0,423.99,3,0,0,0,0
0,23,5,2,0,1,30.15,1,1,0,0,0
2,41,12,3,1,1,148.78,2,1,0,0,0
0,32,6,5,1,1,48.21,2,0,0,1,0
0,37,1,2,0,0,132.32,6,1,0,0,0
3,22,9,1,0,0,53.43,6,1,0,0,1
12,37,6,4,1,0,809.89,3,1,0,0,0
6,24,9,3,0,0,92.43,4,1,0,0,0
4,19,10,2,1,1,40.3,1,1,1,0,0
0,21,7,2,0,0,37.25,0,1,0,1,0
2,18,1,5,1,0,25.08,1,1,0,0,0
6,34,12,3,0,1,174.57,3,1,0,0,0
2,22,2,5,1,0,36.08,8,1,0,0,0
3,28,4,1,0,0,83.78,5,1,1,1,0
2,52,2,5,0,0,566.82,11,1,1,1,0
2,25,1,1,0,1,43.98,7,0,1,1,0
7,20,9,2,0,0,59.58,6,0,1,0,0
0,33,12,5,0,1,74.86,6,0,0,0,1
5,24,9,4,1,0,73.88,2,0,0,0,0
5,28,4,1,0,1,14.09,11,1,0,0,0
5,21,4,2,0,1,62.9,1,0,0,0,0
7,18,6,1,0,1,91.78,3,0,1,0,1
8,33,8,4,1,0,89.15,12,1,0,0,0
2,20,3,1,1,1,23.51,2,1,0,0,0
9,19,2,4,1,0,96.13,5,0,0,0,0
5,35,4,2,1,0,194.82,1,1,0,0,0
3,36,4,5,0,0,179.61,6,0,0,0,0
8,24,12,1,0,0,89.22,8,0,0,0,0
1,43,4,3,1,1,4.95,7,0,0,0,0
8,17,10,4,0,1,50.85,7,1,0,0,1
5,44,10,5,0,0,460.66,7,0,0,0,0
4,28,1,2,0,1,21.79,6,0,1,1,0
6,23,1,4,0,1,54.86,7,0,1,0,1
0,56,9,1,0,0,643.09,12,1,0,0,0
3,44,7,2,1,1,186.08,1,1,1,0,0
0,26,4,1,1,0,36.12,6,0,0,0,0
0,19,5,3,0,1,84.92,6,1,0,0,0
9,27,4,5,0,0,148.6,8,0,1,0,1
0,19,11,2,0,1,4.8,5,1,1,1,0
1,22,1,3,1,1,82.51,9,1,0,0,0
3,38,1,2,1,1,137.77,4,1,0,0,0
3,36,4,1,1,0,149.41,3,1,0,1,0
3,40,4,4,1,0,20.54,3,1,0,0,0
0,27,7,2,0,1,12.91,7,0,0,0,0
8,24,6,3,1,1,27.87,1,1,0,0,0
12,20,9,1,0,1,110.1,2,0,0,0,0
0,24,11,4,0,1,26.78,2,1,1,0,0
2,22,9,1,0,0,92.1,3,0,1,0,0
10,24,7,5,0,1,140.71,5,0,0,1,0
3,23,8,5,0,1,20.8,3,0,1,0,0
7,20,5,2,1,1,71.54,2,0,1,0,0
7,24,3,3,1,1,67.02,4,0,1,0,0
3,19,7,3,0,0,39.74,4,1,0,0,0
0,37,11,3,1,0,94.64,6,1,0,0,0
2,35,11,2,0,1,112.94,2,1,0,0,0
6,26,4,2,0,0,113.17,9,1,0,0,1
0,51,8,2,1,1,245.14,4,1,0,0,1
0,41,4,2,0,1,145.44,3,1,0,0,0
0,42,8,4,1,1,91.93,8,0,1,0,0
3,41,3,1,1,0,233.21,10,0,0,0,1
4,42,12,4,0,0,90.32,0,0,0,0,0
8,45,8,5,0,0,695.7,9,1,1,1,0
2,43,11,3,0,1,209.92,1,1,1,1,0
4,20,7,5,0,1,32.21,4,1,1,0,1
5,43,9,3,0,0,397.58,13,1,1,1,0
1,23,12,1,1,1,89.14,2,0,0,0,0
2,33,7,4,1,1,60.73,8,1,1,0,0
5,30,12,5,0,1,108,6,0,0,0,0
4,51,4,1,0,0,835.2,3,1,0,1,0
6,18,3,5,1,1,32.73,12,0,1,1,0
2,24,4,3,1,0,43.46,2,0,0,1,0
11,19,11,4,1,0,57.46,4,0,0,0,1
7,22,11,1,0,1,20.99,6,1,0,0,0
2,19,10,3,1,1,46.62,9,0,1,0,0
2,41,2,3,0,1,57.63,4,1,0,0,0
4,38,6,3,0,0,197.35,11,0,1,0,0
0,19,10,3,1,1,6.54,6,1,0,0,0
2,27,4,5,0,1,45.46,5,1,1,0,0
4,35,4,4,1,1,40.19,1,0,0,0,0
3,19,6,4,1,0,32.86,4,1,0,0,0
6,26,8,5,0,0,113.17,9,1,0,0,1
6,22,7,5,0,1,48.96,4,1,1,0,0
13,37,5,1,0,0,722.25,3,1,0,0,0
6,37,12,5,1,0,224.8,9,1,1,0,0
2,25,7,2,0,0,67.46,4,0,0,0,0
12,17,12,1,0,0,107.17,7,0,0,0,0
3,32,9,3,1,1,81.97,6,1,0,0,0
5,35,2,3,1,0,158.19,3,1,1,0,0
9,29,2,2,0,1,31.76,4,1,0,0,0
0,50,6,3,1,1,96.26,11,1,1,0,1
8,20,9,4,0,0,83.62,9,0,0,0,0
2,25,8,4,1,0,48.37,12,1,0,0,1
3,45,5,5,0,1,301.38,0,0,0,0,0
1,38,9,3,1,1,78.22,8,1,1,0,0
0,34,3,4,0,0,102.11,11,0,0,0,0
6,30,8,1,1,0,150.6,1,1,0,0,0
8,22,12,2,0,0,81.38,3,1,1,0,0
8,48,8,2,0,1,617.73,5,1,1,0,1
9,27,10,1,0,0,206.66,10,1,0,1,0
6,35,12,3,1,1,147.77,3,0,1,0,0
1,26,6,1,0,0,47.84,4,0,1,0,1
5,21,4,4,0,0,63.37,8,1,0,0,1
1,34,11,4,1,0,87.34,1,1,0,0,0
2,34,3,3,1,0,104.45,5,0,0,0,0
3,31,8,1,0,1,90.82,1,1,0,0,0
5,39,6,2,0,1,14.81,3,0,1,0,0
5,38,8,4,0,1,216.33,7,0,0,0,0
0,43,9,2,0,1,26.42,3,0,0,0,0
0,22,10,2,1,1,19.71,6,0,0,0,0
6,29,3,5,1,1,87.46,2,1,1,0,0
1,22,3,4,1,1,26.85,1,0,1,0,0
6,40,4,4,0,0,303.94,11,1,1,0,0
0,28,2,1,1,1,27.37,0,1,1,0,0
2,54,2,2,1,0,559.72,2,0,0,0,0
0,18,9,1,1,1,11.12,0,1,1,0,0
6,56,12,2,1,1,873.8,3,1,1,0,1
7,47,8,3,0,0,623.89,10,1,1,0,0
6,20,11,2,0,1,50.31,3,0,0,0,0
4,31,1,4,1,1,89.81,9,1,0,0,0
8,23,9,4,1,1,56.71,7,0,0,1,0
7,23,12,1,0,0,96.26,8,1,0,0,0
3,18,6,2,1,1,23.43,6,0,0,0,0
0,26,8,5,0,1,39.45,2,1,0,0,0
6,22,5,4,0,0,79.55,8,1,1,0,0
2,30,2,1,1,1,57.51,2,0,0,0,0
2,30,9,5,0,0,108.04,2,0,0,1,0
1,20,8,5,0,1,21.27,0,0,1,0,0
5,34,10,3,1,0,54.28,1,1,0,0,0
0,26,5,5,0,0,50.5,7,1,0,0,0
0,39,3,5,1,1,72.22,2,0,0,1,0
2,18,11,4,0,0,31.83,4,1,0,0,0
6,53,2,5,0,0,1130.59,8,1,0,0,1
8,30,10,2,1,0,21.02,5,1,0,0,1
3,20,4,4,0,1,34,4,1,0,0,0
15,32,5,1,0,0,505.38,2,1,1,0,1
8,30,10,1,1,1,54.31,10,0,0,0,1
5,25,4,1,1,0,80.81,3,0,0,0,0
6,23,11,1,0,1,67.57,13,0,0,0,1
6,32,8,4,1,0,77.31,3,1,1,0,0
2,17,2,2,1,1,18.3,5,0,0,0,1
0,28,8,4,0,0,69.75,13,1,0,1,0
5,20,10,3,1,0,51.48,7,1,0,0,0
6,20,7,3,0,0,64.4,1,0,0,0,0
7,25,12,1,0,0,115.19,2,1,0,0,0
6,33,5,1,1,0,195.84,5,0,0,0,0
0,30,12,3,0,0,73.69,5,1,0,0,1
1,25,4,2,1,0,54.3,3,1,1,1,0
2,45,7,5,0,0,338.59,7,1,0,0,0
12,23,10,4,0,0,150.13,11,1,1,0,0
2,24,7,5,1,1,27.4,3,0,1,0,0
0,40,3,2,0,1,133.6,11,1,0,0,0
0,20,11,1,1,1,79.87,4,0,0,0,0
2,38,6,4,1,0,36.38,0,1,1,0,0
6,49,4,1,0,1,621.59,7,1,0,0,0
8,36,7,5,1,0,84.28,9,1,0,0,0
9,51,7,4,0,0,1387.58,1,0,0,0,0
0,36,6,3,1,1,67.83,7,0,0,0,0
5,24,5,5,0,1,60.56,10,1,0,0,0
8,29,8,2,1,0,76.04,9,1,1,1,0
7,25,7,4,1,0,90.62,5,0,0,1,0
3,30,12,3,0,1,85.16,0,1,0,0,1
4,32,8,4,1,0,48.03,3,1,1,0,0
9,32,1,5,0,0,80.24,5,1,0,0,0
4,22,7,1,1,1,32.73,12,1,1,0,0
0,22,9,2,1,1,19.71,7,1,0,0,0
0,37,6,5,1,0,94.64,4,1,0,0,0
4,34,8,5,1,1,94.74,0,0,1,0,0
0,37,11,4,1,0,4.79,2,0,0,0,0
8,27,2,3,0,1,99.5,5,0,1,0,0
6,17,12,4,1,1,38.78,4,0,1,0,0
2,27,5,2,0,1,64.73,4,0,0,1,0
2,25,12,1,0,0,9.27,1,0,0,0,0
0,23,7,4,1,1,21.57,2,0,0,0,0
2,30,10,1,0,1,12.23,5,1,0,0,0
6,24,8,1,0,1,72.2,4,1,0,0,0
6,58,6,4,0,1,1290.68,0,1,0,0,0
0,19,8,5,0,0,26.86,10,0,0,0,0
8,33,6,3,0,1,207.77,6,0,0,0,0
2,53,8,1,0,1,68.49,5,0,0,1,0
7,20,2,5,0,1,46.54,5,1,1,0,0
0,30,6,2,1,1,32.85,10,1,1,1,0
2,37,5,1,1,0,136.17,6,1,0,1,0
3,18,12,2,0,1,23.01,10,1,1,0,0
0,17,11,1,1,1,56.61,5,1,1,1,0
6,22,10,3,1,1,46.81,2,1,1,0,0
3,20,5,1,1,0,36,2,1,0,0,0
5,57,10,4,0,1,849,1,1,1,0,0
0,18,10,2,1,1,13.7,1,0,0,0,0
0,46,11,1,0,0,266.14,5,0,1,1,0
5,30,3,5,0,1,25.74,1,1,1,0,0
0,21,4,2,0,0,83.99,4,1,1,0,0
4,21,2,4,1,0,47.14,3,0,0,0,0
3,32,12,3,1,1,23.32,7,1,0,0,0
6,26,2,2,0,0,110.53,12,0,0,0,0
0,41,1,5,1,0,108.13,6,1,1,0,0
1,24,8,5,1,1,28.22,3,0,0,0,0
12,26,7,3,0,0,241.92,12,1,0,0,0
5,26,8,5,0,1,81.53,7,0,1,0,0
3,22,8,4,1,1,33.7,11,1,0,0,0
0,35,5,3,1,0,64.67,10,0,1,0,0
6,31,5,4,1,1,128.44,5,0,0,0,0
0,20,4,5,1,1,16.54,5,0,0,1,0
1,28,11,4,1,1,40.31,5,1,0,0,0
6,23,8,5,0,0,70.23,11,1,1,0,1
6,20,4,4,1,1,39.05,1,0,1,0,0
2,40,9,1,1,1,110.96,0,1,1,0,0
0,43,12,3,1,0,26.51,9,1,0,0,0
3,40,5,1,0,0,210.35,4,0,1,0,1
6,26,1,3,0,1,86.34,4,1,0,0,0
3,35,10,2,0,0,164.74,6,0,0,0,0
0,23,9,3,1,1,21.57,11,1,0,0,0
5,38,3,5,0,0,224.87,9,0,1,0,0
0,46,8,2,0,1,221.45,6,0,0,0,0
12,34,4,2,0,0,489.12,1,1,0,0,0
0,43,10,5,0,1,139.85,4,0,1,0,0
5,26,11,1,1,1,64.82,8,1,1,1,0
7,20,10,5,1,1,57.51,6,1,0,0,0
6,20,9,5,0,0,64.4,3,1,0,0,0
4,29,8,4,1,1,61.15,5,0,1,0,0
6,36,9,3,0,0,76.3,1,1,1,0,1
6,33,5,4,0,0,51.23,1,0,0,0,0
0,31,8,5,0,1,49.84,6,1,1,0,0
12,37,2,3,0,0,732.84,4,1,0,1,0
2,33,2,3,0,1,89.12,2,0,1,1,0
0,43,11,3,0,1,172.23,1,0,0,0,0
1,37,9,4,1,0,115.88,10,1,0,0,1
6,35,4,1,0,1,194.92,6,1,0,0,1
4,23,1,4,1,0,56.47,4,0,0,0,0
2,33,5,1,1,0,77.74,14,1,1,0,0
2,22,9,4,1,1,28.18,14,0,0,0,0
1,38,10,1,0,0,164.29,2,1,0,0,0
5,35,12,5,0,1,135.66,2,1,1,0,0
0,26,4,1,1,1,84.86,8,1,0,0,0
3,31,10,3,1,1,60.97,6,0,1,0,0
0,34,1,1,0,1,87.53,1,1,0,1,0
0,17,3,2,1,1,10.15,1,1,1,0,0
2,21,6,2,0,1,58.74,5,1,1,0,0
0,24,11,2,0,0,48.82,5,1,0,1,0
6,18,1,4,1,1,33.32,4,1,1,0,1
6,22,7,3,1,0,59.92,4,0,1,0,0
12,39,4,2,0,0,61.74,4,1,0,0,0
5,35,8,4,1,1,13.11,10,1,0,0,0
1,37,12,3,0,1,97.91,4,0,1,0,1
0,24,12,1,0,1,32.99,6,0,0,0,0
1,21,6,5,0,1,28.68,0,1,0,0,0
2,17,6,4,0,1,22.69,8,1,0,0,0
8,40,8,4,1,0,511.78,1,1,0,0,0
4,26,6,4,0,1,66.5,8,1,0,0,0
0,31,4,5,1,1,43.91,2,1,0,0,0
0,52,3,1,0,0,465.05,2,0,0,0,0
5,28,10,5,1,0,85.7,0,0,1,0,0
0,53,5,4,1,1,228.87,0,0,1,0,0
6,28,7,4,1,1,80.06,13,0,1,0,0
1,50,10,3,0,0,40.43,9,1,1,0,0
6,26,12,3,0,1,86.34,12,0,0,0,0
0,23,1,4,1,1,21.57,1,0,0,0,0
3,22,12,3,1,0,43.15,6,0,0,0,0
1,26,1,2,1,1,29.28,2,1,1,0,0
4,25,4,1,1,1,7.36,3,0,1,0,0
3,26,10,1,0,1,47.39,2,1,1,0,0
7,19,4,1,0,1,60.51,2,0,0,1,0
0,43,8,4,0,0,220.48,6,0,0,0,0
0,23,4,1,1,1,21.57,3,0,0,0,0
1,28,12,4,1,1,2.84,5,1,0,1,0
2,24,7,4,0,1,54.6,3,1,0,0,0
10,34,3,3,0,1,244.65,1,1,1,0,1
6,20,6,5,1,1,48.9,1,0,1,0,0
1,44,6,3,1,1,160.24,2,1,0,0,0
7,22,6,4,0,1,68.71,1,0,0,0,0
6,24,5,5,1,1,69.02,9,1,0,0,0
1,34,7,2,1,0,26.71,1,1,0,0,0
3,18,4,3,0,1,23.56,1,0,1,0,1
8,21,9,2,1,0,36.98,0,0,1,0,0
6,57,12,5,1,0,30.82,3,0,1,0,0
0,23,9,3,1,0,27.61,9,1,0,0,0
7,20,11,2,0,0,84.84,1,1,0,1,0
0,28,3,5,1,0,47.94,6,0,1,0,0
5,17,9,2,1,1,74.15,2,1,0,1,0
2,44,4,2,1,1,191.63,5,0,0,0,0
2,59,5,4,0,0,882.49,4,1,1,0,1
9,21,7,3,1,1,92.22,0,1,0,0,1
4,18,6,4,1,0,29.13,3,0,1,0,0
6,37,8,1,0,1,261.55,4,0,0,1,0
6,19,10,2,0,1,37.29,2,1,1,0,0
8,24,1,3,0,0,97.44,3,1,1,0,0
0,20,7,2,0,0,12.74,3,1,1,1,0
0,37,9,2,1,0,76.84,1,1,1,0,0
2,25,3,3,0,1,46.84,6,0,0,0,0
7,17,6,3,0,0,55.79,7,0,0,0,0
8,24,1,3,0,1,93.74,7,1,0,0,0
6,27,1,1,1,1,46.27,3,0,0,1,0
4,37,9,1,1,1,122.78,4,0,1,0,0
2,17,5,3,0,0,23.59,2,1,1,0,0
2,39,9,1,1,0,131.23,5,1,1,1,0
9,39,3,4,0,1,459.28,2,1,0,1,0
5,33,6,3,0,0,26.58,1,0,1,0,0
0,30,5,2,1,0,41.8,1,0,1,0,0
3,40,11,4,0,1,197.65,1,1,0,0,0
1,26,9,1,0,0,66.53,9,1,0,1,0
0,23,7,4,0,1,97.95,8,0,0,0,0
2,20,10,2,0,1,29.84,3,0,0,0,0
0,26,11,1,1,0,11.26,4,0,1,0,0
2,27,2,5,0,1,64.73,4,0,0,1,0
6,28,11,5,0,0,132.03,5,1,0,0,0
8,18,8,5,0,1,55.73,13,0,0,0,1
0,48,6,4,1,0,13.29,1,1,1,0,0
4,19,7,4,0,1,29.54,11,0,0,0,0
1,61,6,4,0,1,873.14,1,1,0,0,1
0,23,10,1,1,1,21.57,3,0,0,0,0
6,25,12,5,0,1,65.65,9,0,1,0,1
4,20,6,2,0,1,44.8,9,1,0,1,0
6,18,2,3,0,1,41.92,8,1,0,0,0
6,21,11,5,0,1,78.91,4,0,0,0,1
6,23,8,4,0,0,90.12,3,0,0,0,0
6,27,2,3,1,1,37.28,6,1,0,0,1
7,30,5,1,1,0,7.07,2,0,0,0,0
7,34,7,3,0,0,254.64,2,1,0,0,0
1,22,7,3,0,1,25.49,6,1,1,0,0
6,22,10,4,0,0,62.68,4,1,1,0,0
0,18,9,5,1,1,13.7,7,1,0,0,0
6,24,6,3,0,0,76.84,6,1,1,0,1
2,22,10,2,0,1,2.52,9,1,0,1,0
0,19,8,3,0,1,20.98,1,0,0,0,0
6,21,2,3,1,1,43.02,7,1,1,1,0
12,20,2,4,1,0,13.06,4,0,1,0,1
2,18,1,2,1,1,39.41,4,1,0,0,0
5,30,6,5,1,1,22.77,8,0,0,0,0
3,48,2,5,0,0,495.21,2,1,0,0,0
8,49,8,3,0,1,89.71,1,1,0,0,0
3,21,3,4,0,0,89.01,2,0,1,0,0
0,19,6,2,1,0,15.97,0,1,1,0,1
0,48,8,1,1,0,239.41,3,0,0,0,0
9,43,12,3,1,0,640.66,2,0,1,0,0
12,22,12,5,0,1,21.54,6,1,1,0,0
1,48,3,3,0,0,381.42,13,1,0,0,0
0,40,6,2,1,1,96.13,13,1,0,1,0
8,27,8,4,0,0,156.87,9,0,0,0,0
6,44,1,4,0,0,15.17,0,1,1,0,0
6,19,10,1,0,0,47.74,9,0,1,0,0
7,18,2,3,1,0,50.58,8,0,0,0,1
12,20,2,2,0,0,140.95,6,0,0,0,0
4,19,1,2,1,0,19.15,2,1,0,1,0
2,62,4,4,1,0,1060.46,9,1,0,0,0
4,23,4,1,1,1,44.11,8,1,0,0,0
0,53,3,2,1,0,360.85,2,1,0,0,0
4,34,6,4,1,1,94.74,3,1,1,0,0
12,24,3,3,1,0,56.15,1,1,0,0,0
1,25,1,5,0,1,42.09,2,0,0,0,1
3,22,4,2,0,0,52.18,1,1,0,0,0
5,31,5,2,0,0,122.57,3,1,1,0,0
12,28,6,1,0,0,234.64,8,0,1,0,0
2,20,12,2,0,1,94.05,3,0,1,1,0
0,33,6,5,0,1,30.68,8,0,0,0,0
9,34,8,5,0,0,330.62,2,1,0,0,0
4,34,8,1,0,0,161.58,1,1,1,1,0
16,28,4,2,0,0,395.54,6,0,1,0,0
6,17,4,4,1,0,1.57,6,0,1,0,1
2,53,8,5,0,1,511.69,6,0,0,0,0
3,31,3,1,1,1,75.09,4,1,0,0,0
10,18,1,5,1,1,81.97,5,0,0,0,0
7,55,11,4,1,0,1234.16,0,1,1,0,1
11,32,12,5,0,1,288.42,1,1,0,0,1
0,24,6,1,1,1,24.16,11,1,0,0,1
6,38,7,3,1,0,301.66,13,1,0,0,0
3,19,9,1,1,1,25.67,9,0,0,0,0
0,41,7,5,0,0,151.18,8,1,1,0,0
5,50,2,5,1,0,690.68,7,1,0,0,0
8,28,3,4,1,0,32.09,0,0,1,0,0
5,27,2,2,0,0,86.1,2,0,1,0,0
12,23,6,3,1,1,68.51,3,1,0,0,0
6,29,2,1,1,1,28.95,0,0,0,1,0
2,27,8,1,0,1,45.46,5,1,1,0,0
6,17,6,1,1,0,46.81,8,1,0,0,0
1,19,7,4,1,0,22.98,9,0,0,0,0
5,18,10,3,0,0,47.1,4,0,0,0,0
2,46,1,5,0,1,332.43,9,0,0,1,0
5,22,9,5,0,0,67.75,8,0,0,0,0
6,28,1,3,0,0,132.03,12,1,0,0,0
0,25,10,2,0,0,46.19,2,1,0,0,0
6,37,7,5,1,1,30.24,2,0,0,0,0
9,36,11,3,0,0,78.08,5,0,1,0,0
1,45,5,3,1,1,174.24,6,1,0,0,0
3,35,7,1,0,0,136.96,3,1,1,0,1
6,40,1,5,1,1,45.86,2,1,0,0,0
0,28,9,1,1,0,43.15,4,0,0,0,0
11,18,11,3,0,1,80.52,12,0,0,0,0
3,36,6,3,1,0,148.51,1,0,0,0,0
6,23,2,5,1,0,80.76,2,1,0,0,0
2,20,3,3,0,1,29.84,5,0,0,0,0
12,43,12,5,1,0,1357.64,5,1,0,1,0
2,19,5,2,0,0,34.88,2,0,0,0,0
2,35,12,2,0,1,112.94,6,1,0,0,0
1,19,8,5,1,1,18.06,6,0,0,1,0
0,38,2,4,0,1,91.45,8,0,1,0,0
0,38,12,3,1,1,65.41,11,1,1,0,0
2,21,9,5,0,0,33.97,8,0,1,0,0
4,33,8,3,0,0,128.12,5,1,1,0,0
12,19,10,2,0,0,128.69,4,0,0,0,0
6,19,11,3,1,1,84.21,10,0,0,0,0
0,27,2,4,0,0,56.52,11,1,0,0,1
0,39,1,2,0,0,157.05,2,0,0,0,0
0,28,1,2,1,0,35.03,1,0,1,0,0
0,47,4,1,0,1,240.67,4,0,0,0,0
6,54,8,3,1,1,894.31,14,1,0,0,0
3,29,6,4,0,1,76.16,7,1,0,0,0
4,46,4,5,1,0,51.92,4,1,0,0,0
4,27,4,4,1,1,63.09,1,0,0,0,0
0,18,7,4,1,1,11.19,0,0,1,1,0
4,36,6,5,1,0,177.61,9,1,0,0,0
8,19,12,2,0,1,55.98,2,0,1,1,0
4,25,10,1,0,0,64.73,12,0,1,0,1
2,18,8,3,0,0,31.83,13,1,0,0,0
0,24,8,4,1,0,53.08,10,1,1,0,0
1,34,12,4,0,0,116.35,12,0,0,0,0
0,36,3,4,1,0,86.83,9,1,0,0,0
6,20,3,2,0,1,50.31,4,1,0,0,0
8,20,3,2,1,0,88.05,10,1,0,0,0
0,28,5,1,1,0,35.03,2,0,1,0,0
0,46,10,2,1,0,36.89,0,1,0,0,0
0,22,10,4,0,1,27.55,4,0,0,0,0
0,36,12,1,0,0,121.4,3,0,0,0,0
9,17,2,4,0,1,65.42,4,0,0,1,0
6,21,6,4,1,0,67.41,6,1,0,0,0
6,50,8,3,1,0,825.99,7,0,0,0,0
5,21,6,5,0,0,63.37,8,0,0,0,1
5,39,11,1,1,1,214.64,8,1,0,0,0
11,21,3,1,0,1,10.33,1,0,0,0,0
4,45,2,5,0,0,4.42,0,1,0,0,0
6,46,6,5,0,0,620.49,4,1,0,0,0
3,21,4,5,0,0,47.67,8,1,0,0,0
6,30,3,3,0,0,127.91,7,1,1,0,0
9,30,3,5,0,0,189.24,5,0,1,0,0
7,31,6,1,0,1,124.31,6,1,1,0,0
1,31,2,4,1,0,67.22,4,1,0,0,0
5,27,2,1,1,1,93.79,4,0,1,0,0
12,26,5,4,0,0,279.7,3,0,0,1,0
2,23,3,3,0,1,25.23,6,0,1,0,0
0,19,10,2,1,1,15.01,9,0,0,0,0
0,25,4,4,1,1,21.45,9,1,1,0,1
0,36,10,3,0,0,124.3,3,0,0,0,1
0,26,11,2,0,1,45.61,11,0,0,1,0
9,19,2,3,1,1,76.89,2,1,0,0,1
6,22,11,5,0,0,77.2,11,1,0,0,0
0,55,4,5,1,1,269.14,1,0,1,0,0
4,19,2,2,0,1,35.56,9,0,0,0,0
10,39,7,5,0,0,669.94,4,1,0,1,0
3,30,6,2,0,0,72.82,5,0,0,0,0
13,22,2,2,1,0,264.33,10,1,0,0,1
9,31,4,3,1,0,281.23,5,0,0,0,0
8,27,7,4,0,1,122.54,1,1,0,0,0
0,26,5,5,0,0,50.5,1,0,0,0,0
0,42,12,4,1,1,113.9,5,1,0,1,0
6,42,12,2,1,1,18.9,6,0,0,0,0
0,22,11,4,0,0,35.27,1,1,0,0,0
1,28,9,1,1,1,61.04,1,1,0,0,1
3,25,10,3,1,0,46.97,1,1,1,0,1
4,36,3,3,1,0,76.98,8,1,0,0,0
8,27,3,2,1,0,11.89,11,0,1,0,0
2,23,8,5,0,0,81.05,3,0,1,0,1
3,20,10,2,0,1,34,7,0,0,0,0
1,26,3,5,1,1,27.56,3,1,1,1,0
3,18,7,2,0,0,50.37,2,0,1,0,0
0,40,9,2,1,0,122.33,2,1,0,0,0
0,19,11,1,0,0,73.24,7,1,0,0,0
9,25,8,3,0,1,94.86,11,1,1,0,0
1,22,11,3,0,1,31.39,8,0,0,0,0
6,20,1,4,1,0,3.64,7,1,0,0,1
3,17,2,1,1,1,17.36,0,1,1,0,0
5,29,11,4,0,1,80.29,4,0,1,0,0
8,36,7,3,0,0,344.99,2,1,0,0,0
6,22,5,1,0,0,77.2,3,0,0,0,0
4,28,5,2,1,1,55.98,3,0,1,0,0
6,21,10,2,1,0,53.63,3,0,1,0,0
0,45,12,4,1,1,84.29,1,1,1,1,0
0,47,9,4,1,1,139.77,1,0,1,0,0
6,43,12,3,1,1,360.36,1,0,0,0,0
4,23,3,2,0,0,65.07,4,0,0,0,0
0,46,8,1,1,1,158.39,1,1,0,0,0
0,46,8,1,1,0,26.82,13,1,0,0,0
2,21,8,1,1,1,21.03,11,1,1,1,0
0,26,1,5,1,1,28.22,4,1,0,0,0
1,40,6,2,0,0,194.88,2,0,0,0,0
9,31,11,3,1,0,233.8,6,1,1,0,1
5,24,7,3,1,0,2.74,10,1,1,1,0
4,38,2,1,1,0,73.31,13,1,0,0,1
0,38,7,4,0,1,91.45,6,1,1,0,0
4,17,6,2,0,1,29.18,6,0,1,1,0
5,38,5,2,1,0,73.92,0,0,1,0,0
5,38,4,3,0,0,27.16,3,0,0,0,0
0,37,3,3,0,1,103.36,1,1,0,0,0
6,23,12,5,0,0,68.6,4,0,1,0,0
4,18,1,3,0,1,26.22,0,1,1,0,0
0,32,11,1,1,1,66.69,7,0,0,0,1
2,18,2,2,0,0,31.83,8,0,0,0,0
1,43,2,1,0,1,226.89,9,1,0,1,0
0,32,4,3,1,1,47.92,1,0,0,0,0
6,28,5,4,0,0,132.03,0,1,0,0,0
8,23,5,3,1,1,92.38,6,1,0,0,1
12,29,2,3,0,0,46.43,1,1,0,0,0
8,32,6,2,0,0,249.57,2,0,0,0,1
5,54,1,2,1,0,45.15,1,0,1,0,0
0,28,8,2,1,1,27.37,6,0,1,0,0
2,21,3,5,1,0,32.96,5,1,0,0,0
6,19,2,1,1,1,35.65,2,0,1,0,0
0,49,12,5,0,0,363.57,7,1,0,0,0
11,35,4,3,0,0,20.03,11,0,0,0,1
3,21,8,4,1,0,40.36,0,0,0,0,1
6,37,2,3,0,1,231.63,8,1,0,0,1
5,17,10,4,1,0,39.14,10,1,0,0,0
2,34,12,1,1,1,37.18,1,1,0,0,0
8,53,12,4,0,1,1119.92,7,0,0,0,0
0,31,5,3,0,0,7.79,9,1,0,0,0
2,19,10,5,1,1,21.98,7,1,0,0,1
12,35,2,1,0,1,416.68,8,0,0,0,0
6,22,4,3,0,1,48.96,4,1,1,0,0
15,26,2,5,0,0,297.54,1,0,1,0,1
3,31,7,2,1,0,96.13,6,0,0,0,0
6,19,9,3,1,0,57.55,14,1,0,0,1
4,37,3,2,0,0,223.06,2,0,0,0,0
11,44,6,1,0,1,10.6,1,0,1,0,1
12,19,8,1,0,1,36.18,6,0,1,0,0
0,43,1,5,0,1,143.18,9,1,1,0,1
9,30,9,5,1,0,56.32,9,1,1,0,0
2,30,8,2,1,1,46.7,0,1,1,0,0
1,26,9,1,0,1,51.97,3,1,0,1,0
3,41,12,1,0,0,223.66,1,1,1,0,0
0,27,9,1,0,0,51.83,1,1,0,0,0
5,18,7,1,0,0,47.1,4,1,0,0,0
10,22,4,5,0,1,101.65,2,0,0,0,0
15,43,10,5,0,0,78.97,2,1,0,0,1
3,25,10,5,1,1,93.92,8,0,1,0,0
0,21,9,4,0,1,25.17,8,0,0,0,0
5,23,12,5,0,0,74.14,9,1,0,0,0
5,22,7,1,0,1,52.92,8,0,0,0,0
8,19,11,5,1,1,64.29,7,0,0,0,1
0,35,5,1,0,1,89.6,3,0,0,1,0
4,20,10,3,0,0,49.6,0,1,0,0,0
0,27,6,4,1,1,25.04,7,1,1,0,0
0,25,8,1,0,0,10.13,3,1,0,1,0
2,31,8,3,1,0,80.39,4,1,0,0,0
7,22,9,1,0,0,87.96,3,0,0,0,0
6,32,10,4,1,0,183.76,3,1,0,0,1
3,19,8,1,1,1,25.67,0,1,0,0,0
6,26,7,4,0,1,86.34,7,0,0,0,0
6,23,7,5,1,0,17.05,4,1,0,1,0
1,37,8,3,1,0,113.18,0,1,0,0,0
1,18,9,5,1,1,16.48,2,1,0,1,0
9,35,7,4,0,1,234.15,11,1,1,0,1
9,43,11,3,0,1,644.76,4,0,0,1,0
8,25,8,1,0,1,83.25,6,1,1,0,0
7,17,2,3,0,1,43.58,9,0,0,0,0
1,49,11,1,1,0,71.38,11,1,1,0,0
8,31,1,2,0,0,223.32,4,1,0,0,0
4,25,6,4,0,1,61.9,8,1,0,0,0
7,27,9,2,0,0,111.79,3,0,1,0,0
0,46,12,3,1,0,202.77,5,1,0,0,0
1,20,2,4,0,1,26.19,0,0,0,0,0
14,27,5,1,0,1,268.2,7,1,0,0,0
6,20,4,5,1,1,70.7,6,1,1,1,0
8,36,3,3,0,0,344.99,5,0,0,0,0
6,31,2,5,0,1,137.56,0,0,0,0,1
0,28,10,4,0,1,47.12,6,1,0,0,0
0,35,11,4,1,1,62.21,2,0,0,0,0
12,31,11,2,0,1,294.06,6,0,0,0,0
5,27,10,5,1,0,96.58,10,0,0,0,0
12,33,2,2,1,0,76,9,0,0,1,0
6,24,9,2,1,1,56.38,14,1,1,1,0
9,21,5,2,0,0,96.05,7,0,1,0,0
9,18,10,1,0,0,64.46,1,1,1,0,0
6,29,11,2,0,1,112.67,11,1,0,0,0
0,25,7,3,1,1,25.96,6,0,0,1,0
7,32,11,5,0,0,45.74,9,0,0,0,0
1,19,8,3,1,1,29.34,1,1,1,0,0
3,18,6,5,0,1,32.76,12,0,0,1,0
3,30,8,4,0,1,95.36,8,1,1,0,1
3,18,1,1,1,0,24.35,9,0,1,0,0
0,40,10,3,0,1,136.79,1,1,0,0,1
7,26,11,5,1,0,129.38,2,1,0,0,1
0,38,6,3,0,1,39.76,2,1,1,0,0
9,43,3,2,0,0,593.52,7,1,1,0,1
8,25,3,2,1,0,138.21,1,1,0,0,0
1,35,6,2,0,1,99.11,6,0,0,0,0
5,21,10,3,0,1,48.34,1,1,0,0,0
4,18,7,1,0,0,90.17,1,0,0,0,1
2,30,9,5,1,1,47.81,1,1,1,0,1
7,22,7,5,0,1,68.71,6,0,0,0,0
17,20,11,2,0,1,216.54,4,0,0,0,1
12,23,6,4,0,1,120.08,7,0,1,0,1
7,21,12,5,0,1,64.27,6,1,0,0,1
8,28,8,2,0,1,108.73,9,0,1,0,0
0,44,3,5,0,1,187.34,0,1,0,0,0
7,22,9,4,0,0,73.13,5,0,1,0,1
0,44,4,1,0,0,239.82,1,0,0,0,0
0,41,3,1,1,1,104.03,2,0,0,0,0
0,32,2,2,1,1,78.15,1,0,0,0,0
0,26,10,2,0,0,50.5,2,0,0,0,0
11,31,3,3,0,0,21.27,12,1,1,0,0
6,53,7,5,1,1,72.6,2,1,1,0,0
4,52,10,3,0,1,497.23,2,1,1,0,0
0,40,2,1,0,0,171.03,3,0,0,0,0
10,36,6,5,0,1,349.89,5,0,0,0,0
0,41,5,5,1,0,133.17,2,1,0,0,0
0,18,3,4,1,0,17.64,0,1,0,1,0
4,22,6,5,1,1,48.91,5,0,0,0,0
2,28,6,4,0,0,63.6,12,0,1,0,0
1,26,4,3,1,0,47.06,2,1,0,0,0
6,30,10,5,1,0,64.92,1,1,1,1,0
5,32,7,3,1,1,120.03,13,1,0,0,1
1,29,2,3,1,0,29.06,7,0,0,0,0
1,58,11,4,1,1,63.39,4,0,1,0,0
2,18,8,4,1,0,25.08,13,1,0,0,0
0,28,5,3,0,1,47.12,1,1,0,0,0
8,20,4,1,0,1,54.3,12,0,1,0,1
4,41,11,3,0,1,199.08,4,1,1,0,0
4,39,4,3,0,1,206.81,1,0,0,0,0
8,41,5,2,1,0,455.12,0,0,1,1,0
6,40,4,1,1,0,47.07,3,0,0,0,1
9,30,10,1,0,0,233.06,7,0,0,0,0
8,21,6,1,0,1,58.07,12,1,1,0,0
4,46,4,5,0,0,477.9,0,1,0,0,0
3,20,11,3,0,1,34,5,0,0,0,0
3,17,11,1,1,0,22.22,8,1,1,0,0
0,44,12,2,1,1,50.43,6,1,0,0,0
4,51,9,3,0,1,564.3,5,0,0,0,0
7,26,11,1,0,0,104.71,5,1,1,0,1
0,20,4,1,1,0,21.05,1,1,0,0,0
6,32,5,2,0,0,187.74,3,1,0,0,0
2,25,2,2,0,1,38.04,2,1,1,0,0
0,29,3,5,0,0,54.79,4,1,1,0,1
0,51,5,4,0,1,29.96,6,0,0,0,0
0,28,5,2,1,0,77.65,1,1,0,0,0
2,50,1,1,1,1,315.44,11,1,0,0,0
16,19,9,3,0,1,96.87,1,0,0,0,0
2,24,4,3,0,0,97.38,3,0,1,1,0
9,46,12,4,1,1,643.48,4,1,1,0,0
6,51,8,2,0,0,1084.39,5,1,0,1,0
0,29,10,4,1,1,26.01,2,0,1,0,0
6,22,6,5,1,1,46.81,3,1,1,0,0
2,40,8,5,1,1,111.63,2,0,1,1,0
2,40,10,3,0,0,256.73,14,1,0,1,0
6,26,4,5,1,1,84,0,1,0,0,0
5,22,3,2,1,1,48.2,3,1,0,0,0
0,38,2,3,0,0,144.18,2,1,0,0,0
0,50,1,3,1,1,220.56,5,1,0,0,0
9,34,2,1,1,0,296.69,1,1,1,0,0
2,23,10,1,0,1,39.15,1,1,0,0,0
8,18,10,4,0,1,62.93,0,0,0,1,0
5,55,9,4,0,0,1139.6,2,0,0,0,0
5,37,3,3,0,1,198.54,2,0,0,0,0
2,22,12,2,1,0,36.08,1,1,0,0,0
10,19,11,4,0,0,62.93,4,1,0,0,0
3,20,4,1,0,0,50.33,1,1,0,1,0
14,19,12,5,0,0,138.9,6,0,1,0,1
2,36,6,1,1,1,97.59,5,1,0,1,0
1,19,7,1,0,1,19.88,0,1,1,0,1
6,30,12,1,0,1,125.99,7,0,0,0,1
0,18,9,4,0,0,24.52,1,1,0,0,0
0,39,9,2,1,0,43.49,3,1,0,0,0
2,19,11,3,1,1,17.43,2,1,1,0,0
5,22,8,3,0,1,61.19,0,0,0,1,0
7,26,6,4,1,0,126.37,4,0,0,0,0
3,35,7,2,1,1,88.46,3,1,1,0,1
6,52,11,4,1,0,996.24,0,1,0,0,1
3,38,12,2,1,0,93.9,11,0,0,0,1
4,36,6,5,0,1,159.86,0,0,0,0,0
0,24,10,2,0,1,32.99,5,0,0,0,0
9,24,5,2,0,0,136.74,1,1,0,0,0
0,38,4,1,0,1,88.19,0,1,1,0,1
11,21,5,3,1,0,164.9,10,0,0,0,0
0,35,3,5,1,1,74.03,10,0,0,0,0
4,19,10,3,0,0,36.77,5,0,1,0,0
0,55,10,1,1,0,424.34,4,1,0,0,0
2,42,9,2,0,1,166.88,11,1,1,0,0
2,25,8,2,0,1,46.84,10,1,0,0,0
8,34,1,5,1,0,39.9,3,0,0,0,0
0,33,8,2,1,1,52.61,7,1,0,1,0
5,18,7,2,1,1,27.21,5,1,1,0,0
13,26,7,2,0,0,90.36,9,1,0,0,0
0,19,7,1,0,1,40.58,3,1,1,1,0
9,53,3,5,0,0,29.65,9,0,0,0,0
0,24,1,3,1,1,69.17,11,1,0,0,0
6,45,7,4,0,1,456.5,2,1,0,0,1
2,35,11,3,1,1,89.51,10,0,0,1,0
0,51,4,2,1,1,14.78,0,0,1,0,0
7,17,5,1,1,0,40.05,2,0,0,0,0
8,17,6,4,0,0,52.85,7,0,1,0,1
1,21,6,1,1,1,21.53,5,1,0,0,0
0,28,8,5,1,1,91.29,1,0,0,0,0
4,28,6,2,0,0,101.69,11,1,0,0,0
0,39,4,3,0,1,99.61,2,0,1,0,0
0,30,12,4,1,1,32.65,7,1,1,0,0
1,33,8,2,0,1,11.9,1,1,0,0,0
0,28,11,5,1,1,27.37,1,0,1,0,0
9,18,7,1,0,0,66,3,1,1,0,1
9,25,5,2,1,0,70.78,4,0,0,0,1
1,31,12,1,0,1,31.06,4,0,0,0,0
0,37,10,2,0,1,97.03,5,1,1,1,0
7,42,10,5,0,1,404.19,6,0,0,0,1
2,25,10,4,1,1,36.91,6,1,0,0,0
0,27,11,1,1,0,32.25,13,0,1,1,0
7,20,8,5,1,0,74.07,0,1,0,1,0
4,33,12,3,0,0,131.17,14,0,1,0,1
5,39,10,4,1,1,36.6,0,1,0,0,1
0,30,5,5,0,1,56.22,1,1,0,0,0
4,25,1,4,0,1,50.56,11,0,1,0,1
3,46,11,1,1,1,270.91,0,0,0,0,0
2,31,9,3,0,0,102.03,1,0,0,0,0
0,26,10,1,0,1,45.61,4,1,0,1,0
2,28,12,5,1,1,40.07,6,0,1,0,1
0,33,1,2,1,1,2.79,2,1,0,0,0
3,49,8,3,1,1,282.1,1,1,1,0,0
4,23,2,3,0,0,65.07,1,1,0,0,0
8,22,7,5,0,1,78.29,2,1,0,0,0
1,18,2,5,1,1,58.38,9,1,0,0,0
10,29,5,3,0,1,194.47,13,1,0,0,1
2,17,3,1,0,0,33.58,8,1,0,1,0
0,17,8,4,1,0,16,7,0,0,0,0
2,31,12,5,1,1,62.79,1,0,0,0,0
0,40,3,4,1,1,37.65,10,1,0,0,0
10,17,8,4,1,0,66.73,5,0,0,0,0
3,24,11,2,0,1,56.42,7,1,0,1,0
0,19,9,5,1,1,15.01,0,1,0,0,0
0,28,7,3,1,1,57.23,0,1,0,1,0
6,23,10,3,0,0,84.48,6,0,0,0,0
4,18,8,5,0,0,27.79,4,1,0,1,0
0,28,10,2,0,1,48.25,0,0,0,0,1
0,27,5,2,1,0,39.72,8,1,0,1,0
6,34,3,2,1,1,170.87,4,1,0,0,1
2,23,8,4,1,1,30.84,8,1,0,0,0
1,23,3,5,1,1,20.94,7,0,1,0,0
5,28,7,1,1,1,68.54,13,1,1,0,1
0,23,10,4,0,1,22.55,0,1,1,0,0
12,44,11,5,0,0,1148.84,1,0,0,0,0
0,23,1,2,0,1,24.11,2,1,0,0,0
9,27,3,4,1,1,14.07,4,0,0,0,1
9,33,6,1,0,0,303.07,0,0,0,0,0
0,60,7,3,1,1,497.53,12,1,0,1,0
5,19,6,3,1,1,36.93,4,1,0,1,0
4,53,6,1,1,0,738.09,3,1,0,0,0
3,29,2,5,0,1,34.99,2,1,0,0,0
0,23,11,4,0,1,62.76,1,1,0,0,1
12,33,2,5,0,0,364.07,2,1,1,0,0
0,34,10,5,0,0,32.39,5,1,0,0,0
4,29,5,3,1,1,61.15,14,1,1,0,0
0,24,5,2,1,1,23.59,3,0,0,0,0
3,41,5,1,0,1,174.71,1,1,1,0,0
6,22,12,3,1,0,48.37,1,0,0,0,0
4,19,3,3,0,1,36.22,4,0,0,0,1
6,53,6,5,0,0,1130.59,3,0,0,0,1
3,18,1,5,1,1,23.43,3,1,0,0,0
2,24,4,1,1,0,43.2,11,1,0,0,0
8,18,3,3,0,1,44.19,10,0,1,0,0
4,26,6,2,1,0,76.44,1,1,0,1,0
5,19,9,4,1,0,48.12,1,1,0,0,1
0,24,3,4,0,1,32.99,8,1,0,0,0
4,30,1,5,1,0,85.5,10,1,1,0,0
0,18,4,1,1,0,14.33,11,1,1,1,0
4,18,4,2,0,0,8.33,0,1,0,0,0
6,27,1,5,0,1,36.89,0,1,1,0,0
4,26,10,2,1,1,57.71,6,1,0,0,0
6,33,8,4,1,1,152.98,9,1,0,0,0
11,18,2,5,1,0,101.89,3,0,1,0,0
5,24,4,3,1,1,46.86,5,1,1,0,0
0,29,3,3,1,1,37.7,3,0,0,0,1
2,21,10,3,0,0,15.6,1,0,0,0,0
7,30,4,5,1,1,140.68,1,0,0,0,0
6,30,12,5,1,1,83.77,9,1,0,1,0
4,25,11,3,1,1,54.04,1,1,0,0,1
1,44,11,2,0,0,315.94,5,0,0,1,0
3,23,7,1,0,1,41.88,1,1,1,1,0
1,20,5,2,0,1,30.28,7,0,0,1,0
5,35,11,1,0,1,156.85,4,0,1,1,0
6,31,10,5,1,1,97.88,4,1,1,0,0
0,22,3,5,0,1,22.37,8,1,1,0,0
1,21,11,1,1,0,22.38,10,0,1,0,0
0,47,5,3,1,1,172.13,10,1,0,0,0
0,42,3,4,1,1,113.22,8,1,0,0,0
6,22,1,5,0,0,77.2,1,0,0,0,0
3,28,7,1,0,1,60.56,5,0,0,0,0
6,18,6,3,0,1,42.92,2,0,0,0,1
5,17,9,1,1,1,30.76,4,0,0,1,0
4,23,10,5,0,1,42.26,6,1,1,0,1
8,21,3,1,0,0,93.74,4,0,0,0,1
3,26,8,1,0,1,58.36,5,1,0,0,0
1,21,4,5,1,0,31.01,3,0,0,1,0
6,29,5,5,0,1,79.97,1,0,0,0,1
7,48,12,5,1,0,857.56,8,1,0,0,1
1,57,7,5,0,0,745.43,1,0,1,1,0
0,32,10,5,1,1,47.92,2,0,0,0,0
8,27,4,1,1,1,104.77,3,1,1,0,0
7,22,2,5,0,1,2.01,12,0,0,0,0
3,38,8,2,0,1,135.29,5,0,1,0,0
0,44,1,3,0,1,152.11,3,0,1,0,0
5,49,10,3,0,1,453.52,2,1,1,0,1
3,39,12,2,1,1,150.08,5,1,0,0,0
4,25,12,5,0,1,60.82,7,1,0,0,0
6,33,9,2,0,1,160.03,7,0,0,0,0
0,27,10,4,1,1,65.43,8,1,0,1,0
0,23,10,3,1,1,17.51,6,0,1,0,0
0,30,3,5,1,1,40.21,5,1,0,0,0
0,19,6,2,1,1,15.01,12,0,0,0,0
7,42,7,2,0,0,517.44,8,0,0,0,1
0,36,1,4,1,1,44.3,8,1,0,0,0
6,51,10,4,0,1,732.66,0,1,0,0,0
5,47,6,5,0,1,534.47,3,0,0,1,0
0,61,5,4,0,0,1107.71,10,1,0,1,0
3,25,2,5,0,1,11.84,2,1,1,0,0
6,26,9,4,1,0,105.67,8,1,0,0,0
0,46,3,3,1,1,89.15,6,1,1,0,1
8,41,8,2,1,1,353.39,9,1,1,0,0
6,22,10,3,1,0,73.8,4,1,0,0,0
6,42,6,1,0,0,443.52,4,0,0,0,0
0,49,12,1,1,1,203.13,8,0,0,0,0
6,27,1,1,0,1,78.46,5,1,1,0,1
5,24,4,4,1,0,35.2,2,0,0,0,0
6,23,10,5,0,1,65.99,11,0,0,0,0
6,17,3,4,0,0,48.97,4,0,0,0,0
6,23,5,2,0,0,97.67,9,0,0,1,0
0,29,7,5,1,1,36.82,5,1,0,0,0
0,37,6,3,1,1,73.93,11,0,0,0,0
14,28,2,4,1,0,439.01,11,1,1,0,1
12,18,12,4,1,0,150.98,10,0,0,1,0
6,46,12,3,0,1,484.69,9,1,0,0,0
1,22,4,3,0,0,46.47,3,1,0,1,0
8,26,9,1,0,0,143.51,1,1,0,0,0
0,21,9,3,0,0,26.16,3,1,1,0,0
0,18,3,1,1,1,11.12,6,1,1,0,0
11,23,11,2,1,0,63.27,4,1,1,0,0
1,24,4,2,0,1,43.46,6,0,0,1,0
7,18,8,5,0,1,47.77,13,0,0,0,0
0,40,10,1,1,1,95.55,1,1,0,0,0
1,32,9,1,1,1,70.27,6,0,1,0,1
6,40,12,3,0,0,73.34,1,1,0,0,0
0,32,7,1,1,1,98.41,2,1,1,0,1
4,19,3,2,0,1,40.9,10,1,0,1,0
7,19,12,5,1,0,67.22,12,0,0,0,0
4,40,11,3,0,0,288.31,0,0,0,0,0
3,30,4,4,1,1,55.85,9,1,1,0,0
2,17,11,3,1,1,44.19,1,0,1,1,0
8,42,8,2,0,0,575.85,5,1,0,0,0
4,18,8,2,1,0,29.13,1,0,1,0,0
2,48,12,5,1,0,30.58,5,0,0,0,0
0,28,1,2,1,0,43.15,3,1,0,0,0
0,28,6,4,0,1,38.26,7,1,1,0,0
0,28,12,5,1,1,33.7,3,1,0,0,0
7,19,1,4,0,1,52.33,13,1,0,0,0
5,25,3,2,0,0,72.04,0,0,1,0,0
0,20,11,5,0,1,18.66,12,1,1,0,0
5,29,2,1,1,0,115.3,9,1,0,0,0
5,26,10,4,0,0,97.01,13,0,0,0,0
0,40,12,3,0,0,160.56,4,1,1,1,0
1,17,8,4,1,1,43.83,2,0,0,0,0
2,27,7,4,0,1,55.99,9,1,0,0,0
0,26,5,5,1,0,31.01,1,0,0,0,0
1,29,9,4,0,1,47.63,8,0,1,0,0
7,28,11,1,1,0,154.55,4,0,0,0,1
7,21,8,4,1,0,19.01,2,0,0,0,0
2,23,9,5,0,1,31.79,3,1,1,0,0
0,27,5,5,1,0,39.72,8,1,0,1,0
0,40,1,4,0,1,108.48,11,1,1,0,0
2,28,6,2,0,1,50.86,2,0,1,0,1
6,33,7,3,1,1,124.96,1,0,1,1,0
4,43,2,4,1,0,330.26,7,0,0,0,1
12,30,9,5,1,0,97.96,1,1,0,0,0
8,32,6,2,0,0,281.82,6,1,0,1,0
5,36,10,2,0,0,238.76,14,0,0,0,1
9,21,12,2,0,0,104.33,1,1,0,0,0
1,22,2,2,1,1,63.16,8,0,0,0,0
14,29,6,3,0,0,419.67,5,1,0,0,1
0,17,4,2,1,1,12.5,11,0,0,0,0
2,38,2,4,1,0,147.48,10,1,0,0,0
0,34,6,2,1,1,46.32,7,0,1,0,0
7,20,10,2,0,1,66.27,2,1,0,1,0
4,25,5,2,0,0,63.22,3,0,1,0,0
9,21,5,1,1,0,115.3,14,1,0,0,0
6,26,3,1,0,0,47.26,5,0,1,0,0
0,21,6,5,0,1,25.17,8,1,0,0,0
7,23,7,3,0,1,76.99,3,1,0,0,1
1,44,4,3,1,1,130.89,8,0,1,1,0
0,22,10,2,1,1,19.71,11,1,0,0,0
4,27,4,1,0,1,72.69,6,0,0,0,0
4,27,2,3,1,1,63.09,9,1,0,0,0
1,18,7,3,1,1,16.38,4,0,0,0,0
4,42,8,1,1,0,246.46,4,1,1,0,1
8,26,6,4,0,0,116.53,10,1,1,0,0
3,26,11,2,0,1,58.36,8,0,0,0,0
6,42,4,3,0,1,325.24,9,1,1,1,0
5,17,3,4,1,1,21.63,7,1,0,0,0
9,31,6,4,1,1,219.68,11,1,0,0,0
4,27,5,4,1,1,63.09,1,0,0,0,0
6,30,8,5,1,0,150.6,3,1,0,0,0
6,22,11,5,0,0,73.67,5,1,0,0,0
5,17,1,3,0,1,38.81,11,1,0,1,0
7,38,11,2,0,1,233.51,10,0,1,0,1
0,20,3,4,0,1,22.98,0,1,0,0,0
1,40,4,3,1,1,114.27,1,1,0,0,0
6,31,6,5,0,1,111.7,7,0,1,0,1
0,32,10,1,1,0,61.35,6,1,0,0,0
0,29,12,5,0,0,76.2,7,1,0,1,0
0,33,3,5,1,1,42.46,7,1,1,0,0
7,28,1,1,0,0,141.23,0,0,1,1,0
1,18,8,4,1,0,33.68,3,1,1,0,0
0,51,5,4,1,1,9.17,5,0,0,0,1
3,26,11,3,1,0,50.16,9,1,1,0,0
1,25,10,2,0,1,41.11,3,1,0,0,0
7,21,5,1,0,0,75.43,10,0,1,1,0
3,36,5,3,0,0,183.89,11,0,0,0,1
0,33,3,4,1,0,66.89,9,0,0,0,0
5,20,1,4,0,1,45.2,3,0,0,0,1
0,20,12,4,1,0,72.53,2,1,0,0,0
4,17,4,1,1,1,25.57,5,1,0,0,0
4,43,10,4,0,1,290.33,3,1,0,0,0
10,26,12,3,0,0,186.33,2,0,0,0,0
3,18,5,2,1,1,97.64,2,0,0,0,0
0,18,6,1,0,0,25.84,10,0,0,0,0
9,18,2,2,0,0,58.92,13,1,0,0,1
1,27,7,3,0,1,56.81,2,0,0,1,0
12,18,2,1,0,0,117.45,4,1,0,0,0
10,28,9,2,1,0,10.05,5,0,0,0,0
1,23,6,3,0,1,34.36,1,1,0,0,0
14,28,11,4,0,1,300.08,3,1,0,0,1
0,32,6,1,0,0,87.83,1,0,0,0,1
6,18,3,5,1,1,40.07,13,1,0,0,0
0,24,4,4,1,1,23.74,7,1,0,1,0
6,20,5,5,0,0,62.05,3,0,0,1,0
9,18,7,4,0,0,64.46,8,1,1,0,0
0,20,1,5,1,0,54.47,3,1,0,0,0
0,20,4,3,1,1,16.83,4,1,0,0,1
14,46,6,4,1,0,83.12,6,1,0,0,1
6,23,10,5,0,1,65.99,4,1,0,0,0
6,30,6,1,0,1,64.52,2,1,1,0,0
6,45,10,2,0,0,659.91,1,0,0,1,0
7,30,12,1,0,0,145.75,7,1,1,0,0
0,23,5,1,1,1,57.68,1,1,0,0,0
2,17,5,2,1,1,90.93,7,1,0,0,0
8,31,5,3,1,0,49.62,5,1,0,0,0
0,23,11,5,1,1,95.31,1,0,1,0,0
6,28,12,4,0,1,96.82,0,0,1,1,0
10,19,1,2,0,1,77.42,8,0,0,0,0
10,24,8,3,0,1,124.61,8,1,0,0,1
12,31,3,4,1,0,390.56,5,0,1,0,0
6,32,12,5,0,1,119.08,5,1,1,0,0
5,29,4,2,1,1,26.3,7,0,1,0,0
1,33,5,2,1,0,67.24,3,1,0,0,0
8,18,6,4,0,1,45.25,7,1,1,0,1
0,32,12,1,1,0,61.35,3,0,0,0,0
3,33,12,2,1,0,117.23,10,1,0,0,1
2,44,6,2,0,1,243.23,0,0,0,0,0
0,18,10,1,0,1,15.55,0,0,1,0,0
10,24,11,1,1,0,180.73,1,0,0,0,0
4,25,8,2,0,1,49.38,0,0,1,0,0
12,24,2,1,0,0,164.25,8,0,1,0,0
9,46,3,4,0,1,717.06,3,0,0,0,0
4,21,12,4,1,1,36.82,9,0,0,0,0
6,21,8,5,0,1,55.09,13,0,0,0,0
3,33,4,2,0,0,112.44,9,1,1,0,0
4,26,6,3,1,1,57.71,3,1,0,0,0
5,19,5,4,0,0,51.6,4,0,0,0,0
3,22,12,5,1,1,95.65,4,1,1,0,0
0,33,6,3,0,1,29.31,2,0,0,1,0
4,29,8,4,1,1,61.15,6,0,1,0,0
4,22,2,1,1,0,51.6,6,0,0,0,0
8,28,1,4,1,1,144.38,4,0,0,0,1
0,55,8,2,0,0,593.29,7,0,0,0,0
4,18,12,4,1,1,83.68,14,1,0,0,0
1,29,6,4,0,1,58.66,3,0,0,0,0
0,20,11,3,0,1,93.5,5,1,0,0,0
0,49,12,3,1,1,203.13,12,1,0,0,0
4,32,5,4,0,1,112.95,5,1,0,0,0
6,24,11,2,1,0,73.45,10,0,1,0,1
6,30,6,5,0,1,99.92,9,0,1,0,0
0,28,4,3,0,1,38.26,0,1,1,0,0
0,18,8,3,1,1,88.97,0,1,0,1,0
4,27,1,3,1,1,63.47,2,0,0,1,0
9,27,9,3,0,0,183.02,1,0,0,0,1
0,18,11,4,1,1,31.77,10,0,0,0,0
4,52,10,3,0,0,802.65,2,0,0,0,1
3,25,11,2,1,1,48.85,10,0,1,0,0
9,21,8,3,0,0,84.71,3,0,1,0,0
0,32,10,3,0,1,67,4,1,0,0,0
6,21,7,3,1,1,43.7,6,0,0,0,1
8,20,3,3,1,0,69.21,6,1,0,0,0
0,20,11,1,1,1,16.44,4,1,0,0,0
3,26,8,4,1,1,48.26,8,1,0,0,0
5,22,3,2,1,0,19.65,4,1,0,0,0
2,18,3,1,0,0,32.59,3,1,0,0,1
1,33,12,5,1,1,16.46,2,0,0,0,1
5,48,1,5,0,1,407.81,6,1,1,0,0
8,22,2,3,0,1,90.52,9,0,0,1,0
0,30,1,1,1,1,32.65,3,0,1,0,0
7,20,7,1,0,1,46.54,7,1,1,0,0
10,23,4,4,1,0,137.33,7,0,1,0,1
2,22,8,2,0,1,35.77,1,1,0,0,0
4,27,7,2,1,1,51.22,3,1,1,0,0
0,25,5,3,0,0,46.19,7,1,0,0,0
1,41,4,2,1,1,124.41,11,0,0,0,0
5,46,9,2,1,0,402.73,8,0,1,0,0
7,35,5,2,0,0,277.71,4,1,0,0,0
8,29,10,5,0,0,152.06,8,0,1,0,0
4,29,7,5,0,1,86.78,4,1,0,0,0
7,22,12,1,1,0,68.38,11,0,1,0,0
6,30,2,3,0,0,161.29,11,1,0,0,1
0,34,12,2,1,1,3.14,6,0,0,0,1
5,19,12,5,0,1,41.27,0,1,0,0,1
0,19,10,5,1,1,15.01,3,1,0,0,0
0,37,9,5,0,0,132.32,4,1,0,0,0
16,20,3,3,1,0,368.38,5,1,0,0,0
0,23,12,3,1,0,22.95,2,1,1,0,1
0,40,4,2,1,1,95.55,2,0,0,0,0
11,35,3,2,0,0,468.14,2,1,0,0,0
0,42,2,1,1,1,115.92,12,0,0,0,1
2,43,6,5,1,0,90.43,2,1,1,0,1
6,28,5,3,0,0,40.19,10,0,0,1,0
0,20,1,3,0,1,22.98,1,0,0,0,0
6,43,9,1,0,0,482.57,6,1,0,0,0
6,41,11,2,0,0,338.79,1,0,1,0,1
3,26,3,1,1,1,40.12,3,1,1,0,1
1,18,12,4,1,0,86.83,2,0,0,0,0
3,26,8,1,1,0,61.78,8,0,0,0,0
1,29,4,2,0,0,86.82,6,0,0,1,0
9,33,6,4,0,1,192.23,1,1,1,0,0
6,27,6,1,0,1,96.63,7,1,0,0,1
7,33,12,4,0,0,233.43,3,1,0,0,0
10,22,9,1,1,0,37.52,7,1,1,0,0
2,41,8,2,0,0,196.29,4,1,1,0,0
0,40,8,1,0,1,133.6,7,0,0,0,0
8,19,11,3,0,0,61.98,4,0,1,0,0
0,40,2,3,0,0,171.03,5,1,0,0,0
4,27,8,3,1,1,51.22,3,0,1,0,0
0,36,11,2,0,1,94.83,10,1,0,0,0
3,34,5,5,0,1,118,7,0,0,0,0
8,28,1,4,1,0,146.57,12,1,1,0,0
2,33,9,1,0,1,77.08,4,1,1,0,0
8,27,5,5,0,0,23.22,4,0,1,0,1
0,42,10,3,1,1,113.22,9,0,0,0,0
0,21,4,5,1,0,88.39,3,0,0,0,0
9,32,1,5,1,0,314.29,6,1,0,0,1
4,19,4,2,1,1,30.7,3,1,0,0,0
0,41,8,2,0,1,145.44,1,0,0,0,0
0,23,7,5,0,1,30.15,3,0,0,0,0
0,22,7,5,1,0,25.23,9,0,0,0,0
0,42,11,5,0,0,202.64,0,1,0,0,0
4,18,11,1,0,1,33.06,2,0,0,0,1
0,22,4,5,1,1,19.82,2,1,0,1,0
0,28,11,4,1,1,33.7,8,0,0,0,0
4,32,1,3,1,1,98.02,4,0,0,0,0
2,23,7,5,1,0,32.06,1,0,1,0,0
7,20,3,1,0,1,57.32,6,1,0,0,0
6,18,11,3,0,1,34.04,6,1,1,0,0
0,27,5,5,1,0,39.48,3,1,0,0,0
8,29,12,4,0,0,187.28,9,0,0,0,0
2,48,5,5,0,1,69.24,0,0,0,0,0
3,40,10,2,1,1,164.42,11,0,0,1,0
0,48,10,2,1,0,239.41,4,1,0,0,0
7,19,5,5,0,0,67,8,0,0,0,0
4,17,8,2,1,0,26.58,0,1,1,0,0
4,28,3,1,1,0,90.36,1,0,0,0,1
0,36,7,2,0,1,77,6,0,1,0,0
4,39,12,5,0,0,264.75,8,1,0,0,0
9,31,2,3,0,0,260.53,3,0,0,0,1
3,34,6,1,0,1,95.81,12,1,1,0,0
12,21,1,3,0,0,128.31,0,1,1,0,1
0,25,2,2,1,1,20.95,0,1,1,0,0
4,26,6,5,0,0,69.13,7,0,1,0,0
0,28,4,3,1,1,33.91,7,0,0,1,0
3,17,10,4,0,0,65.09,0,0,1,0,0
6,24,7,2,0,1,72.2,8,0,0,0,0
12,22,8,3,0,0,168.96,7,1,0,0,0
5,36,6,2,0,0,233.19,1,1,0,0,0
0,29,12,2,0,1,51.48,2,1,0,0,0
5,19,8,4,0,1,63.31,5,0,0,1,0
0,25,5,3,0,1,55.68,2,1,0,0,0
6,32,8,2,0,0,152.44,4,1,1,0,0
4,18,10,2,0,1,32.29,4,0,0,0,0
6,44,11,3,0,0,51.32,5,0,1,1,0
8,22,3,3,1,1,68.54,8,1,1,0,1
4,35,4,1,1,0,133.07,1,0,1,1,0
0,24,9,2,1,1,19.27,9,0,1,1,0
8,43,1,5,1,0,535.71,3,0,1,0,0
0,45,5,4,1,1,118.31,3,0,1,0,0
0,20,4,4,1,1,16.44,4,0,0,0,0
5,39,11,3,0,0,301.67,2,1,0,0,0
9,36,5,2,0,0,402.48,9,0,0,0,1
10,37,4,5,1,0,42.96,2,1,0,0,1
0,39,9,1,0,0,127.52,12,1,1,0,0
0,25,12,2,0,0,46.19,4,1,0,0,0
8,18,1,3,1,0,73.37,10,1,0,0,0
5,18,6,3,0,0,47.1,1,0,0,0,0
6,23,11,5,0,1,65.99,2,1,0,0,0
0,56,12,4,0,1,502.35,3,0,0,0,0
2,21,5,5,1,0,26.76,4,0,1,0,0
6,21,6,4,1,0,67.41,7,1,0,0,0
15,17,3,3,0,0,23.13,10,0,1,0,0
1,22,3,1,1,0,62.65,7,1,0,0,0
2,36,3,5,1,1,97.59,3,1,0,1,0
0,33,4,2,1,0,2.86,9,0,0,1,0
5,26,2,1,0,1,75.78,1,1,0,0,0
5,35,8,2,1,0,158.19,1,1,1,0,0
0,25,4,2,0,1,36.08,1,1,0,0,0
9,39,11,2,0,0,508.54,2,1,0,0,0
0,22,8,1,1,0,52.25,2,0,0,1,0
2,17,7,1,0,1,22.69,14,0,0,0,0
2,39,3,4,1,0,131.23,7,0,1,1,0
5,19,9,5,1,1,97.95,12,1,0,0,0
4,33,12,4,1,0,136.93,8,0,0,0,0
2,22,7,1,0,0,45.79,0,0,0,0,0
4,28,5,2,0,1,79.44,6,0,0,0,0
2,26,4,2,1,1,32.96,7,0,1,1,0
9,49,10,3,0,1,28.32,0,1,1,0,1
3,19,3,1,0,1,31.79,4,0,0,0,1
3,21,12,5,1,1,18.42,6,1,0,0,0
1,53,1,4,0,0,78.99,2,1,0,0,0
5,25,1,2,1,1,63.5,2,1,0,1,0
6,23,11,2,1,0,24.11,1,1,1,0,1
3,44,12,2,0,0,14.83,0,0,0,0,1
9,31,9,2,0,0,254.46,6,1,0,0,0
0,50,3,3,0,0,320.55,7,1,1,0,0
6,25,2,1,0,1,78.97,2,1,0,0,0
0,38,9,1,0,1,91.45,3,0,1,0,0
5,40,5,4,0,1,208.37,2,1,1,0,0
6,26,2,4,0,0,89.75,1,0,1,0,0
5,36,3,3,0,1,182.16,6,1,0,0,0
7,27,1,3,0,0,25.65,12,0,0,0,0
0,35,6,1,0,1,86.98,2,1,0,0,0
1,19,7,1,0,1,27.64,1,1,0,1,0
9,23,2,1,1,0,138.13,4,1,0,0,0
0,23,4,2,1,1,17.51,0,1,1,0,0
1,20,4,4,1,1,73.39,9,1,0,0,0
3,21,3,3,1,1,25,3,1,1,0,0
5,23,9,2,0,1,15.19,6,1,0,0,0
0,46,11,2,1,1,129.38,1,1,1,1,0
6,20,8,5,1,0,51.18,3,1,1,0,1
6,19,8,5,1,1,58.64,1,0,0,0,0
1,18,4,1,0,1,8.08,2,0,1,0,0
6,26,8,5,1,1,57.01,5,1,1,0,1
2,28,2,1,1,1,87.92,4,1,1,0,0
2,18,2,1,1,0,25.08,2,0,0,0,0
9,17,6,5,1,0,80.06,10,1,0,0,0
3,27,1,2,0,0,81.67,11,0,0,0,0
4,31,9,4,1,1,82.08,6,1,0,0,0
2,31,11,3,0,0,82.85,8,1,1,0,0
0,21,4,5,1,1,18,6,1,0,0,0
7,21,8,3,0,0,66.8,1,0,1,0,1
0,23,2,3,0,1,30.15,11,0,0,0,0
1,50,6,4,1,1,219.29,5,0,1,0,1
0,27,6,5,0,1,35.01,1,1,1,0,0
6,20,2,1,0,1,50.31,5,0,0,0,0
3,20,4,3,1,0,27.92,4,1,1,0,0
2,28,4,3,1,0,48.89,9,0,0,1,0
4,31,2,3,1,1,89.81,4,1,0,0,0
7,22,9,2,1,0,78.94,1,1,1,0,0
7,27,11,4,0,1,107.54,5,0,0,0,0
1,21,4,1,1,1,22.04,2,1,0,0,1
8,23,7,3,1,1,52.29,2,0,0,0,0
3,17,6,4,1,1,94.81,6,1,1,0,1
4,27,1,4,1,1,51.22,4,0,1,0,0
0,50,12,1,1,1,179.09,0,1,1,0,0
4,40,6,4,0,0,270.66,0,0,1,1,0
5,46,9,5,0,1,425.37,4,1,0,0,0
2,34,9,3,0,0,107.64,1,0,1,0,0
1,32,4,1,1,1,68.29,8,0,1,1,0
0,31,1,4,0,1,61.39,4,1,0,0,0
6,20,2,2,0,0,52.29,5,1,1,0,0
6,32,12,2,0,0,192.22,6,1,0,0,1
8,19,12,5,0,1,68.94,3,0,0,1,0
0,28,4,3,0,1,6.44,0,1,0,0,0
0,34,11,2,0,1,64.76,3,0,1,0,0
6,18,10,2,1,1,40.07,2,0,0,0,0
7,19,12,5,0,1,52.33,6,0,0,0,0
4,27,9,2,1,1,52.45,9,1,1,0,1
0,30,9,1,0,1,56.22,0,1,0,0,0
6,31,10,1,0,0,52.78,1,1,0,1,0
7,53,11,2,1,1,53.83,2,0,0,0,0
6,17,1,1,1,0,38.01,2,1,1,0,0
3,32,9,2,0,0,119.13,4,1,1,1,0
0,47,6,3,1,1,40.28,4,0,0,0,0
9,22,10,4,1,0,42.87,3,0,1,0,0
0,19,11,2,0,1,20.98,10,0,0,0,0
5,26,6,4,1,1,40.62,2,1,0,1,0
4,27,2,3,0,1,72.69,5,0,0,0,0
0,35,5,1,0,1,86.98,6,0,0,0,0
0,26,5,3,1,1,28.22,7,1,0,0,0
0,37,4,2,1,1,60.03,6,0,1,0,0
6,41,4,4,0,1,325.93,8,1,0,0,1
6,20,4,1,1,1,48.09,6,1,0,0,0
1,28,3,2,1,1,40.31,5,0,0,0,0
0,45,5,5,0,1,208.58,1,0,0,0,1
1,30,2,4,1,0,77.25,2,1,0,0,0
3,38,11,1,1,0,95.98,1,1,0,0,0
0,38,1,4,1,0,103.12,5,0,0,0,0
7,33,8,1,0,1,151.59,9,0,1,0,1
6,37,9,1,0,0,334.83,4,0,0,1,0
0,29,2,5,0,1,41.8,1,0,1,0,0
0,31,3,3,1,0,56.21,4,1,0,0,0
7,54,7,3,0,1,64.63,1,1,1,0,0
0,20,12,1,0,0,29.42,5,1,0,0,0
0,26,8,4,1,1,28.22,1,1,0,0,0
8,22,4,1,1,0,105.54,1,0,0,0,0
2,25,11,4,1,0,30.66,11,1,0,1,0
8,54,6,5,0,1,986.24,3,1,1,0,0
5,22,4,5,0,0,69.37,2,0,0,0,1
0,25,9,1,0,1,58.01,5,0,0,0,0
4,19,4,5,1,0,2.56,6,0,0,0,0
10,31,9,4,0,0,289.94,9,1,0,0,0
4,18,4,1,0,0,31.11,6,0,1,0,0
1,44,2,3,1,0,166.56,5,1,1,0,0
7,21,8,3,1,1,52.36,3,0,1,0,1
4,40,1,3,1,0,250.21,8,1,0,0,0
0,28,11,2,0,1,47.12,4,1,0,0,0
8,17,8,4,0,1,41.29,4,1,1,0,1
2,21,10,5,0,1,32.68,0,1,0,0,0
0,30,6,5,1,0,51.48,0,1,0,0,0
6,26,1,4,1,1,82.54,9,1,0,0,0
9,26,1,3,0,1,130.79,4,0,0,0,1
3,21,10,2,0,0,38.01,4,1,0,0,0
2,22,1,2,0,1,35.77,7,0,0,0,0
6,34,11,4,1,0,30.19,1,1,1,0,1
6,30,11,1,1,1,117.64,5,0,0,0,0
8,32,3,2,0,0,202.64,2,0,1,0,1
5,42,10,3,0,1,246.88,1,0,1,0,0
4,17,9,4,0,0,35.4,4,0,1,1,0
0,38,12,4,0,0,85.72,5,0,0,0,0
3,31,12,1,0,0,116.26,2,1,0,0,0
6,22,5,1,0,0,77.2,1,1,0,0,0
8,40,7,1,0,0,394.63,6,0,1,0,0
1,24,3,1,1,1,28.22,5,0,0,0,0
5,21,3,5,0,1,48.34,7,0,0,0,0
0,51,9,4,0,1,387.02,1,1,0,1,0
6,26,4,3,0,1,88.4,5,0,0,0,1
4,18,1,3,1,0,85.55,6,1,0,0,0
6,47,7,4,1,1,23.16,3,0,0,0,1
0,34,4,3,0,0,102.11,2,1,0,0,0
1,37,9,4,0,1,117.78,5,1,0,0,0
4,56,9,1,0,1,846.82,7,0,0,0,0
11,21,12,4,1,1,25.35,4,0,1,0,0
0,24,7,1,0,0,42.23,1,0,0,0,0
16,28,12,3,0,0,87.26,4,1,1,0,0
0,40,12,4,0,1,133.6,6,0,0,0,0
7,35,2,3,0,1,98.41,5,1,0,1,0
0,25,9,4,0,1,36.08,3,0,0,0,0
0,27,6,4,1,1,30.84,6,1,0,0,0
8,34,5,3,0,1,184.04,3,0,1,0,0
3,34,2,3,1,1,97.57,2,0,0,0,0
2,58,1,2,1,0,627.02,11,0,1,0,0
0,40,3,1,1,1,95.55,7,0,0,0,0
6,20,6,5,1,1,32.55,7,1,1,1,0
12,50,5,4,0,0,86.03,15,0,1,0,1
0,20,10,1,0,0,29.42,9,0,0,0,0
7,23,1,4,0,1,61.06,10,1,1,0,0
0,19,4,3,0,1,20.98,5,1,0,0,0
3,20,10,1,0,1,34,2,1,0,0,0
6,22,3,1,1,1,57.65,2,0,0,0,0
12,19,9,4,0,0,148.78,7,1,0,1,0
0,55,7,4,1,1,24.09,3,1,0,1,0
3,25,11,4,0,0,55.48,1,1,1,0,0
6,27,4,4,1,0,115.5,4,0,0,0,0
13,24,8,3,1,0,250.98,2,0,1,0,0
11,17,9,1,1,1,73.59,13,1,0,0,1
3,26,2,3,1,0,50.16,5,0,1,0,0
0,22,12,3,1,1,28.43,3,0,0,0,0
9,19,8,3,1,0,98.43,6,1,0,0,1
3,18,2,2,1,1,12,3,0,0,0,0
0,49,2,2,1,1,207.98,13,0,0,0,1
11,17,9,5,0,1,75.22,6,1,0,0,1
1,51,7,2,1,0,366.55,4,0,0,0,0
3,32,6,2,0,1,78.29,1,0,0,0,0
5,31,9,5,1,0,140.77,9,1,0,0,1
7,36,1,2,1,0,53.09,4,1,0,1,0
4,29,9,4,0,0,111.1,2,1,0,0,0
7,30,2,2,0,0,183.79,2,1,0,0,1
12,22,7,2,0,0,172.99,3,0,0,0,1
0,34,6,5,1,1,57.05,8,0,0,0,0
7,25,7,5,0,1,89.98,10,1,0,0,0
0,22,7,4,1,1,19.71,3,0,0,0,0
4,21,5,1,0,1,43.44,12,1,0,0,1
3,27,10,4,1,1,54.01,2,1,0,0,1
4,22,7,4,1,0,20.84,4,0,0,0,0
6,30,12,4,1,0,150.6,4,1,0,0,0
5,19,9,3,1,1,30.52,1,1,1,0,1
6,23,11,4,0,1,60.4,2,0,0,0,0
9,19,1,2,0,1,78.56,7,0,0,1,0
1,19,11,1,0,1,19.88,4,0,1,0,1
4,26,7,1,0,0,98.43,1,0,0,1,0
4,28,1,1,0,1,64.5,7,1,1,0,0
9,21,7,5,0,0,120.62,0,1,0,1,0
4,33,1,1,0,0,157.78,12,0,0,0,0
3,21,1,5,1,0,32,1,1,1,0,0
1,28,12,5,1,0,72.87,4,0,0,0,0
4,30,4,4,0,1,94.78,2,1,0,0,0
6,33,9,4,0,0,209.75,8,1,0,0,1
6,37,11,2,0,1,11.18,2,1,0,1,0
2,49,4,1,0,1,299.4,6,0,1,0,0
0,43,8,2,1,1,123.18,12,0,0,0,0
2,24,6,5,1,0,43.2,9,0,0,0,0
1,24,11,2,1,1,28.22,0,1,0,0,0
6,20,3,5,1,0,63.03,6,0,0,0,1
1,46,7,3,0,1,204.89,10,1,1,0,0
7,19,12,4,0,1,11,8,0,0,0,0
0,32,7,3,1,1,47.92,3,0,0,0,0
10,21,8,3,1,0,141.18,0,0,0,0,1
3,50,1,3,0,0,675.24,11,1,0,1,0
9,29,3,3,0,1,170.67,6,1,0,0,1
0,57,12,3,0,1,544.36,4,1,0,0,0
9,25,12,1,0,1,94.86,1,1,1,0,0
0,58,2,2,0,1,589.71,6,0,0,0,0
8,30,8,1,0,0,49.3,11,0,0,0,0
10,34,1,1,0,0,385.72,5,1,0,0,1
13,43,3,3,0,0,1203.48,4,0,0,0,0
0,31,9,3,1,1,97.82,2,1,1,0,1
8,33,10,1,0,0,307.52,0,1,0,1,0
0,20,4,2,0,0,23.89,8,1,1,0,0
6,27,10,1,0,1,76.63,4,1,1,0,0
1,29,6,3,0,0,60.97,1,1,1,0,0
2,30,4,5,0,0,108.04,5,0,0,1,0
6,23,8,2,1,0,81.25,0,1,0,1,0
5,53,9,2,1,0,35.53,8,0,0,0,0
0,34,11,1,1,1,6.27,1,0,1,0,0
6,24,12,5,1,0,70.86,0,1,0,0,0
0,31,10,3,1,1,43.91,1,0,0,0,0
6,19,11,3,0,1,71.43,7,0,0,0,0
3,22,4,5,0,0,52.18,1,1,0,0,0
0,20,7,1,1,0,21.17,2,1,0,1,0
4,30,9,3,1,1,82.25,1,1,0,0,0
6,27,11,5,1,1,73.26,5,0,1,0,0
2,18,2,2,0,0,31.83,1,0,0,0,0
0,35,7,1,1,1,67.05,4,0,0,0,0
0,32,11,3,0,1,67,2,1,0,0,0
2,36,4,4,0,0,157.62,7,1,0,0,0
0,35,4,4,1,1,62.21,6,1,0,0,0
0,34,4,3,1,0,71.76,2,1,0,0,0
5,18,12,4,1,1,94.47,9,1,0,1,0
5,27,2,3,1,1,77.25,13,1,0,0,1
9,23,4,3,0,0,124.98,7,1,0,0,0
2,38,5,3,1,0,148.37,14,0,0,1,0
8,39,4,3,1,1,305.2,10,1,1,0,1
11,20,7,3,1,0,150.6,5,1,0,0,0
2,40,11,5,0,1,140.84,4,1,1,0,0
3,18,1,5,0,1,28.34,1,0,0,0,0
3,50,6,1,0,1,456.22,2,0,0,0,0
1,23,8,5,0,0,45.03,3,0,0,0,1
4,34,10,2,1,0,149.38,2,0,0,0,0
8,20,8,2,0,1,65.32,2,1,0,0,0
4,18,2,3,0,1,32.29,7,0,0,0,0
0,37,8,3,0,1,103.36,7,0,0,0,0
0,28,4,1,0,1,47.12,11,1,0,0,0
6,19,3,5,1,0,67.51,9,1,0,1,0
0,30,9,1,1,1,40.21,12,1,0,0,0
3,18,4,4,0,0,29.45,9,1,1,0,0
6,24,3,4,0,1,83.47,14,0,0,1,0
8,19,9,3,1,1,51.29,7,1,1,1,0
4,22,2,4,0,0,48.28,10,1,1,0,0
5,18,7,5,0,1,76.77,12,1,0,0,1
8,28,5,2,0,0,139.19,3,1,1,0,0
0,49,3,4,1,1,41.46,0,0,1,0,0
4,45,1,5,1,1,305.14,2,0,0,0,1
1,19,4,2,1,1,17.95,4,0,0,0,0
6,40,4,3,1,0,360,11,1,0,1,0
0,17,1,1,0,1,17.48,8,1,0,0,0
6,24,1,3,1,0,71.74,7,0,1,0,0
6,20,9,4,0,0,74.46,8,0,0,1,0
0,20,4,4,1,0,17.09,10,1,1,0,0
9,25,3,1,0,1,116.82,3,0,0,0,0
4,30,12,3,1,0,85.5,4,0,1,0,0
2,24,6,4,0,1,34.78,9,1,1,0,0
3,18,1,2,0,0,36.27,6,1,0,0,0
3,21,1,3,0,0,38.7,1,0,1,0,0
4,58,11,1,0,0,1272.6,6,1,0,0,0
0,24,10,4,1,1,23.59,7,1,0,0,0
6,21,4,2,1,1,67.82,6,0,0,0,0
5,19,8,4,0,0,26.08,7,1,1,0,0
4,21,7,2,1,1,33.32,7,0,0,1,0
1,37,11,3,0,1,110.56,7,0,1,1,0
1,28,10,5,1,0,75.7,6,0,0,0,1
11,18,11,4,0,0,78.57,9,0,1,0,0
0,21,6,1,0,0,48.88,5,1,0,1,0
6,31,9,5,1,0,133.51,1,1,1,0,0
1,30,7,4,1,0,61.56,0,1,0,0,0
9,26,12,3,0,1,127.74,13,1,0,0,0
2,31,2,3,0,0,117.97,7,1,0,1,0
0,34,6,3,0,1,64.76,9,1,1,0,0
3,30,2,4,0,1,83.18,1,0,0,0,0
4,18,8,3,0,0,33.56,1,0,1,0,0
0,24,7,3,1,0,30.2,2,1,0,0,0
0,50,2,2,1,1,179.09,0,0,1,0,0
9,31,7,3,1,0,228.35,1,1,1,0,0
7,63,12,3,0,1,1773.91,1,1,1,0,0
1,24,2,3,1,0,36.98,6,0,0,0,1
0,30,7,2,0,1,56.22,1,0,0,0,0
2,37,3,5,1,1,105.73,0,0,0,0,0
0,19,12,4,1,0,19.21,9,1,0,0,0
1,22,10,5,0,0,41.15,5,1,0,0,1
3,28,6,1,1,1,57.65,3,0,0,0,0
7,25,4,5,0,0,115.19,3,1,0,0,0
0,28,12,5,1,1,33.7,4,0,0,0,0
2,36,8,2,0,0,68.98,2,0,0,0,1
0,33,1,5,0,0,93.6,3,0,0,0,0
3,32,3,5,1,0,105.56,6,1,0,1,0
5,30,12,2,1,1,53.9,6,1,0,0,0
9,26,7,5,0,0,163.52,4,1,0,0,0
0,22,4,3,0,1,71.53,7,0,0,0,0
1,25,6,5,1,1,30.86,3,0,0,0,0
1,41,7,3,0,1,137.78,1,1,1,0,1
14,19,5,3,0,0,63.45,2,0,0,0,1
9,32,5,2,0,0,277.75,13,1,0,0,0
12,21,1,3,1,0,197.21,2,0,0,0,0
2,19,5,5,0,0,34.88,6,1,0,0,0
0,39,9,3,1,1,87.75,0,0,0,0,0
8,32,5,2,0,0,197.92,4,1,1,0,0
0,26,8,5,0,1,86.88,1,1,1,1,0
2,33,2,5,1,1,74.79,1,1,0,0,0
1,25,5,1,1,1,25.06,10,0,1,0,0
5,20,2,5,0,1,36.7,9,1,1,0,1
2,24,6,4,1,1,24.03,2,1,0,1,0
2,22,8,4,0,1,33.58,8,1,1,1,0
0,45,11,1,0,1,208.58,4,0,0,0,1
0,56,9,5,1,1,367.87,7,0,0,0,1
13,30,5,3,0,0,392.87,5,1,0,0,0
1,22,4,2,1,1,23.71,9,0,0,1,0
5,20,12,1,0,0,65.35,1,0,0,1,0
0,29,2,2,0,0,32.16,7,0,0,0,0
0,30,12,3,1,1,40.46,6,0,0,1,0
0,27,12,1,0,1,43.12,2,1,0,0,0
4,22,3,5,0,0,59.46,0,0,0,0,0
0,46,7,3,0,0,235.69,7,1,1,0,1
1,24,4,3,1,0,36.12,4,1,0,0,0
2,25,8,4,0,1,46.84,2,0,0,0,0
4,25,10,1,0,1,60.82,4,1,0,0,0
10,38,7,4,0,0,442.24,7,0,1,0,1
0,45,10,5,1,0,87.53,4,0,0,0,0
6,22,8,2,0,0,62.68,1,1,1,0,0
0,23,9,5,1,0,27.61,3,1,0,0,0
7,25,5,4,0,1,84.47,8,1,1,1,0
1,43,3,3,0,1,196.25,2,1,0,0,0
5,35,7,5,1,1,34.3,6,0,0,0,1
1,26,3,4,0,1,42.2,0,0,1,1,0
4,21,2,5,0,1,43.44,6,1,0,0,1
6,35,12,4,0,0,20.32,5,0,0,0,1
1,19,7,5,1,0,22.98,7,1,0,0,0
0,39,9,2,1,1,27.66,1,0,0,0,0
5,21,7,3,1,1,36.61,5,0,1,0,1
14,17,8,5,0,0,139.14,3,0,0,0,0
0,24,2,2,0,1,35.69,4,0,1,0,0
0,36,8,1,0,1,89.03,10,1,1,1,0
6,23,4,4,0,1,67.57,13,1,0,0,1
4,33,3,3,0,0,148.12,1,0,1,1,0
0,23,7,5,1,1,21.57,11,0,0,0,0
0,30,5,3,1,1,40.21,7,1,0,0,0
4,19,1,2,0,1,28.72,11,0,1,0,0
3,26,8,3,0,0,29.85,1,1,0,0,0
2,19,4,1,0,1,27.9,10,0,0,0,1
6,36,9,1,0,0,272.06,1,0,0,0,1
0,29,12,3,0,1,41.8,3,0,1,0,0
11,30,12,5,0,0,245.7,7,1,1,0,0
4,21,6,1,0,1,34.45,1,1,1,0,0
12,26,1,5,0,1,193.49,3,0,0,0,1
2,20,10,2,1,0,64.32,1,0,1,0,1
0,30,9,3,1,0,42.8,1,0,1,0,1
2,19,8,5,0,1,22.12,2,0,1,0,0
11,31,6,1,0,0,330.38,7,0,0,0,0
0,31,7,1,1,0,56.21,5,1,0,0,0
6,21,4,2,0,1,45.8,8,1,1,0,1
3,20,6,4,0,0,44.57,2,1,0,0,1
4,18,3,5,1,0,36.74,2,1,0,0,0
6,20,6,4,0,0,74.46,3,1,0,1,0
6,34,4,4,0,0,181.46,7,1,1,0,0
1,23,5,1,0,1,27.9,1,0,1,0,0
4,21,10,2,0,1,42.43,4,1,0,0,0
6,27,5,3,1,1,73.26,3,0,1,0,0
1,55,8,3,0,1,528.08,10,0,0,0,0
3,30,1,1,0,1,67.54,10,1,1,0,0
1,44,11,2,1,0,36.9,3,0,0,0,1
8,33,2,2,0,0,272.33,4,1,0,0,1
10,18,6,5,0,0,92.62,4,1,0,0,1
4,23,5,2,0,0,54.09,0,1,1,0,1
0,41,4,2,0,1,120.92,10,0,1,0,1
0,43,5,4,0,0,220.48,0,1,0,0,0
0,30,11,2,0,1,45.65,0,1,1,0,0
0,55,12,2,0,1,463.45,2,1,0,0,0
0,24,8,1,1,1,23.59,0,1,0,0,0
2,19,4,3,0,0,40.33,4,0,0,1,0
2,20,2,5,1,0,44.45,11,0,0,0,0
0,22,1,2,1,1,19.71,3,1,0,0,0
7,23,7,4,1,1,84.11,3,1,0,1,0
5,21,2,5,1,0,57.72,7,0,0,0,1
0,28,6,2,1,1,33.7,2,1,0,0,0
0,22,2,3,1,0,25.23,1,0,0,0,0
6,20,1,1,0,1,50.31,6,1,0,0,0
14,21,9,4,1,0,282.04,3,1,0,0,0
0,45,4,1,1,1,146.58,1,1,0,1,0
10,21,3,3,0,1,95.08,8,0,0,0,1
0,43,5,4,1,0,86.86,11,1,0,0,0
7,24,7,2,0,1,66.8,3,0,1,0,0
2,20,1,1,0,1,29.84,11,1,0,0,0
0,32,11,3,1,1,47.92,0,0,0,0,0
8,30,9,5,0,1,163.58,7,1,0,0,1
9,29,7,5,1,1,184.23,14,1,0,0,0
0,24,2,3,0,1,32.99,0,0,0,0,0
0,38,1,2,1,1,66.39,4,1,0,0,0
3,24,2,3,1,1,32.77,2,0,1,0,0
9,20,5,3,1,0,105.3,8,1,0,0,0
1,18,3,1,1,1,16.38,0,0,0,0,0
6,18,11,3,1,0,52.53,4,1,0,0,1
3,20,12,5,1,1,84.8,8,1,1,0,0
8,24,11,3,0,1,88,6,1,1,1,0
0,44,12,4,1,0,14.5,3,1,1,0,0
3,28,4,1,1,1,18.65,7,1,1,0,0
3,31,10,3,1,1,76.89,10,1,0,0,1
4,27,8,5,1,1,51.22,5,1,1,0,0
16,33,4,1,0,0,95.79,0,0,0,0,1
6,29,2,4,0,1,112.67,1,0,0,0,0
13,19,8,4,0,1,114.54,2,1,0,0,0
0,23,12,5,1,1,82.5,1,1,0,0,0
6,28,12,5,0,0,132.03,5,1,0,0,0
6,28,10,1,1,1,98.6,10,0,0,0,0
5,26,8,4,0,1,75.78,2,1,0,0,0
2,30,7,3,1,1,57.51,5,0,0,0,0
12,21,1,2,0,0,154.34,11,0,0,0,0
1,45,4,1,1,1,174.24,2,0,0,0,0
4,32,10,2,1,0,101.89,3,0,1,0,0
3,32,3,3,1,1,22.82,1,0,0,0,0
0,36,12,5,1,0,70.5,4,0,1,0,0
2,18,2,4,0,0,20.99,8,1,0,1,0
9,34,11,5,0,0,382.25,2,0,0,1,0
1,24,4,1,0,1,38.48,3,1,0,0,1
12,18,8,4,0,1,90.97,3,0,0,0,1
1,24,3,2,1,1,22.91,12,1,1,0,0
2,30,1,3,0,0,93.45,3,1,0,0,0
4,35,10,4,1,0,132.27,7,0,1,0,0
2,26,7,5,1,0,52.89,5,0,0,0,1
0,47,4,4,0,0,356.21,4,0,0,1,0
0,32,1,4,0,0,99.17,8,0,0,1,0
0,51,12,4,1,1,194.4,2,1,1,0,0
7,23,7,2,0,0,96.26,13,1,0,0,0
5,28,2,2,1,0,106.18,11,0,0,1,0
4,56,4,4,0,1,704.01,0,0,1,0,1
5,38,2,2,0,0,276.94,11,1,0,0,0
9,19,6,2,0,1,67.95,5,1,0,0,0
7,18,10,5,0,0,50.84,9,1,1,0,1
3,21,6,5,1,1,93.78,0,0,0,0,0
4,34,4,4,1,0,122.02,3,1,1,1,0
4,23,9,2,0,1,52.04,6,1,0,0,1
8,35,7,5,1,1,44.48,2,1,1,0,0
4,43,9,4,1,0,330.26,0,1,0,0,1
6,18,8,2,1,1,32.73,3,0,1,1,0
3,50,4,4,0,1,50.01,0,0,0,0,0
4,32,7,4,0,1,112.95,8,0,0,0,0
1,18,7,5,0,1,22.34,12,1,0,0,1
4,21,11,1,0,1,42.43,7,1,0,0,0
9,24,6,2,0,0,136.74,1,0,0,0,0
4,29,1,1,1,1,74.91,1,0,1,0,0
6,18,11,2,0,0,53.66,5,1,0,0,0
4,42,8,5,0,1,266.84,6,0,0,0,0
0,27,3,3,0,0,55.2,9,1,0,0,0
4,27,3,3,1,1,63.47,13,1,0,1,0
1,18,7,3,1,1,91.16,9,0,1,0,0
1,44,3,3,0,1,218.56,12,1,0,0,1
2,22,5,5,0,0,37.18,3,0,1,0,0
3,26,1,4,0,0,11.96,2,1,1,0,0
12,29,5,5,0,1,246.61,7,0,0,0,0
12,25,3,2,1,0,65.68,0,0,0,0,0
4,17,2,3,1,0,26.74,6,0,1,1,0
4,20,4,2,1,0,43.31,2,1,0,1,0
1,18,8,1,0,1,21.82,6,0,0,0,0
7,32,8,3,1,0,214.63,12,0,0,0,0
0,46,10,3,0,0,266.14,7,0,1,1,0
0,26,8,4,1,0,30.03,10,1,1,0,1
4,17,11,3,0,0,37.71,11,1,0,0,0
4,19,8,1,1,1,30.7,12,1,0,0,0
4,44,1,4,1,1,222.53,10,0,1,0,0
4,20,2,3,0,1,39.67,7,1,0,0,1
0,35,5,2,1,0,64.67,1,0,1,0,0
0,28,11,3,1,1,51.27,1,1,1,0,0
4,21,8,5,1,1,37.04,11,1,0,1,0
2,18,12,5,1,1,19.59,8,1,0,0,0
7,19,6,3,1,1,52.51,4,1,0,0,0
4,35,2,3,1,1,103.33,2,0,1,0,0
0,39,11,3,1,0,91.21,3,0,1,0,0
3,37,9,5,0,1,54.95,1,1,0,0,0
5,21,3,1,1,1,70.56,2,1,0,0,0
8,41,5,1,0,0,82.03,1,1,0,0,1
0,25,8,4,1,1,25.96,2,1,0,1,0
3,19,12,5,1,1,25.67,4,0,0,0,0
0,35,9,5,1,0,79.64,8,1,0,0,0
6,38,3,5,0,1,246.5,3,1,0,0,0
9,30,5,3,1,0,83.97,6,1,0,1,0
9,18,1,2,1,0,78.6,6,0,0,0,0
6,18,5,1,1,1,41.03,12,1,0,0,1
3,39,6,4,0,0,218.12,9,0,1,1,0
4,50,11,4,1,0,96.86,1,1,1,0,0
0,29,11,1,1,1,37.04,6,1,0,1,0
7,20,1,1,0,0,73.38,6,1,0,0,0
0,28,2,5,1,0,44.18,5,0,0,0,1
1,27,6,3,0,0,62.9,3,0,0,0,0
9,20,7,1,0,1,79.54,1,0,1,0,1
6,31,3,2,0,0,172,9,0,0,0,0
14,27,4,1,0,0,10.53,1,0,1,0,1
12,32,6,2,0,1,371.1,3,1,0,1,0
0,26,8,2,1,1,47.88,8,1,0,0,0
3,17,3,5,1,1,17.46,0,1,1,1,0
3,33,1,1,0,0,160.1,5,0,0,1,0
3,21,9,5,1,1,30.79,5,0,0,0,0
3,35,3,1,0,1,148.78,2,0,0,1,0
2,39,6,2,0,0,203.91,4,0,0,0,0
3,29,4,4,1,1,62.98,2,0,0,0,0
0,20,3,3,1,1,16.44,3,1,0,0,0
6,19,10,3,1,1,35.65,6,1,1,0,0
8,26,4,5,1,1,92.9,8,1,0,1,0
1,27,7,1,1,0,38.34,11,1,1,0,0
6,20,7,1,1,0,61.56,12,1,0,0,0
0,32,1,3,1,1,49.07,9,0,0,0,1
6,22,6,4,0,0,79.04,11,0,0,0,1
0,18,7,4,0,1,15.55,2,0,1,0,0
4,31,10,4,1,1,89.81,5,1,0,0,0
2,43,9,4,1,0,18.68,12,1,1,1,0
9,29,3,4,0,1,70.68,4,1,1,0,1
1,37,1,2,1,0,7.7,12,0,1,0,0
2,24,11,2,1,1,33.74,5,1,0,0,0
6,37,11,3,1,0,224.8,7,0,1,0,0
3,40,4,3,1,1,163.43,4,1,0,0,0
1,23,3,5,0,1,34.36,5,1,0,0,0
6,18,11,1,0,1,41.92,6,0,0,0,0
0,18,12,5,1,1,13.7,1,1,0,0,0
0,18,2,1,0,0,24.52,9,1,0,0,0
3,43,10,4,0,1,239.2,0,1,1,1,0
0,56,9,1,1,0,35.84,4,0,0,0,0
3,32,4,3,1,1,24.54,5,0,0,0,1
12,20,11,1,0,0,40.5,2,1,0,0,0
2,56,12,2,1,0,673.53,4,1,0,0,1
6,17,1,1,1,0,47.93,3,1,0,0,1
0,25,6,3,1,1,25.8,2,0,0,0,0
5,39,3,4,0,1,221.22,7,0,1,1,0
4,20,8,2,1,0,43.05,0,1,0,0,0
6,27,1,2,0,1,96.63,9,1,0,0,1
3,42,4,3,1,0,81.94,6,1,1,0,0
1,23,7,5,0,0,43.98,4,0,0,0,0
16,18,9,5,0,1,55.96,10,1,1,0,1
0,44,4,3,1,1,133.99,3,0,0,0,0
0,32,9,5,1,0,61.35,9,1,0,0,0
12,39,8,2,0,1,587.69,7,1,0,0,0
1,23,12,4,1,1,25.79,10,1,0,0,0
2,28,6,2,1,0,61.71,9,1,0,0,0
2,31,6,3,1,1,63.17,7,0,0,1,0
4,17,9,1,1,1,20.88,8,0,1,1,0
6,21,11,2,0,0,58.63,9,0,1,0,1
2,18,2,1,1,1,3.55,6,1,0,0,0
0,23,3,3,0,1,30.15,8,0,0,0,0
6,30,5,1,0,1,123.06,10,0,0,0,0
5,29,10,5,0,1,98.88,3,0,0,0,0
8,27,10,2,1,1,129.04,11,0,0,0,0
6,17,9,3,0,1,89.91,4,1,1,0,0
5,19,11,3,0,1,40.31,1,1,0,0,0
1,24,5,1,0,1,37.59,12,0,0,0,0
6,32,7,2,1,0,183.76,8,0,0,0,1
0,27,8,1,0,1,35.01,3,1,1,0,0
4,51,3,5,0,0,678.16,4,1,1,1,0
0,43,5,5,1,0,18.38,8,1,0,0,0
5,31,9,1,1,0,111.64,1,1,1,0,0
6,18,9,2,1,0,51.3,2,1,0,0,0
7,19,8,2,0,0,67,5,0,0,0,0
3,26,7,1,0,1,59.76,9,1,0,0,1
7,27,5,4,0,1,87.32,15,1,1,0,0
6,18,4,3,0,1,41.92,4,1,0,0,0
7,31,5,2,1,1,153.6,6,0,0,0,0
0,46,1,3,0,1,29.12,6,1,0,0,0
8,30,5,4,1,1,169.26,2,1,0,1,0
4,51,10,1,0,1,93.54,3,1,1,0,1
7,49,8,2,0,0,96.54,1,1,1,0,0
9,20,1,5,0,0,89.44,10,1,1,1,0
6,32,9,4,1,0,179.47,2,0,0,0,0
4,36,2,2,0,0,204.65,4,1,0,0,0
4,20,5,5,0,1,38.75,4,1,0,0,0
1,19,5,2,0,0,24.85,9,0,1,0,0
4,27,11,1,1,0,80.76,4,0,0,0,0
7,50,10,5,0,0,1008.04,2,0,0,0,1
2,19,2,5,1,0,91.2,4,1,0,1,0
0,36,2,1,1,1,67.83,4,1,0,0,0
1,45,2,5,0,1,188.48,5,0,1,0,0
0,50,5,4,1,1,76.42,1,1,0,0,0
1,23,1,5,1,1,35.18,4,1,0,0,0
9,21,5,4,1,0,115.3,1,1,0,0,0
2,43,6,4,1,1,177.24,7,1,0,1,0
0,18,1,3,0,1,19.15,4,0,0,0,0
2,25,6,2,1,1,27.69,3,0,1,0,0
4,18,7,1,0,1,30.31,5,1,1,1,0
0,33,3,1,1,1,52.29,7,1,0,0,0
6,55,7,1,0,1,1014.33,4,1,0,0,0
12,24,6,4,1,0,209.87,8,1,1,0,0
9,24,10,1,0,0,158.09,10,0,0,1,0
15,33,2,4,0,0,766.92,6,0,0,1,0
1,29,5,3,0,1,58.66,4,1,0,0,0
12,20,1,3,0,0,140.95,5,1,0,0,0
8,26,2,4,0,1,91.02,1,1,1,0,0
0,24,3,3,0,1,2.18,10,0,0,0,0
5,39,7,3,0,0,308.87,5,0,0,0,1
0,25,2,2,1,1,25.8,4,0,0,0,0
3,29,7,2,0,0,97.5,6,1,0,0,0
0,31,4,2,1,0,46.73,8,1,1,0,1
2,21,2,1,1,1,20.9,10,1,1,0,0
1,17,10,3,1,0,48.83,1,0,1,0,0
4,29,2,2,1,1,75.31,5,0,0,0,0
11,19,4,2,0,0,115.63,3,1,0,0,1
0,26,9,5,0,1,39.45,5,1,0,0,0
0,22,2,3,0,1,86.42,3,1,0,0,0
3,36,11,3,0,0,179.61,3,1,0,0,0
7,22,7,5,1,1,56.31,1,0,1,1,0
5,33,10,4,0,0,179.79,4,0,0,0,0
3,33,4,3,0,1,60.46,3,1,1,0,0
2,43,2,5,1,0,9.31,4,1,0,0,0
2,31,10,3,0,1,81.6,13,1,0,0,1
8,25,1,1,0,0,106.57,0,0,1,0,0
0,23,11,5,1,1,17.51,10,1,1,0,0
6,41,7,1,1,1,311.58,11,1,0,0,1
7,20,4,3,0,1,57.32,11,1,0,0,0
2,27,10,3,1,0,16.25,9,1,0,0,0
5,42,10,4,0,0,316.05,2,1,1,0,0
3,18,10,3,0,0,36.27,6,0,0,0,0
1,39,8,5,1,0,134.34,6,1,0,0,0
0,20,2,5,0,1,22.98,5,0,0,0,0
0,36,10,1,0,0,98.58,8,1,1,0,0
0,43,2,1,1,0,65.89,4,0,0,0,0
7,54,1,2,0,0,1364.63,4,0,0,0,0
2,35,8,5,1,1,72.25,5,0,1,0,0
0,22,2,5,1,0,25.23,3,0,0,0,0
2,29,5,4,0,0,85.57,2,0,0,0,0
1,23,2,4,1,1,79.46,4,0,0,0,0
0,20,9,3,1,1,16.44,4,1,0,0,0
0,20,9,1,1,0,21.05,2,0,0,0,0
1,23,11,2,0,0,43.98,2,1,0,0,0
0,55,4,2,0,1,34.98,6,0,1,0,0
1,33,7,2,1,1,62.54,10,1,0,0,0
0,39,4,3,1,1,87.75,2,1,0,0,0
0,18,10,4,1,1,11.12,3,1,1,0,0
0,41,4,2,1,1,104.03,7,1,0,0,0
0,28,5,5,0,1,47.12,1,0,0,0,0
6,30,4,1,1,0,150.6,4,0,0,0,0
3,29,4,2,1,1,30.65,6,1,1,0,0
6,25,1,1,0,0,101.09,3,0,0,0,0
2,29,12,3,1,1,42.76,6,0,1,0,0
3,25,10,4,1,1,44.14,5,1,0,0,0
8,23,9,3,1,0,118.26,8,1,0,0,1
4,29,12,3,0,1,70.46,10,0,1,0,0
4,39,5,4,1,1,183.76,3,1,0,0,1
2,27,11,3,0,0,87.05,2,1,1,0,0
3,24,4,4,1,1,33.55,4,0,1,0,1
1,37,1,1,1,1,71.79,5,0,1,0,0
2,21,6,2,1,0,26.76,5,0,1,0,0
3,29,9,4,0,1,76.16,13,1,0,0,0
8,23,9,1,1,0,116.2,7,1,0,1,0
0,32,1,1,1,1,47.92,4,1,0,0,0
0,27,10,5,1,0,39.48,11,0,0,0,0
1,38,3,1,1,1,96.91,11,1,0,1,0
0,43,7,4,1,1,7.93,3,0,1,1,0
8,20,4,5,1,1,94.73,5,0,0,0,0
5,23,5,5,0,1,66.96,2,1,0,1,0
0,23,2,5,0,1,30.15,1,1,0,0,0
8,23,4,4,0,0,126.82,2,0,0,1,0
3,30,7,3,1,0,73.2,5,0,1,0,1
1,56,9,3,1,1,348.89,3,1,1,0,0
3,39,8,4,1,1,90.9,8,0,0,1,0
3,29,12,3,0,1,61.84,1,1,1,0,0
0,32,12,1,1,0,21.11,7,0,0,0,0
0,22,5,1,0,1,27.55,11,1,0,0,0
6,33,1,3,1,0,8.26,6,1,0,0,0
11,19,12,2,0,1,73.34,3,1,1,0,1
11,47,11,4,0,1,62.27,0,0,0,1,0
0,27,8,2,1,0,39.48,5,0,0,0,0
8,36,2,5,0,1,54.63,4,1,1,0,0
6,25,6,5,1,0,96.64,8,0,0,0,0
0,24,6,2,1,1,12.96,2,0,0,1,0
2,32,12,4,0,1,70.64,11,0,1,0,0
6,25,1,5,0,1,80.85,6,0,0,0,1
9,26,11,2,1,0,180.73,13,0,0,0,0
12,18,7,3,0,1,86.13,2,1,1,1,0
3,43,2,1,1,1,211.96,1,1,0,1,0
5,32,12,5,0,1,107,2,1,1,0,1
0,52,1,1,1,0,332.61,4,1,0,0,0
6,27,4,5,0,0,98.1,5,0,1,0,0
0,21,8,1,1,1,18,8,1,0,0,0
0,34,7,3,1,1,84.04,4,1,0,0,0
4,19,9,4,1,1,31.43,4,1,0,0,1
7,22,1,3,0,1,61.21,4,0,0,0,0
0,42,12,1,1,0,144.94,5,0,0,0,0
6,28,8,1,1,1,80.06,3,0,1,0,0
4,25,11,1,0,0,63.22,5,0,1,0,0
9,45,4,2,0,0,685.64,1,1,1,0,0
2,24,11,4,0,1,42.16,5,1,0,0,0
5,39,12,2,0,1,235.65,5,1,0,0,0
8,24,11,2,0,1,108.38,1,0,0,1,0
7,17,1,2,0,1,43.58,13,0,0,0,0
0,41,10,2,1,1,104.65,5,1,0,1,0
3,20,3,5,1,1,23.38,12,1,1,0,1
9,17,9,4,1,0,10.81,8,1,0,1,0
3,29,8,5,1,1,51.13,3,1,1,0,0
0,27,9,3,0,1,35.01,5,1,1,0,0
1,54,5,5,0,1,46.81,3,1,1,0,0
1,23,8,5,1,1,21.44,8,0,1,0,1
15,26,4,1,0,0,357.9,10,1,0,0,0
6,18,12,1,1,0,51.3,2,1,0,0,0
10,20,9,1,1,0,125.93,3,0,0,0,0
4,21,11,3,0,1,42.43,10,1,0,0,0
5,37,4,5,0,1,161.21,1,1,1,0,0
1,38,11,4,1,1,78.22,1,0,1,0,0
2,21,2,2,0,1,16.12,7,1,0,0,0
0,31,12,5,0,1,49.84,12,0,1,0,0
1,27,6,1,1,0,47.22,2,1,0,0,0
4,44,10,2,1,1,36.72,2,0,1,1,0
0,33,11,4,1,1,27.73,3,1,0,1,0
2,42,11,3,0,0,304.19,1,0,0,1,0
0,21,4,5,1,1,18.11,1,1,0,1,0
2,22,2,4,1,1,28.18,5,1,0,0,0
3,33,3,4,1,0,114.5,5,0,0,0,0
9,40,3,5,0,0,567.01,4,0,0,0,1
9,21,5,3,0,1,85.16,7,1,0,0,1
4,45,12,5,1,1,241.98,0,0,1,0,0
12,29,3,3,0,0,323.23,7,1,0,0,1
6,32,3,2,1,0,145.73,2,1,1,0,0
7,18,6,5,1,0,45.03,10,1,1,1,0
1,39,6,2,0,0,178.96,11,1,0,0,0
3,27,9,5,0,1,71.41,7,0,1,0,0
0,30,10,2,1,0,51.48,2,1,0,0,0
0,24,9,2,1,0,30.2,8,1,0,0,0
4,24,2,4,1,0,29.14,11,0,0,0,0
4,59,8,5,0,0,1378.22,2,0,0,0,0
0,30,7,3,0,1,56.22,4,1,0,0,0
7,19,3,1,1,0,33.85,5,0,0,0,0
6,27,10,5,1,1,73.7,2,1,1,1,0
7,20,12,1,0,1,57.32,1,1,0,0,0
0,24,11,2,1,1,21.74,1,0,1,0,0
0,39,7,5,1,1,75.97,0,0,1,0,0
5,17,4,5,1,0,31.97,2,1,1,1,0
0,21,2,5,1,1,89.33,5,1,0,0,0
6,47,2,4,1,0,535.92,5,0,1,0,1
6,32,1,4,1,1,51.6,9,0,0,0,0
6,28,6,2,1,1,80.06,8,0,1,0,0
4,47,6,4,0,1,405.7,2,0,0,0,0
0,45,9,2,1,1,118.31,2,0,1,0,0
6,20,10,2,1,0,49.99,9,1,1,0,0
1,22,1,5,1,0,30.17,1,0,0,0,0
12,20,9,5,0,1,90.72,3,1,1,0,0
0,42,5,2,0,1,162.07,11,0,0,0,1
2,33,11,4,1,0,77.74,1,0,1,0,0
2,49,10,5,0,0,472.05,10,0,0,0,0
1,29,6,2,0,1,66.74,1,0,0,0,0
1,29,12,4,0,1,47.63,3,1,1,0,0
0,30,11,2,1,1,74.13,11,0,0,0,0
6,27,8,5,1,1,73.7,4,0,1,1,0
4,44,10,4,0,1,256.42,7,1,1,0,0
0,19,5,2,0,1,17.04,4,1,1,0,0
3,22,7,1,0,0,42.37,2,0,1,0,0
6,48,6,3,0,0,750.12,2,0,0,0,1
3,35,9,2,0,0,164.74,0,1,0,0,0
2,18,6,5,0,0,31.83,5,1,0,0,0
0,22,9,4,0,1,31.85,4,0,0,1,0
0,42,9,3,1,0,144.94,4,1,0,0,0
0,45,12,4,1,1,67.63,3,0,1,0,0
9,21,12,3,0,1,52.62,3,1,0,0,0
6,23,11,2,0,1,15.34,2,0,1,0,0
2,19,5,1,0,0,42.55,2,1,0,0,0
12,18,9,5,0,1,74.5,4,1,1,0,0
9,27,1,5,0,0,178.75,5,1,0,0,0
0,31,7,5,0,1,61.39,7,0,0,0,0
8,19,8,1,1,1,62.79,9,1,0,0,0
11,29,9,3,0,0,224.97,7,1,1,0,0
0,28,5,4,0,1,47.12,3,1,0,0,0
10,17,5,3,0,0,67.02,5,1,1,0,0
0,23,1,5,1,1,21.57,2,1,0,0,0
7,22,9,2,0,1,70.35,1,1,0,0,1
11,32,2,1,0,0,299.8,7,1,1,0,1
7,27,5,5,1,0,112.16,12,1,1,0,0
4,21,5,1,1,0,47.42,4,0,0,1,0
5,18,10,5,1,1,13.83,9,1,0,0,0
3,41,8,3,0,1,69.92,10,0,0,0,0
6,45,4,5,0,0,570.78,3,0,0,0,0
6,28,3,3,1,1,16.82,2,0,0,0,0
6,51,7,3,0,0,937.93,0,1,0,0,0
1,36,12,3,0,1,24.39,1,1,1,0,0
6,45,1,2,0,0,570.78,0,1,0,0,0
6,32,10,4,0,1,119.08,0,1,1,0,0
2,39,3,5,0,0,203.91,7,1,0,0,0
13,23,8,5,0,0,243.59,1,1,0,1,0
7,20,10,3,1,1,57.51,3,0,0,0,0
2,47,1,4,1,1,246.18,8,1,0,0,0
4,25,5,1,0,1,23.47,2,0,0,1,0
0,36,9,5,0,1,77,0,1,1,0,0
6,20,3,4,0,0,64.4,4,1,0,0,0
0,22,5,3,0,1,16.94,3,1,0,0,0
0,26,2,4,1,1,22.91,10,0,1,0,0
12,20,8,3,0,0,140.95,5,1,0,0,0
0,20,6,4,1,1,13.35,1,0,1,0,0
0,45,12,1,1,1,145.7,3,1,0,0,0
5,18,7,5,1,1,33.51,10,1,0,0,0
2,19,8,2,0,1,31.5,4,0,0,1,0
0,20,2,5,0,1,26.57,4,0,0,1,0
5,24,11,5,0,1,64.87,1,1,0,0,1
8,29,6,5,0,0,187.28,1,0,0,0,0
4,22,3,5,1,0,51.6,2,1,0,0,0
1,18,1,2,1,0,66.79,10,0,0,0,0
4,26,5,2,1,0,73.88,4,1,0,0,0
12,40,7,5,0,1,532.05,1,0,1,0,1
7,26,10,3,1,0,127.13,10,1,0,1,0
0,30,1,1,0,0,71.98,9,1,0,0,0
7,27,12,5,0,0,137.67,6,1,0,0,0
3,36,5,2,1,1,13.05,5,0,0,0,0
3,28,12,3,0,0,89.25,7,1,0,0,0
6,29,10,5,1,0,13.32,2,1,1,0,1
4,18,4,4,1,0,11.38,7,1,0,0,0
5,23,8,5,0,0,74.14,1,0,0,0,0
0,22,5,1,0,1,31.85,1,1,0,1,0
0,45,7,1,0,0,301.51,1,0,0,1,0
6,19,6,5,1,1,66.52,1,0,1,0,0
3,18,3,1,0,1,26.6,5,1,1,1,0
7,36,8,1,1,0,81.18,3,1,1,1,0
6,38,8,3,0,1,79.55,6,1,0,0,0
0,40,6,1,0,0,76.88,7,1,0,0,0
2,40,12,5,1,1,136.66,1,0,0,0,0
1,39,7,5,0,1,78.3,5,1,0,0,0
9,27,9,5,0,1,113.37,1,0,1,0,0
6,21,8,5,0,0,81.53,2,1,0,1,0
6,27,2,4,1,0,93.78,5,0,1,0,0
1,39,2,4,1,1,65.28,5,0,0,0,0
13,24,10,2,0,0,230.5,4,0,0,0,0
3,26,1,3,1,1,48.26,5,1,0,0,0
4,24,3,5,1,1,48.26,6,0,0,0,0
6,21,12,4,0,0,72.2,2,0,0,0,1
6,42,3,3,0,0,454.11,11,0,0,0,1
4,21,4,3,0,0,54.31,6,0,0,0,0
1,30,9,5,1,1,48.09,4,0,0,0,0
3,18,10,1,1,0,29.99,6,1,0,0,0
1,48,4,1,1,0,286.32,7,1,0,0,0
1,40,7,4,0,0,194.88,14,1,0,0,0
1,32,3,5,0,0,32.75,4,0,1,1,0
10,21,1,3,1,1,107.71,10,1,0,0,0
2,22,5,1,0,1,35.77,1,0,0,0,0
11,17,1,4,0,0,94.05,0,1,0,0,0
2,24,3,4,1,1,33.74,2,1,0,0,0
0,28,2,1,1,1,4.13,3,1,0,0,0
8,21,6,3,0,0,91.56,2,0,0,0,0
0,19,5,1,1,1,91.13,5,1,1,0,0
4,32,5,4,1,0,88.25,1,1,0,0,0
6,29,8,3,1,1,110.28,5,1,0,0,1
6,17,3,5,1,0,38.01,4,1,1,0,0
3,25,8,1,0,1,50.11,1,1,1,1,0
0,27,10,5,1,1,93.26,12,1,1,0,0
0,33,11,3,1,1,25.44,4,1,0,0,0
10,33,8,1,0,0,19.6,1,1,1,0,0
6,28,11,4,0,1,85.74,0,0,1,0,1
4,26,7,1,0,0,85.13,5,0,0,0,0
4,21,9,4,1,1,6.19,4,0,0,0,0
2,23,4,4,1,1,57.38,6,0,0,0,0
2,34,1,5,1,1,73.22,4,0,0,1,0
0,27,5,1,1,1,30.84,13,0,0,0,0
9,19,6,3,1,1,29.82,0,1,1,0,0
0,35,10,5,1,0,79.64,10,1,0,0,0
5,22,12,4,0,1,54.18,3,1,0,0,1
2,22,10,1,0,0,45.79,2,0,0,0,0
4,35,12,4,1,1,59.95,2,1,0,0,0
0,24,12,2,1,1,3.9,2,1,1,1,0
2,28,4,2,0,1,83.61,5,1,1,1,0
3,20,4,2,0,0,50.33,4,0,0,1,0
0,34,3,1,0,0,82.91,6,0,1,0,0
13,19,7,4,0,0,150.13,7,1,0,0,1
6,54,6,1,0,1,957.85,0,1,0,0,1
2,53,1,1,1,1,405.56,12,0,0,1,0
0,29,2,3,1,1,37.7,8,1,0,0,1
0,17,3,2,1,1,12.5,8,0,0,0,0
1,17,5,2,1,0,19.14,1,1,0,0,0
5,36,5,3,1,0,217.47,8,1,0,0,1
4,26,9,2,1,0,60.35,6,0,1,1,0
5,30,9,5,0,0,138.25,4,1,0,0,0
4,30,4,5,0,0,71.78,3,0,0,1,0
6,55,5,1,0,1,1038.55,6,1,0,0,1
1,48,8,5,0,0,309.7,12,1,1,0,0
4,34,7,3,1,1,86.5,8,1,0,0,0
4,36,1,4,0,1,159.86,5,0,0,0,0
11,33,2,5,0,0,454.95,10,0,0,1,0
2,45,9,4,0,1,83.89,7,0,1,0,0
5,30,8,5,0,0,141.55,1,1,0,0,1
6,19,4,5,1,1,44.95,12,0,0,0,1
8,33,6,4,1,1,218.79,10,1,0,0,0
0,28,3,3,1,1,57.96,7,1,1,0,0
0,20,7,4,1,1,13.35,1,1,1,0,0
0,45,12,3,1,0,11.61,10,0,0,0,0
8,36,12,4,1,0,365.47,8,0,0,1,0
2,17,9,5,1,0,93.27,7,0,1,0,0
8,42,10,2,0,1,449.82,13,0,0,0,0
0,38,10,4,0,1,112.62,6,1,0,0,0
4,38,11,1,1,0,83.15,6,0,0,0,0
3,39,2,5,0,0,188.66,1,0,1,0,0
4,43,10,1,0,0,301.79,0,0,1,0,0
0,39,6,3,1,1,71.25,9,0,1,0,0
16,20,12,5,0,1,77.56,4,0,0,0,1
12,20,10,4,1,0,91.5,10,1,0,0,0
0,33,11,5,0,1,59.37,6,0,1,0,0
0,60,5,4,1,1,33.79,7,1,0,0,0
2,20,6,4,0,0,31.76,10,0,1,0,1
7,27,12,2,1,1,87.61,9,0,1,0,0
4,36,12,2,1,0,177.61,9,0,0,0,0
10,20,12,5,0,1,86.83,2,1,0,0,1
6,17,5,1,0,0,50.13,4,1,0,0,1
1,58,4,2,0,1,671.94,11,0,0,0,0
10,17,8,3,1,0,95.74,5,0,0,0,0
5,32,3,3,0,1,104.5,9,0,1,0,0
5,20,9,5,0,1,51.04,5,1,0,1,0
0,31,9,1,1,1,30.88,11,1,0,1,0
6,18,12,1,1,1,65.74,7,1,0,0,0
4,26,3,3,1,1,47.98,3,0,1,0,1
9,38,4,1,0,0,86.4,1,1,0,0,0
0,36,6,5,1,1,67.83,1,0,0,0,0
2,38,8,1,1,0,5.88,7,1,0,0,0
6,21,3,3,0,0,58.63,5,0,1,0,1
6,17,7,5,1,0,27.8,0,1,0,0,0
4,35,7,5,1,1,128.02,9,1,0,1,0
2,21,4,3,0,1,30.68,12,0,1,1,0
12,25,1,4,1,1,220.83,0,1,0,0,0
4,20,8,5,1,0,2.11,4,0,1,0,0
8,18,7,5,0,0,69.68,6,0,0,0,0
0,20,8,5,1,1,16.83,5,1,0,0,1
0,20,7,3,0,0,34.02,6,1,0,1,0
2,29,1,1,1,1,43.02,7,1,1,1,0
0,46,11,3,0,1,221.45,7,0,0,0,0
9,30,9,1,0,0,18.78,9,1,0,0,0
1,32,5,5,1,1,10.21,10,0,0,1,0
9,33,6,1,0,0,303.07,8,1,0,0,0
0,24,12,3,1,1,23.59,9,1,0,0,0
7,22,12,1,0,0,87.96,4,1,0,0,0
15,24,12,3,0,0,299.27,6,1,0,0,0
6,23,7,5,0,0,86.5,7,0,0,0,1
6,37,1,4,0,0,240.77,4,1,1,0,1
5,22,8,3,0,0,69.37,3,1,0,0,1
6,21,8,2,0,1,44.73,1,1,1,0,0
0,32,12,1,1,1,82.08,4,1,1,0,0
8,18,7,3,0,1,21.75,10,1,0,1,0
6,34,5,1,0,1,47.36,5,1,0,0,0
0,31,1,3,1,1,43.91,2,1,0,0,0
0,38,2,2,0,1,112.62,4,0,0,0,0
1,51,7,3,1,1,288.05,11,0,0,1,0
8,20,8,5,1,0,88.05,2,1,0,0,0
0,36,6,1,0,0,121.4,4,1,0,0,0
5,25,4,2,1,0,81.29,8,1,0,1,0
6,27,1,2,0,1,76.63,5,0,1,0,0
9,19,10,3,0,1,69.57,9,0,0,0,1
0,52,6,2,0,1,363.27,9,0,0,0,0
9,42,4,3,1,0,742.49,4,1,0,0,1
4,40,6,4,1,1,195.45,3,1,0,0,0
0,44,3,2,1,0,172.56,4,0,0,1,0
3,54,10,4,0,0,657.31,3,1,1,0,0
4,18,4,5,1,0,35.87,1,0,0,0,0
1,28,9,1,0,0,76.4,4,0,0,0,0
0,36,2,2,0,1,109.64,2,1,0,1,0
7,29,7,5,0,1,128.39,0,1,0,0,0
1,20,3,3,1,1,16.34,13,0,1,0,1
12,29,6,3,0,1,246.61,6,0,0,0,0
0,24,3,3,1,1,63.07,6,0,0,0,0
6,29,10,1,0,0,147.68,3,1,0,0,1
8,46,9,3,0,1,629.3,2,0,0,0,0
10,18,1,5,0,1,70.66,0,0,0,0,0
6,23,9,5,1,0,90.71,6,0,0,0,0
9,20,1,5,1,0,57.26,8,1,1,0,0
4,40,11,4,0,1,182.86,5,1,1,0,0
12,36,9,2,0,0,581.56,3,0,0,0,0
10,33,12,2,0,0,353.58,7,0,0,0,1
0,25,11,2,0,1,40.17,2,0,1,0,0
4,49,1,5,1,0,431.88,0,1,1,0,0
0,23,4,3,1,1,67.83,6,0,0,0,1
0,38,10,2,0,1,112.62,8,1,0,0,0
6,19,6,1,1,1,44.17,11,1,0,1,0
4,19,7,2,1,1,30.7,7,0,0,0,0
4,33,3,4,0,0,43.13,0,0,0,0,1
12,31,8,5,0,0,376.45,1,0,0,0,0
8,17,4,5,0,1,49.66,4,0,0,0,0
10,17,5,1,0,0,67.02,4,1,1,0,0
5,29,7,4,0,1,98.88,1,0,0,0,0
0,39,12,5,1,1,88.27,1,1,0,1,0
0,56,8,2,1,0,373.47,8,1,1,0,0
0,22,12,3,0,1,27.55,7,1,0,0,0
0,33,2,3,0,1,73.12,5,1,0,0,0
0,37,5,5,0,0,135.48,4,0,0,0,1
3,20,1,5,0,1,66.06,3,0,0,0,0
6,20,7,1,1,0,32.84,6,1,0,1,0
3,31,10,2,0,1,90.82,0,1,0,0,0
0,20,7,1,1,1,16.44,4,1,0,0,0
4,22,7,5,1,1,40.31,1,0,0,0,0
5,43,2,2,0,0,8.45,3,1,0,0,0
0,26,12,4,0,1,45.61,7,0,0,1,0
6,27,5,4,0,1,76.63,1,1,1,0,0
0,39,6,2,1,1,32.69,3,1,0,0,0
2,33,2,2,1,0,77.74,7,0,1,0,0
3,25,1,4,0,0,64.15,11,0,1,1,0
2,25,1,3,1,1,4.79,9,1,0,1,0
4,44,7,3,0,1,315.8,4,1,0,0,0
2,33,8,3,1,0,95.74,2,1,0,0,0
8,32,8,3,0,1,9.3,3,1,0,0,0
4,19,3,1,0,1,28.72,2,1,1,0,0
2,29,6,3,0,0,87.61,11,1,0,0,1
0,46,12,1,0,1,49.52,5,0,1,0,0
10,22,12,4,0,0,108.19,4,1,1,0,1
4,43,1,1,0,0,51.71,0,0,0,1,0
2,34,9,4,0,0,14.62,5,1,0,0,0
0,43,8,5,0,0,183.3,0,1,1,0,1
0,28,7,1,0,0,69.75,3,1,0,1,0
6,28,1,3,0,0,152.65,5,1,0,1,0
0,32,6,1,0,1,67,4,0,0,0,0
3,46,2,3,1,0,56.61,2,0,1,1,0
2,23,6,2,0,0,50.12,4,1,0,0,0
6,20,3,3,1,1,48.09,7,0,0,0,0
3,39,2,5,1,0,50.73,1,1,0,0,0
8,21,12,2,1,1,75.31,3,0,0,0,0
7,23,9,4,1,0,96.58,0,0,0,0,0
1,48,1,4,0,0,440.98,7,0,0,1,0
3,23,6,2,0,0,46.37,3,1,1,0,0
0,53,4,2,1,1,9.68,4,0,0,0,0
0,29,7,3,1,0,38.27,12,0,1,0,0
8,17,1,3,0,1,41.29,0,0,1,0,1
0,37,12,3,0,1,97.03,3,1,1,1,0
2,42,1,4,0,1,237.62,4,1,0,1,0
0,18,8,5,1,1,13.7,7,1,0,0,0
3,25,9,4,1,1,44.14,10,0,0,0,0
4,31,1,4,1,1,72.92,6,0,1,0,0
7,32,7,1,0,0,200.82,7,1,1,1,0
12,22,9,1,1,1,168.63,6,1,0,0,0
0,18,5,3,1,1,13.7,9,1,0,0,0
0,32,11,5,1,1,47.92,7,0,0,0,0
1,23,1,1,1,0,33.02,3,0,0,0,0
6,20,2,1,1,0,51.18,12,1,1,0,1
12,17,6,1,1,0,136.93,10,1,0,0,0
0,28,9,5,1,1,34.51,1,0,0,0,1
4,28,5,1,0,0,101.69,4,0,0,0,0
4,27,10,5,0,1,59.02,7,1,1,0,0
4,19,10,1,0,0,45.29,1,0,0,0,0
0,41,6,4,0,0,45.66,0,1,0,0,0
4,58,11,2,1,0,71,7,1,1,0,0
0,30,1,5,1,0,51.79,12,1,0,1,0
0,52,7,2,0,0,377.6,5,1,1,0,0
0,34,2,5,0,1,79.76,2,1,0,0,0
1,21,4,2,0,1,49.36,5,1,0,0,0
5,31,7,4,1,0,137.49,1,0,0,0,0
3,21,12,3,1,0,39.41,7,1,0,0,0
0,36,11,2,1,0,88.9,12,1,0,0,1
3,19,12,1,0,1,31.79,5,1,0,0,1
0,17,9,1,0,0,22.37,3,1,0,0,0
16,34,6,3,1,1,810.79,0,0,1,0,0
0,32,11,4,0,0,69.65,9,1,1,0,0
0,30,4,3,0,0,71.98,6,0,0,0,0
1,57,3,1,0,0,918.05,2,0,0,1,0
12,20,6,5,0,0,114.45,7,1,1,0,0
6,18,8,4,0,0,53.66,1,1,0,0,0
0,21,2,3,0,1,25.17,1,1,0,0,0
0,21,8,1,1,0,18.71,2,1,1,0,0
0,37,12,2,1,0,94.64,0,1,0,0,0
5,36,5,1,0,1,186.51,2,0,0,0,1
12,18,10,4,0,0,117.45,12,1,0,0,0
0,21,4,3,1,1,14.97,12,1,1,0,1
6,32,9,4,1,0,179.47,5,0,0,0,0
12,36,7,3,0,0,581.56,7,1,0,0,0
12,48,7,5,1,0,2097.71,12,0,0,0,1
10,23,5,1,1,1,132.12,1,0,0,0,1
7,33,1,4,1,0,91.96,4,1,0,0,0
1,21,12,5,1,1,12.39,1,1,1,0,0
4,20,8,1,1,0,43.05,2,0,0,0,0
3,26,7,1,0,1,21.08,0,0,0,0,0
6,40,12,4,1,1,41.18,1,1,0,0,1
7,17,12,1,0,0,55.79,8,1,0,0,0
7,24,2,3,0,0,121.76,13,0,0,1,0
4,26,7,3,1,1,46.86,14,1,1,0,0
8,40,12,3,1,0,92.14,5,0,1,0,0
4,41,10,5,0,0,254.86,4,0,1,0,0
2,27,11,5,1,1,44.11,10,0,0,0,0
5,22,12,3,1,0,50.1,6,0,1,0,0
16,23,12,4,0,0,292.61,6,0,1,1,0
3,20,7,2,0,0,35.35,10,1,1,0,0
0,28,9,4,0,0,60.33,3,0,0,0,0
4,22,4,3,0,0,59.46,1,1,0,0,0
0,30,9,1,0,1,52.78,9,1,1,1,0
1,22,2,3,1,0,30.17,4,0,0,0,0
1,51,8,1,1,1,72,0,0,1,0,0
0,45,4,2,1,1,30.53,2,0,1,0,0
3,35,11,1,1,1,69.84,7,1,1,1,0
4,20,2,1,0,1,31.46,0,0,1,0,0
4,39,11,4,0,1,211.75,10,0,0,0,1
9,23,6,1,1,0,141.43,2,1,0,0,1
1,30,2,1,0,0,82.01,5,1,0,0,0
6,37,11,1,0,0,289.61,1,0,0,0,0
2,18,1,4,1,1,15.91,4,0,1,0,0
7,40,11,2,1,1,51.17,0,0,0,1,0
2,29,9,3,1,1,52.66,3,0,0,0,0
5,43,3,3,1,1,250.51,5,1,1,0,1
0,23,12,4,1,0,22.42,4,1,1,0,0
6,19,3,5,1,1,44.95,9,1,0,0,1
9,27,1,5,1,0,16.28,4,0,1,0,0
9,23,1,5,0,0,124.98,3,1,0,0,0
10,26,2,3,0,1,121,9,0,1,0,1
12,19,12,5,0,0,93.1,3,1,0,0,0
10,21,7,2,0,1,95.08,2,0,0,0,1
4,27,8,3,1,0,33.84,7,0,1,0,0
2,19,9,1,1,0,22.31,6,1,1,0,0
2,38,6,1,0,1,146.23,1,1,0,0,0
5,22,10,3,1,1,39.14,0,0,1,0,0
1,21,1,5,1,0,6.79,6,1,0,0,0
4,56,3,2,1,1,734.91,2,0,0,0,0
2,41,4,2,1,0,154.65,8,1,1,0,0
3,24,3,4,1,0,91.59,4,0,1,0,0
0,29,8,5,1,1,34.97,4,1,0,0,0
7,18,6,3,0,0,57.4,3,0,1,1,0
10,32,10,2,0,1,93.66,3,1,0,0,1
6,19,9,2,0,0,47.74,6,1,1,0,0
3,44,6,1,1,0,293.38,2,1,0,0,0
1,17,9,5,1,1,14.95,11,1,0,0,0
7,17,10,5,1,1,46.86,10,1,0,0,0
0,17,12,3,0,1,14.19,1,1,1,0,0
6,47,12,3,0,1,539.32,10,1,0,0,1
6,26,3,2,1,0,85.8,7,1,1,0,0
1,22,10,4,0,0,40.19,11,1,0,0,0
6,36,4,5,0,0,265.71,5,1,0,0,0
6,25,3,2,1,0,78.47,10,0,1,0,0
3,23,11,2,0,0,46.37,8,0,1,0,0
1,47,12,2,0,0,405.89,1,1,0,1,0
2,27,10,2,0,0,73.39,7,0,0,0,1
4,19,4,3,1,1,6.42,2,1,1,0,0
0,46,7,5,1,1,128.61,1,1,1,0,0
5,31,2,4,0,1,95.74,4,0,1,0,0
10,24,7,2,0,0,126.51,3,1,1,0,0
0,22,2,3,0,1,31.85,9,1,0,1,0
1,22,10,1,1,1,23.57,2,1,0,0,0
9,31,6,5,0,0,254.46,0,1,0,0,0
8,37,4,3,0,1,95.87,6,1,1,0,0
4,35,7,4,1,0,132.27,8,1,1,0,0
2,35,3,3,0,1,130.57,1,0,0,1,0
6,19,1,3,0,0,58.8,3,0,0,0,0
2,29,12,1,0,1,66.84,13,1,0,0,0
8,22,2,5,1,0,31.21,4,0,0,0,0
0,18,8,2,0,1,19.15,0,1,0,0,0
4,29,5,5,0,1,86.78,9,1,0,0,0
0,55,3,5,1,1,269.14,3,1,1,0,0
4,25,7,1,0,1,49.38,1,0,1,0,0
2,27,2,1,1,0,41.91,5,1,1,1,0
0,17,4,1,1,1,10.21,2,0,1,1,0
0,25,4,5,0,1,29.3,9,1,1,0,0
1,36,10,3,0,0,159.94,9,0,0,1,0
7,43,10,3,0,1,429.53,1,1,0,0,0
8,33,1,4,1,0,286.77,5,0,0,0,1
0,26,4,5,1,1,28.22,10,1,0,0,0
0,24,5,1,1,0,30.2,0,1,0,0,0
4,31,6,3,0,1,16.52,2,1,0,0,1
0,58,1,1,0,0,754.93,0,1,0,0,0
9,20,10,5,0,0,110.15,0,1,0,1,0
3,21,6,5,1,0,39.41,1,1,0,0,0
6,50,6,4,0,0,701.57,3,1,1,0,0
2,18,7,1,0,0,58.6,3,1,0,0,0
6,43,4,2,0,1,435.82,13,0,0,1,0
9,25,10,4,1,0,165.29,0,0,0,0,0
0,54,7,2,0,0,547.19,7,1,0,0,0
0,56,10,1,1,1,361.46,7,0,0,1,0
7,34,6,2,0,0,294.41,10,1,0,1,0
10,17,9,4,1,0,95.74,2,1,0,0,0
4,51,6,2,1,0,521.2,2,1,1,0,1
4,22,10,1,0,0,59.46,4,1,0,0,0
4,32,10,4,0,1,112.95,4,1,0,0,0
7,21,6,2,0,0,80.35,1,0,0,0,0
6,23,12,5,1,0,65.58,13,0,1,0,0
2,34,6,3,1,1,81.59,12,1,0,0,0
9,31,3,1,1,0,229.72,0,1,1,1,0
1,28,6,4,0,0,55.81,0,1,1,0,0
5,19,11,1,0,1,40.31,2,1,0,0,0
0,33,11,4,0,1,59.37,4,0,1,0,0
0,25,9,3,1,1,57.04,8,1,0,1,0
2,20,6,4,1,1,61.68,2,1,0,0,0
0,23,3,3,1,0,27.77,5,1,0,1,0
2,33,4,4,1,1,74.79,2,1,0,0,0
2,18,8,3,0,1,24.87,2,0,0,0,0
1,55,12,3,0,1,428.78,4,1,1,0,0
9,29,6,1,0,0,213.39,5,0,0,0,0
5,47,7,2,0,1,462.28,3,0,0,0,0
4,38,6,1,1,0,77.04,4,1,1,0,0
9,17,2,4,0,0,80.24,7,1,0,1,0
9,19,1,1,0,0,70.63,3,1,1,0,0
2,26,2,3,1,0,51.66,6,0,0,0,0
1,17,10,4,0,0,25.49,6,0,0,0,0
5,29,11,3,1,1,92.22,4,0,0,0,1
5,25,5,5,0,1,70.96,9,1,0,0,1
0,20,12,4,0,1,10.15,6,1,0,0,0
6,52,8,4,0,1,61.84,1,1,0,1,0
5,25,7,4,0,1,69.3,1,0,0,0,0
1,31,1,4,0,1,69.95,10,1,0,0,0
4,22,6,3,1,0,7.01,12,1,1,0,0
4,33,11,1,1,1,42.1,4,1,1,0,1
0,31,11,1,1,1,43.91,1,1,0,0,0
0,38,11,3,1,0,105.58,3,1,0,0,1
8,17,5,2,1,0,70.13,3,1,0,0,0
0,35,3,4,1,0,79.64,7,1,0,0,0
9,24,4,4,0,1,123.49,2,1,0,1,0
5,23,7,1,0,1,57.92,1,0,0,0,0
13,20,3,5,0,0,164.44,2,1,0,0,1
8,29,8,1,0,0,187.28,8,1,0,0,0
2,47,6,1,1,1,20.2,2,0,0,0,1
0,31,7,2,1,1,36.5,3,0,1,0,1
4,29,11,5,1,1,75.31,5,0,0,0,0
6,23,1,1,0,1,61.95,5,0,1,1,0
0,60,8,4,1,1,494.55,2,1,0,0,0
1,31,11,3,0,1,69.95,3,1,0,0,0
0,25,12,3,1,1,20.95,2,0,1,0,0
6,21,5,2,0,1,21.5,10,1,0,0,0
3,24,8,4,1,1,59.19,0,0,0,0,0
1,23,9,1,0,1,39.72,3,1,0,1,0
5,18,7,1,0,1,30.58,4,1,1,0,1
0,24,9,3,0,1,30.97,1,1,1,1,0
1,22,6,1,1,0,30.35,2,1,0,1,0
0,26,7,3,0,0,41.01,3,0,1,0,0
4,28,9,4,0,0,117.57,3,1,0,1,0
6,24,12,3,0,0,106.86,4,1,0,1,0
10,39,2,3,0,0,579.45,0,1,0,0,0
5,17,1,4,0,0,49.68,1,0,0,1,0
0,49,9,4,1,1,203.13,5,0,0,0,0
2,31,11,1,1,0,80.39,2,1,0,0,0
3,29,6,3,1,0,80.62,2,1,0,0,0
1,26,6,1,1,1,27.4,2,1,1,0,0
2,21,5,1,0,1,70.72,12,1,1,0,0
11,23,8,1,1,0,197.55,6,1,0,0,0
3,19,5,4,1,1,61.51,1,0,0,0,0
1,23,11,4,0,1,4.52,2,0,1,0,0
5,45,3,5,0,0,500.92,11,1,0,0,0
6,19,7,1,1,1,43.91,0,1,0,0,0
5,50,1,3,1,0,560.81,1,0,1,0,0
2,24,6,3,1,0,32.04,1,1,1,0,0
1,40,9,5,0,1,152.23,2,0,0,0,0
1,34,9,4,1,0,70.91,7,0,1,0,0
3,18,9,5,0,0,36.27,5,0,0,0,0
5,35,1,5,1,1,58.65,10,1,0,0,0
7,25,4,1,1,0,118.33,12,1,0,0,1
4,49,8,2,0,0,627.51,6,0,0,0,1
5,20,10,3,1,0,63.58,8,1,0,0,0
3,25,8,1,1,1,36.69,9,1,1,0,1
4,37,8,3,1,1,50.1,1,0,0,1,0
12,22,8,2,1,0,94.76,1,1,1,0,0
2,31,2,2,0,0,117.97,12,1,0,1,0
2,25,1,2,0,1,46.84,2,0,0,0,0
0,23,10,2,1,1,22.08,8,0,0,0,1
8,23,6,2,1,0,115.5,4,1,0,0,0
3,35,11,4,0,1,148.78,10,0,0,1,0
5,22,2,4,1,0,61.71,0,0,0,0,0
0,24,11,3,1,1,23.74,3,1,0,1,0
0,21,7,5,0,1,25.17,9,1,0,0,0
4,33,6,4,1,0,136.93,1,1,0,0,0
6,20,3,5,0,0,52.29,3,0,1,0,0
5,22,5,2,0,1,52.92,3,0,0,0,0
0,27,11,1,0,1,35.01,0,0,1,0,0
4,21,8,1,1,1,62.37,0,0,0,0,0
2,24,7,1,1,0,43.2,1,0,0,0,0
0,39,2,2,1,1,87.75,3,0,0,0,0
5,21,5,2,0,1,39.25,2,0,1,0,0
9,28,7,3,0,0,158.6,11,0,1,0,0
9,22,1,3,0,0,92.73,4,0,1,0,0
4,26,5,3,1,1,47.14,6,0,1,1,0
2,36,4,3,1,0,124.18,2,0,0,0,0
0,35,12,5,0,0,128.74,2,1,0,1,0
0,50,5,3,0,1,308.38,8,1,0,0,0
13,26,11,4,1,0,378.49,6,1,0,0,1
1,20,4,5,1,1,53.08,3,1,0,0,0
0,21,1,4,1,1,87.29,6,1,0,0,0
5,25,5,1,0,0,45.2,3,0,0,0,1
12,46,2,2,1,0,47.04,2,1,0,0,1
7,27,3,3,0,0,19.46,5,0,1,0,1
3,34,12,4,1,0,74.64,8,1,0,0,0
4,29,4,3,1,0,98.72,9,1,0,0,1
4,36,5,2,0,0,73.87,9,0,1,0,0
0,27,10,3,1,1,31.58,1,1,0,0,1
4,29,4,2,0,1,100.33,1,0,0,1,0
4,26,2,5,1,1,46.86,13,1,1,0,0
7,30,5,2,1,1,39.92,7,0,0,0,0
2,18,6,3,0,1,12.6,0,0,0,0,0
6,24,9,3,0,0,92.43,1,0,0,0,0
4,38,8,4,0,0,69.9,1,0,0,0,0
1,19,9,4,0,1,23.91,3,1,0,0,0
5,29,6,5,1,1,92.22,2,1,0,0,1
6,34,1,2,1,1,5.17,1,1,1,0,1
5,32,2,2,1,0,40.27,9,0,0,0,1
0,41,9,3,0,0,186.19,1,1,0,0,0
3,56,12,2,0,1,743.18,9,1,0,0,0
8,21,8,4,1,1,77.11,2,1,0,0,1
6,36,10,1,0,0,265.71,2,0,0,0,0
6,19,4,3,1,0,56.21,3,0,0,0,0
0,44,3,2,1,1,137.19,5,1,0,0,1
1,18,5,3,0,1,21.82,5,0,0,0,0
6,22,3,3,1,0,94.98,4,1,0,0,0
1,27,4,5,1,1,16.06,2,1,0,0,0
6,18,10,3,1,1,32.54,5,1,1,0,0
4,40,1,2,0,0,333.33,3,0,0,1,0
0,38,6,4,1,1,81.04,11,0,0,1,0
8,19,10,3,0,1,61.06,2,0,0,0,1
11,22,11,2,1,1,114.5,3,1,1,0,0
0,43,5,1,1,0,157.7,10,0,0,0,0
1,40,1,2,1,0,146.29,3,1,0,0,0
13,46,10,5,0,0,1547.43,0,0,0,0,0
5,31,11,5,1,0,112.31,10,0,1,1,0
9,24,4,1,1,0,46.44,1,1,0,0,0
0,24,8,2,1,0,44,7,0,1,0,0
5,31,2,4,0,0,150.95,6,1,0,0,0
4,26,12,2,0,1,66.5,2,1,0,0,0
1,49,9,4,1,1,197.24,9,1,1,0,0
12,33,5,2,0,0,448.37,2,0,0,0,0
0,18,3,2,1,0,17.54,8,1,0,0,0
0,19,7,4,1,1,51.2,5,1,0,0,1
10,20,8,1,1,0,125.93,5,0,0,0,0
8,54,5,1,1,1,1309.57,4,1,0,0,1
0,55,7,1,0,0,45.2,1,0,0,0,0
0,33,10,5,0,0,93.6,8,1,0,0,0
0,50,2,3,1,1,220.56,2,0,0,0,0
5,26,6,5,1,1,69.02,6,1,0,0,0
0,20,5,3,0,1,26.57,12,1,0,1,0
0,23,6,2,1,1,21.57,7,0,0,0,0
0,25,10,1,1,1,20.95,12,0,1,0,0
4,29,1,2,1,0,65.93,4,0,0,0,0
1,17,9,4,0,0,20.7,1,0,1,0,0
6,20,6,4,0,1,41.82,3,1,1,0,1
12,30,11,2,0,0,344.79,6,1,0,0,0
2,21,9,4,0,1,23.33,5,0,0,0,0
8,26,9,1,0,1,114.78,2,1,0,0,1
14,26,3,5,0,0,314.1,5,0,0,0,0
3,35,11,3,0,1,104.49,3,0,1,0,0
12,35,7,2,1,0,3.66,9,0,1,0,0
1,40,2,1,0,0,194.88,1,0,0,0,0
1,30,5,5,1,1,39.05,4,1,1,0,0
0,27,3,4,0,1,43.12,3,1,0,0,0
8,19,5,2,0,1,61.06,3,1,0,0,1
0,45,8,5,1,0,155.07,11,0,1,0,1
0,33,2,1,1,1,42.46,2,1,1,0,0
9,19,12,5,0,1,32.31,11,1,0,0,1
4,29,9,5,1,0,80.15,11,0,1,0,1
2,19,10,3,1,1,17.43,0,1,1,0,0
12,21,1,4,1,0,197.21,2,1,0,0,0
4,20,11,5,1,1,23.06,3,1,0,0,1
6,26,12,5,0,1,99.83,3,1,0,1,0
5,51,10,2,0,1,642.99,3,1,0,0,0
0,36,4,3,1,1,70.47,0,1,0,0,0
8,25,10,5,1,1,87.66,8,1,1,0,0
1,21,10,1,1,1,21.53,11,0,0,0,0
14,23,2,2,0,0,199.58,5,1,1,0,1
1,33,9,5,0,0,106.65,7,1,0,0,0
0,35,4,3,0,1,86.98,2,0,0,0,0
9,20,8,5,1,0,87.54,9,0,1,0,1
5,26,2,3,0,1,75.78,11,1,0,0,0
4,24,9,4,1,0,61.78,3,0,0,0,0
8,26,9,1,0,0,116.53,4,1,1,0,0
7,42,7,5,0,0,410.35,4,0,1,0,0
11,22,12,1,0,0,96.5,5,1,1,0,0
3,30,11,1,0,1,83.18,4,1,0,0,0
2,25,11,4,0,0,48.16,9,0,0,0,1
2,46,12,4,1,1,75.86,13,0,0,1,0
5,21,7,4,1,0,37.7,1,0,0,0,0
6,25,1,1,1,1,75.49,3,0,0,0,0
3,55,3,4,1,1,460.33,7,0,1,0,0
4,27,3,2,1,0,80.76,2,1,0,0,0
0,18,4,3,0,0,25.1,3,1,0,0,1
0,24,8,3,1,0,59.39,7,0,0,0,0
0,26,7,2,0,1,39.45,3,0,0,0,0
2,41,3,3,0,1,188.84,8,0,0,0,0
1,33,11,2,0,1,78.21,7,1,1,1,0
4,33,9,5,1,0,136.93,3,1,0,0,0
6,53,6,4,1,0,57.6,2,0,0,0,0
6,20,8,5,0,1,43.07,9,1,1,0,0
6,21,10,2,1,0,54.74,9,0,1,0,0
5,33,1,4,0,0,184.08,12,0,0,0,1
0,27,2,3,1,1,42.31,5,0,0,0,0
0,39,3,1,1,0,115.01,2,1,0,0,1
10,37,11,2,0,1,309.65,6,0,1,0,0
10,42,6,1,1,0,78.45,2,0,1,0,1
7,23,5,4,0,1,26.12,4,0,1,0,1
4,31,11,2,1,1,19.03,2,1,0,0,0
9,39,6,2,0,0,422.77,6,0,1,0,1
2,49,8,3,0,1,368.74,1,1,0,0,0
2,22,3,4,1,0,36.08,2,0,0,0,0
0,21,1,5,1,1,14.62,5,0,1,0,0
11,36,1,2,0,0,510.38,2,1,0,0,0
7,29,12,1,1,0,164.9,9,1,0,0,0
0,30,4,1,0,0,71.98,10,0,0,0,0
0,26,12,2,1,1,23.46,1,0,1,0,1
2,22,8,4,1,0,29.99,0,0,1,0,1
0,39,5,5,0,1,99.61,2,0,1,0,0
3,43,3,1,1,0,271.34,9,1,0,1,0
3,23,11,2,1,0,38.34,2,1,1,0,0
0,47,6,4,0,1,240.67,5,1,0,0,0
6,20,10,4,1,1,48.38,6,1,0,1,0
6,17,7,2,1,0,38.91,8,0,1,0,1
6,18,5,5,1,0,42.65,3,1,1,0,1
0,24,7,2,0,0,42.23,2,0,0,0,0
0,18,4,4,1,1,11.12,11,1,1,0,0
2,23,11,3,0,0,47.05,1,0,1,1,0
6,43,4,1,1,1,368.96,6,0,0,0,1
6,26,1,4,1,1,84.51,7,0,0,0,1
15,30,11,5,0,0,522.26,6,0,0,0,1
0,19,2,3,1,0,15.7,3,1,1,1,0
0,25,5,2,1,0,26.82,3,1,1,0,0
13,32,10,2,0,0,541.32,1,1,0,1,0
0,21,6,4,0,0,26.16,5,0,1,0,0
4,30,6,3,0,0,98.52,1,1,1,0,0
8,22,3,5,1,1,82.44,3,1,0,0,0
0,33,2,3,1,1,97.23,8,1,0,0,0
11,33,4,2,0,0,393.5,6,1,0,0,0
4,36,5,1,0,1,163.68,1,1,0,0,1
4,31,5,4,0,1,103.48,8,0,0,0,0
10,26,7,5,1,0,216.13,7,1,0,0,0
2,22,11,1,0,1,36.63,7,0,0,0,1
0,24,3,4,1,1,23.59,4,0,0,0,0
5,28,11,3,0,0,34.64,3,1,0,1,0
9,32,2,3,0,1,250.84,2,1,0,1,0
0,47,10,1,0,0,308.1,2,0,0,0,0
6,31,5,1,0,1,134.36,7,1,0,0,0
1,19,6,4,0,0,30.61,3,1,0,0,0
6,32,1,2,1,0,23.7,5,1,0,0,0
9,34,8,2,1,0,19.08,7,0,1,1,0
4,25,7,2,0,1,60.82,3,1,0,0,0
9,17,8,2,0,0,72.44,8,1,0,0,0
2,34,1,3,0,1,84.09,7,0,1,0,0
6,21,7,2,0,0,57.26,6,0,1,0,0
0,18,10,2,1,1,11.19,2,1,1,1,0
6,53,3,1,0,1,862.57,2,1,0,0,0
5,23,7,4,1,1,75.49,3,1,0,0,0
2,17,9,5,0,0,29.05,8,0,0,0,0
8,20,8,3,0,1,66.87,9,1,0,0,1
4,28,7,2,0,1,91.84,8,1,0,1,0
0,26,10,1,0,1,52.58,7,1,0,0,0
6,18,6,4,1,1,32.54,2,0,1,0,0
1,18,4,1,1,0,33.47,11,0,0,0,0
7,41,9,3,1,0,378.29,6,0,1,0,0
8,32,8,1,1,0,12.17,1,1,1,0,1
0,35,4,2,0,1,89.06,8,1,0,0,1
1,21,6,4,0,1,23.29,7,1,1,0,0
6,34,11,3,0,1,9.62,11,0,0,0,0
12,21,7,4,0,1,120.56,7,1,0,0,0
4,38,1,3,0,1,219.5,0,0,0,1,0
2,45,4,1,1,1,208.38,8,1,0,0,0
6,26,2,1,0,1,17.53,0,0,0,0,0
0,45,6,4,1,1,145.7,7,0,0,0,0
0,21,12,1,1,1,6.69,3,1,1,0,0
0,32,1,3,0,1,55.7,0,1,1,0,1
3,31,12,2,1,1,75.55,10,1,0,1,0
6,30,12,3,0,0,127.91,4,1,1,0,0
15,42,12,5,1,0,2172.03,9,1,0,0,1
12,33,1,3,0,0,459.08,0,0,0,0,1
11,23,1,5,0,1,126.76,12,0,0,0,0
10,17,12,5,0,0,84.51,8,1,0,0,1
11,33,8,3,0,0,393.5,1,1,0,0,0
1,19,8,3,1,1,17.95,4,0,0,0,0
0,30,5,2,0,1,52.78,7,0,1,1,0
8,21,2,2,0,0,93.74,4,1,0,0,1
1,19,6,1,1,1,17.95,2,0,0,0,0
1,34,10,2,1,1,97.13,5,0,0,0,0
0,28,4,2,0,1,44.24,4,0,1,1,0
3,23,12,2,1,1,36.88,10,1,0,0,0
4,24,8,5,0,0,53.26,2,1,0,0,0
3,44,10,1,0,1,225.04,2,1,1,0,0
6,46,7,5,0,1,496.26,2,1,0,0,1
10,28,9,4,0,0,27.14,12,0,0,0,0
5,33,4,5,1,1,103.87,1,0,1,0,0
1,19,4,1,0,1,26.77,4,0,0,0,0
2,42,1,4,0,1,4.8,6,1,0,0,1
3,19,8,4,1,0,79.94,4,1,1,0,1
7,31,9,2,1,0,87.24,0,0,0,0,1
3,19,4,3,1,0,26.68,3,0,1,0,0
1,29,4,5,1,1,44.03,1,0,0,0,0
5,18,8,2,0,0,38.24,8,0,1,0,0
5,24,9,1,1,1,46.86,7,0,1,0,0
0,55,1,1,1,0,15.3,2,0,1,0,0
1,60,10,5,1,0,775.21,1,1,0,0,1
5,29,7,5,0,1,101.24,5,1,0,0,1
0,42,8,3,1,1,96.74,7,1,0,0,0
4,34,1,2,0,1,134.45,7,1,0,0,0
13,21,10,2,0,0,142.8,2,0,1,0,0
0,36,4,1,1,1,68.24,1,1,0,1,0
7,27,2,2,0,0,89.88,8,1,1,1,0
1,43,10,4,1,1,119.62,1,1,1,0,0
6,43,7,2,0,1,385.96,2,0,0,0,1
8,27,11,3,0,1,115.04,5,0,1,1,0
0,23,3,5,1,1,22.4,5,0,1,0,1
5,17,3,5,0,0,49.68,4,1,0,1,0
0,28,2,5,1,0,35.03,0,0,1,0,0
6,18,3,4,1,0,16.96,6,1,0,0,0
4,21,6,1,0,0,44.1,7,1,1,0,0
12,24,6,4,1,0,258.47,1,0,0,0,0
1,17,7,1,1,1,12.14,5,1,1,0,0
8,18,6,4,1,1,47.65,2,1,1,0,1
6,17,4,5,0,1,39.16,0,0,0,0,1
0,23,3,5,1,0,29.19,1,1,0,0,0
6,50,2,2,0,1,691.05,10,1,0,0,1
0,29,9,3,1,1,36.82,1,0,0,0,0
0,30,3,4,1,1,32.65,4,1,1,0,0
3,44,9,4,1,0,293.38,1,1,0,0,0
3,20,4,4,1,0,42.35,6,0,1,0,1
1,37,6,3,1,0,91.9,9,1,1,0,0
1,40,9,1,0,0,194.88,11,0,0,0,0
0,42,4,1,1,1,113.22,4,1,0,0,0
7,19,7,5,1,0,72.2,0,1,1,0,0
8,45,10,5,0,1,470.04,8,1,1,0,0
0,19,3,1,1,0,19.21,1,1,0,0,0
12,43,5,2,0,0,1056.19,1,0,0,0,0
3,27,3,3,1,0,81.85,1,0,1,0,0
4,50,6,3,1,0,468.94,4,0,1,0,0
0,25,6,1,1,1,25.8,5,0,0,0,0
14,28,9,4,0,0,433.79,1,1,0,1,0
4,30,1,4,1,0,39.23,7,1,0,0,1
9,24,4,1,1,1,118.05,4,1,0,0,0
0,43,6,5,0,0,50.98,7,1,0,1,0
4,31,4,4,0,0,110.13,1,1,1,0,1
6,55,4,4,0,1,1014.33,13,1,0,0,0
12,29,9,2,0,0,262.46,6,1,1,0,1
5,17,1,1,1,1,30.76,2,0,0,1,0
0,33,1,4,0,0,81.17,14,0,0,0,0
1,26,1,2,1,1,27.4,5,0,1,0,0
0,24,6,1,1,1,69.28,1,0,0,0,0
0,42,10,5,1,1,113.22,14,1,0,0,0
6,42,7,4,1,0,38.69,1,1,0,0,1
3,44,7,5,1,1,43.12,5,0,0,0,0
4,51,4,2,1,0,509.05,7,0,1,0,0
13,20,5,5,0,0,160.61,5,0,0,0,0
3,23,7,1,0,0,58.47,0,0,0,0,1
2,53,11,1,0,0,531.88,7,0,1,0,0
0,26,7,5,0,1,32.8,3,0,1,0,1
1,21,12,2,1,0,28.36,4,1,0,0,0
0,42,7,4,1,0,117.68,1,1,1,0,0
3,20,1,5,1,1,28.29,4,0,0,1,0
9,22,5,2,0,1,89.21,1,1,0,0,0
6,35,1,3,0,1,190.38,4,0,0,0,0
0,19,3,3,0,1,24.26,3,0,0,1,0
0,25,5,1,1,1,25.8,0,0,0,0,0
5,20,7,3,1,1,40.21,7,0,0,0,0
1,37,9,1,1,1,90.52,8,1,0,0,1
6,32,1,2,0,1,34.31,2,1,0,0,0
0,26,7,1,1,1,79.84,8,0,0,0,0
6,48,7,2,1,1,547.09,3,0,0,0,0
0,41,1,4,1,0,81.02,3,1,1,1,0
3,24,10,4,1,0,43.99,3,1,0,0,0
7,20,4,4,1,0,21.69,5,0,0,1,0
4,24,9,1,0,0,57.8,9,0,1,0,0
6,29,12,2,0,0,166.77,4,1,0,1,0
0,22,5,2,0,1,27.55,8,1,0,0,0
0,18,8,3,1,1,13.7,1,1,0,0,0
0,32,10,3,1,0,49.81,1,1,1,0,0
13,26,12,5,1,0,24.37,7,0,0,0,0
6,29,11,2,0,0,62.82,2,1,0,0,0
5,34,3,5,0,1,156.86,6,0,0,0,1
4,41,2,5,1,1,172.77,0,1,1,0,0
11,21,10,2,1,0,168.84,3,1,0,0,1
0,44,11,3,1,1,134.8,7,0,0,1,0
5,31,6,1,0,0,150.95,3,1,0,0,0
8,22,2,2,1,0,74.68,14,0,0,0,1
8,28,12,5,0,1,133.91,0,1,0,0,0
3,29,2,3,0,0,79.17,4,1,1,0,0
3,23,4,3,0,1,82.14,2,1,1,0,0
0,24,4,4,0,1,26.78,10,0,1,0,0
6,17,7,4,0,0,39.76,9,1,1,0,0
6,27,10,2,1,1,90.22,11,0,0,0,0
5,22,10,4,1,0,50.1,13,1,1,0,0
0,20,1,3,0,1,18.66,0,1,1,0,0
1,21,2,1,1,1,17.9,1,0,1,0,1
2,18,3,1,1,1,63.03,3,1,0,1,0
8,33,7,5,0,0,221.13,2,1,1,0,1
1,22,11,1,0,1,72.9,2,1,1,0,0
6,34,2,1,0,0,228.81,9,1,0,0,1
9,24,12,2,0,0,136.74,8,0,0,0,0
12,22,5,5,0,0,168.96,11,1,0,0,0
12,42,1,1,1,0,23.28,3,0,0,1,0
0,20,11,5,0,1,72.09,1,1,0,0,0
7,35,4,3,0,1,5.69,13,0,0,0,0
0,26,1,4,0,1,39.45,5,1,0,0,0
4,27,2,3,0,1,72.69,12,0,0,0,0
0,41,11,4,0,1,120.92,12,1,1,0,1
6,21,8,4,0,0,81.53,6,0,0,1,0
0,19,4,1,0,0,26.86,4,1,0,0,0
2,18,7,2,1,1,19.59,6,0,0,0,0
5,22,11,1,1,0,50.1,1,0,1,0,0
3,36,1,3,0,1,113.92,8,1,1,0,0
6,22,11,2,0,0,77.2,10,1,0,0,0
6,29,12,3,0,0,147.68,7,0,0,0,1
0,40,4,1,1,1,26.51,1,0,0,0,0
6,37,5,4,0,1,188.07,0,0,1,0,1
6,35,4,4,0,0,228.79,6,1,1,1,0
1,37,6,1,0,1,117.78,8,1,0,0,0
13,20,9,2,0,0,130.41,7,1,1,0,0
4,42,11,5,0,0,277.37,1,0,1,0,0
1,19,11,2,1,1,14.92,3,1,1,0,1
6,22,3,3,0,1,69.72,1,0,0,1,0
8,36,2,5,1,1,285.49,13,0,0,1,0
4,43,1,5,0,1,297.26,5,1,0,0,1
6,27,4,4,1,0,93.78,7,1,1,0,0
1,37,5,1,1,1,53.43,2,1,0,0,0
0,36,9,3,0,1,89.03,2,1,1,1,0
8,41,10,4,0,0,611.73,3,1,0,1,0
0,19,10,1,0,1,17.04,2,0,1,0,0
1,35,4,1,0,1,80.48,11,1,1,0,0
1,17,7,5,0,1,19.91,7,1,0,0,0
0,19,1,4,0,0,25.22,1,0,1,1,0
7,19,7,4,1,0,13.7,1,0,0,0,0
0,50,1,4,1,1,17.25,8,1,0,0,0
0,35,8,4,0,1,86.98,1,1,0,0,0
0,24,5,1,1,1,23.82,0,0,0,0,0
6,21,1,2,0,1,55.09,12,0,0,0,0
3,24,2,1,1,1,40.6,11,0,0,1,0
0,35,4,5,1,1,62.21,13,0,0,0,0
5,17,2,4,1,0,26.08,5,0,0,1,0
5,46,5,1,1,0,495.99,4,1,0,0,0
1,29,7,1,1,1,44.03,10,0,0,0,0
0,58,7,5,0,1,8.62,3,0,0,0,1
12,33,9,5,0,1,56.75,10,1,1,0,0
0,20,1,2,1,1,61.93,4,1,0,0,0
0,31,12,3,0,0,78.59,2,0,0,0,0
0,38,4,4,0,1,112.62,2,1,0,0,0
8,23,5,1,1,1,92.38,10,1,0,0,1
8,27,3,4,1,0,8.2,12,1,1,0,0
0,27,10,3,0,1,35.01,0,1,1,0,0
0,28,10,4,0,1,48.25,8,1,0,0,1
0,33,4,1,1,1,52.29,1,1,0,0,0
0,39,4,4,0,1,141.84,4,0,0,1,0
2,28,11,5,0,0,78.32,9,0,0,0,0
1,20,4,5,0,1,21.27,3,1,1,0,0
4,27,3,4,0,0,95.28,1,1,0,0,1
6,37,11,5,0,1,188.07,13,1,1,0,1
4,24,10,3,1,0,53.65,5,1,0,0,0
6,49,3,3,0,0,32.34,4,1,0,0,1
8,51,8,2,1,0,48.21,5,0,1,1,0
16,32,7,2,0,1,439.34,5,0,1,0,0
0,28,12,1,0,0,69.75,8,0,0,1,0
6,28,11,2,0,0,132.03,13,1,0,0,0
3,18,11,2,0,0,34.05,8,1,1,1,0
9,20,12,4,0,0,79.21,3,1,1,0,1
11,28,7,2,0,0,205.92,0,0,1,0,0
0,29,8,3,1,0,47.14,12,0,0,0,0
4,43,1,2,0,0,301.79,5,0,1,0,0
3,38,3,5,0,1,135.29,7,0,1,0,0
4,47,11,3,0,1,405.7,2,1,0,0,0
2,19,5,2,1,1,65.49,4,0,1,0,0
2,30,11,2,1,1,57.51,5,1,0,0,0
16,45,9,3,1,0,58.8,12,0,1,0,1
4,22,7,5,0,1,55.98,4,0,1,0,0
0,24,2,3,1,0,24.52,8,0,1,0,0
6,22,7,1,1,0,73.8,11,1,0,0,0
4,20,10,3,0,1,44.8,2,1,0,1,0
6,18,12,3,1,0,42.65,3,0,1,0,1
5,34,12,5,0,0,3.54,6,0,0,1,0
2,30,2,5,0,1,73,1,1,0,0,0
7,22,12,4,1,0,88.25,1,0,0,0,0
1,20,8,1,0,0,33.53,11,0,0,0,0
0,59,11,3,0,1,638.65,1,1,0,0,0
6,21,12,5,0,1,55.09,6,0,0,0,0
11,17,7,1,0,1,73.47,3,1,0,0,0
0,19,5,1,0,0,26.86,1,1,0,0,0
0,37,1,3,1,1,75.69,2,0,0,0,1
12,27,10,3,1,0,89.41,5,1,0,0,0
1,40,10,4,1,1,37.67,7,1,1,0,1
3,27,12,2,1,1,94.76,4,0,0,0,0
5,29,9,5,0,1,101.24,6,0,0,0,1
1,18,9,5,1,1,16.48,7,0,0,1,0
6,28,8,2,0,0,123.95,1,1,1,1,0
0,42,11,1,0,0,202.64,1,1,0,0,0
6,39,1,5,1,0,328.6,7,0,0,0,0
3,19,10,2,1,1,25.83,8,0,0,1,0
12,33,8,4,0,0,459.08,6,0,0,0,1
0,23,9,1,0,0,44.63,7,0,0,1,0
12,32,3,1,1,1,52.62,4,0,0,0,1
4,22,8,1,1,0,51.6,9,1,0,0,0
1,19,2,1,0,0,24.85,2,0,1,0,0
8,30,9,3,0,1,132.83,11,0,1,0,1
6,26,12,3,1,1,68.62,4,1,1,0,1
8,17,3,2,0,0,63.57,6,0,0,0,0
8,21,6,2,1,0,60.25,2,1,1,1,0
4,29,3,3,1,1,62.61,5,1,1,0,1
0,37,1,4,1,0,94.64,1,1,0,0,0
3,18,6,5,1,0,29.99,3,0,0,0,0
0,18,6,1,0,1,15.55,5,0,1,0,0
4,30,9,4,0,0,140.28,3,1,0,1,0
3,18,4,4,1,1,56.32,8,0,1,0,0
0,28,7,4,1,1,27.37,2,1,1,0,0
0,24,3,4,0,0,34.29,10,1,1,0,0
5,31,6,2,0,1,117.91,6,0,0,0,0
3,35,1,2,1,1,86.92,6,1,1,1,0
13,36,7,1,0,0,678.48,12,1,0,0,1
2,32,3,2,1,0,87.74,3,0,0,0,0
6,19,5,5,1,0,97.76,6,1,0,0,1
13,19,7,1,0,0,169.53,6,1,0,1,0
0,23,12,1,0,1,34.86,4,1,0,1,0
10,45,4,5,0,0,49.22,11,1,0,0,0
5,22,5,2,1,1,67.28,2,1,0,0,1
6,42,2,1,1,1,331.2,1,0,0,0,0
0,17,6,5,1,1,52.8,13,1,1,1,0
1,42,9,2,0,1,149.95,7,0,1,0,1
5,38,6,2,1,0,204.82,5,1,1,0,0
3,31,11,3,1,1,35.83,9,1,1,1,0
0,34,5,1,1,1,81.77,3,1,0,0,0
6,50,10,3,0,0,14.43,11,0,1,0,0
0,21,8,1,0,1,25.17,5,0,0,0,0
0,34,5,1,1,1,57.05,5,1,0,0,0
3,54,9,3,0,1,525.71,4,1,1,0,1
3,20,6,1,1,1,28.29,3,0,0,1,0
4,36,4,3,1,0,144.21,4,0,1,0,0
6,30,2,4,1,1,97.8,6,1,1,0,1
5,34,5,3,1,0,178.64,1,1,0,0,0
1,28,8,3,1,0,51.6,9,0,0,0,0
13,26,7,2,0,0,282.24,13,0,0,0,1
6,35,5,2,0,1,81.27,5,1,0,0,0
1,18,2,1,1,0,20.97,2,1,0,0,0
9,30,5,1,0,1,182.05,12,0,0,0,0
0,31,5,2,0,1,61.39,5,1,0,0,0
8,21,12,5,0,0,44.71,11,1,0,0,0
2,19,4,3,1,0,27.48,7,1,0,0,0
7,31,12,3,1,0,201.33,2,0,0,0,1
2,31,7,4,0,1,64.72,12,0,1,0,0
9,21,8,5,0,1,81.49,9,1,0,0,0
1,43,11,5,1,0,14.18,2,0,0,0,0
5,19,4,4,1,1,25.72,3,0,0,0,0
9,24,1,3,0,0,2.58,11,0,1,0,0
0,47,10,3,1,1,172.13,8,1,0,0,0
6,25,1,5,1,1,68.49,10,1,1,0,0
5,28,7,2,1,1,82.44,1,0,0,0,0
4,17,11,1,1,0,32.73,11,1,0,0,0
1,20,12,2,1,1,44.97,7,1,1,0,0
1,36,10,3,0,0,88.23,3,1,0,1,0
5,41,10,2,0,1,279.37,4,1,0,0,0
9,17,7,4,0,0,72.44,6,1,0,0,0
2,39,12,2,0,0,165.57,6,1,1,0,0
12,33,10,1,0,1,9.96,4,1,0,0,0
0,26,2,3,1,1,22.91,1,1,1,0,0
10,26,11,3,1,1,169.85,6,1,0,1,0
0,23,9,1,1,1,17.51,12,1,1,0,0
4,18,3,5,0,1,32.29,5,1,0,0,0
0,18,11,1,0,1,19.61,0,0,0,0,1
0,24,4,2,0,1,97.48,6,0,0,1,0
9,37,4,3,1,1,56.18,3,0,1,1,0
11,19,2,2,1,0,114.3,0,0,1,0,1
4,22,1,1,0,0,48.28,8,1,1,0,0
2,38,3,2,1,1,94.11,14,1,1,1,0
4,25,4,5,0,1,60.82,6,0,0,0,0
4,25,2,3,0,1,60.82,0,0,0,0,0
0,48,2,2,0,0,387.01,4,1,0,1,0
12,27,8,3,1,0,274.35,6,1,1,0,0
3,32,9,3,1,1,66.55,6,1,1,0,0
0,27,7,3,1,1,73.32,2,1,0,0,0
1,35,1,1,1,0,77.34,8,0,1,0,0
0,41,10,1,0,0,186.19,5,1,0,0,0
0,36,4,3,1,1,17.86,3,1,0,0,0
2,27,9,5,0,1,55.99,2,0,0,0,0
0,19,5,3,0,1,20.98,5,0,0,0,0
2,52,11,5,0,0,33.33,12,0,0,0,1
8,28,3,2,0,1,154.82,6,1,0,1,0
0,19,10,5,1,1,41.51,5,0,1,0,0
6,22,4,5,0,1,60.3,1,1,0,0,0
2,19,4,2,0,1,22.65,5,1,1,0,1
1,46,5,4,1,0,9.26,4,1,0,0,0
0,27,2,4,1,1,68.65,3,0,1,0,0
7,33,9,3,0,1,186.7,7,1,0,0,1
7,35,4,2,0,0,225.49,2,1,1,0,0
5,23,7,4,1,1,54.01,1,0,0,0,1
10,26,7,5,0,0,151.29,1,0,1,0,0
9,18,5,4,0,0,64.46,9,0,1,0,0
3,23,11,3,0,0,46.37,0,1,1,0,0
0,31,4,5,0,0,78.59,2,0,0,0,0
6,23,7,3,1,0,80.76,5,1,0,0,0
0,20,10,3,0,1,22.98,5,1,0,0,0
4,38,10,5,1,0,210.93,7,0,0,0,0
13,18,8,4,0,1,104.54,1,1,0,0,0
7,20,4,2,0,1,58.69,14,0,0,0,1
0,30,2,2,1,0,51.48,5,0,0,0,0
0,23,1,1,1,1,21.57,12,1,0,0,0
6,17,12,5,0,0,39.76,5,1,1,0,0
5,19,6,3,0,1,41.27,1,0,0,0,1
4,27,5,4,1,1,63.09,13,1,0,0,0
3,26,6,1,1,0,50.47,7,1,1,1,0
2,30,12,3,0,1,73,5,1,0,0,0
0,51,8,3,0,1,4.71,2,0,0,1,0
0,55,4,4,1,1,331.47,0,1,0,0,0
6,34,6,3,0,0,228.81,4,0,0,0,1
6,25,3,5,0,1,65.65,5,1,1,0,1
6,47,4,3,1,0,58.18,4,1,0,0,1
0,19,12,2,1,0,19.67,0,1,0,0,1
5,43,8,2,1,0,385.75,4,0,0,0,0
6,24,12,4,0,0,94.63,3,1,0,0,1
6,42,9,2,0,1,281.31,7,0,1,0,0
3,20,8,2,0,0,50.33,1,1,0,1,0
8,34,9,2,1,0,307.38,4,1,0,1,0
1,28,1,4,1,0,41.9,2,1,1,0,0
0,26,11,3,1,1,23.05,3,0,1,1,0
13,23,6,3,1,0,284.24,3,0,0,1,0
8,54,4,2,1,0,90.48,0,1,0,0,0
10,21,5,3,0,1,92.86,4,1,0,0,0
4,23,10,5,0,0,65.07,4,1,0,0,0
12,24,7,4,1,0,211.14,7,0,1,1,0
2,19,12,2,1,0,92.31,10,0,0,1,0
4,26,3,2,0,1,38.93,6,0,1,0,0
4,21,3,1,1,1,36.82,4,1,0,0,0
10,33,6,3,0,0,280.41,2,1,1,0,0
0,32,12,4,1,0,62.82,1,0,0,0,1
6,22,2,3,0,1,61.74,0,1,0,0,1
0,45,1,5,1,1,28.58,11,0,1,0,0
5,33,3,2,1,1,8.63,0,0,1,1,0
5,23,7,3,1,0,45.71,0,1,0,1,0
5,45,9,5,0,0,416.44,10,0,1,0,1
4,19,8,5,0,1,28.72,1,0,1,0,0
9,21,7,5,0,0,106.82,14,0,0,0,1
7,21,2,5,1,1,15.71,6,1,1,0,0
8,48,12,3,0,1,43.27,0,1,0,0,1
0,27,11,2,1,1,25.19,10,0,1,1,0
8,33,11,5,1,0,280.09,1,1,0,0,0
4,56,10,2,0,1,794.97,8,0,1,1,0
0,28,9,2,0,1,50.42,4,0,0,0,0
6,20,11,1,0,0,74.46,2,0,0,1,0
5,32,9,3,1,1,117.23,6,1,0,0,0
4,31,8,1,1,0,9.8,7,1,1,0,0
2,49,9,4,1,0,60.5,1,0,1,1,0
1,20,7,1,0,1,26.82,7,1,0,0,1
0,56,1,1,0,1,502.35,5,1,0,0,0
0,19,2,3,1,1,15.01,2,0,0,0,0
14,42,6,2,0,0,1047.8,4,1,1,0,1
3,37,3,5,1,1,126.44,6,0,0,0,0
1,38,9,5,1,0,42.64,6,1,0,0,0
2,32,9,2,0,0,90.43,2,0,1,0,0
0,37,1,4,1,0,27.08,3,1,0,1,0
7,21,10,3,0,1,62.77,5,0,0,0,0
11,34,11,2,0,0,429.26,6,1,0,0,0
6,21,4,4,1,1,52.66,2,1,0,0,0
0,36,10,2,0,0,121.4,1,1,0,0,0
6,19,8,2,0,0,58.8,10,1,0,0,0
0,36,10,1,1,1,67.83,2,1,0,0,0
3,41,4,3,1,0,229.14,2,1,0,1,0
0,45,10,2,0,1,191.24,6,1,1,1,0
8,19,1,5,1,0,80.87,2,0,0,1,0
6,35,5,3,0,1,190.38,3,0,0,0,0
9,19,12,2,1,0,96.13,8,0,0,0,0
4,22,1,1,0,1,46.44,3,1,0,0,0
0,61,1,5,0,1,748.41,2,1,0,0,0
8,19,2,3,0,1,70.74,2,0,0,0,0
4,40,10,2,0,1,80.24,9,1,0,1,0
8,29,5,1,0,0,216.52,2,0,0,1,0
5,19,10,4,0,1,32.73,8,0,1,0,0
0,29,10,3,1,1,36.82,2,0,0,0,0
0,26,3,1,1,1,29.54,4,0,0,0,0
6,25,9,1,1,1,62.76,8,1,1,0,1
0,25,3,1,1,1,43.95,2,0,0,0,0
6,30,2,1,0,1,125.99,6,1,0,0,1
7,36,1,2,1,0,246.65,4,1,1,0,0
0,20,2,3,1,0,21.05,9,1,0,0,0
3,18,11,4,1,1,23.43,7,0,0,0,0
3,50,10,3,0,1,379.28,0,1,1,0,1
6,32,5,3,0,1,150.15,7,1,0,0,1
2,39,8,5,1,1,37.24,5,1,0,0,0
7,34,11,2,1,0,207.45,7,1,1,0,0
9,28,4,1,0,0,195.33,2,1,0,0,0
3,47,7,5,0,0,455.81,4,0,0,0,0
0,46,3,5,0,1,46.1,1,1,1,0,0
8,25,6,3,1,1,67.34,2,1,0,0,0
3,32,2,2,0,1,99.13,9,1,0,0,0
9,41,8,2,0,0,602.89,3,1,0,0,0
6,43,9,2,0,1,376.96,3,1,0,0,0
0,52,6,2,0,1,363.27,1,1,0,0,0
3,42,1,2,0,1,270.75,5,0,0,1,0
8,21,8,5,0,1,71.52,9,0,0,0,0
0,23,2,5,1,1,17.93,1,0,1,0,1
4,29,12,5,0,1,86.78,7,0,0,0,0
2,30,9,1,1,0,59.78,5,1,1,0,0
1,29,6,3,0,0,73.31,6,1,0,0,0
1,21,1,1,1,0,50.55,2,0,1,1,0
0,54,6,5,1,0,391.37,0,0,0,0,0
9,31,9,1,0,0,206.61,8,0,1,0,0
1,26,3,4,0,1,51.97,8,1,0,1,0
7,34,1,2,0,0,254.64,7,1,0,0,0
11,17,4,4,0,0,94.05,1,0,0,0,0
0,25,1,4,0,1,36.08,5,0,0,0,0
7,30,6,5,0,1,143.56,3,1,0,0,1
1,27,2,4,0,1,49.14,7,1,0,0,0
10,19,3,5,0,1,77.42,8,0,0,0,0
0,31,3,1,0,1,61.39,2,1,0,0,0
7,39,11,2,1,0,392.98,5,0,0,0,0
2,19,5,4,1,1,17.43,2,0,1,0,0
2,42,8,1,0,0,52.17,8,0,0,0,1
7,44,12,4,0,0,485.64,1,1,1,0,0
8,22,12,3,0,0,100.23,3,1,0,0,0
1,40,9,1,1,0,118.78,7,0,1,0,0
12,27,8,4,0,0,264.44,1,1,0,0,0
6,24,4,3,1,1,69.02,1,1,0,0,0
0,31,5,1,1,1,50.93,2,1,0,0,0
5,25,11,1,1,0,80.81,12,0,0,0,0
4,21,11,4,1,1,87.33,5,0,1,0,0
4,20,3,3,0,0,49.6,4,0,0,0,0
0,20,1,5,0,1,18.66,3,0,1,0,0
5,22,10,5,1,1,48.2,11,1,0,0,0
3,41,3,2,0,1,248.78,2,0,0,1,0
15,36,2,5,0,0,994.73,12,1,0,1,0
0,39,8,4,0,0,181.58,4,1,0,1,0
6,34,10,4,1,0,64.08,4,0,1,0,1
9,36,5,4,0,1,307.07,3,0,0,0,0
2,42,2,4,0,1,205.52,11,1,0,0,0
2,47,8,1,0,1,312.48,9,1,0,0,0
6,30,5,1,0,0,157.53,1,0,0,0,0
5,31,11,5,0,1,95.74,6,1,1,0,0
8,39,2,1,1,1,367.11,0,0,0,0,0
5,19,4,2,0,0,51.6,3,0,0,0,0
12,19,11,5,1,0,164.42,1,1,0,0,0
0,47,7,1,0,1,195.42,3,0,1,0,0
7,25,3,4,0,0,108.13,9,0,1,1,0
6,25,5,5,1,0,78.47,0,0,1,0,0
3,25,11,5,0,1,44.37,11,1,1,0,1
6,33,11,2,0,1,160.03,11,0,0,0,0
3,29,11,5,0,1,76.16,4,1,0,0,0
10,20,9,2,1,0,125.93,10,1,0,0,0
2,29,10,4,0,1,66.84,10,1,0,0,0
1,45,1,5,0,0,297.15,2,1,0,0,0
3,28,5,5,1,0,73.8,5,1,0,0,0
3,35,4,4,1,0,110.61,5,0,1,0,0
6,57,4,5,0,0,1525.22,9,1,0,0,0
3,20,1,1,0,1,34.82,10,0,0,0,1
6,19,4,3,0,0,58.8,2,1,0,0,0
5,26,11,2,1,1,56.04,11,0,1,0,0
2,21,1,4,0,1,33.46,12,1,0,0,1
4,18,4,3,0,1,32.29,2,0,0,0,0
4,26,8,2,0,1,66.5,4,1,0,0,0
1,40,8,2,0,1,123.61,8,1,1,0,0
0,28,4,1,1,1,33.7,5,1,0,0,0
7,21,5,1,1,1,62.98,9,1,0,0,0
2,26,7,1,1,1,40.35,0,1,0,0,0
6,27,3,4,0,1,76.63,1,0,1,0,0
4,26,6,4,0,0,70.78,1,1,1,0,1
5,20,2,3,1,0,51.48,3,1,0,0,0
7,57,1,2,0,0,1779.41,1,1,0,0,1
5,21,12,3,0,0,58.1,7,0,1,1,0
0,22,9,4,1,0,24.38,4,0,1,1,0
2,19,4,3,1,1,21.47,5,1,0,0,0
3,26,7,5,1,0,50.67,10,1,0,0,0
6,20,8,5,1,0,61.56,2,1,0,0,0
3,39,5,5,0,0,188.66,8,0,1,0,0
15,22,2,1,1,1,295.31,0,1,0,0,1
9,31,4,5,0,0,294.2,0,0,0,1,0
2,28,9,1,1,0,79.83,6,0,1,0,0
0,34,11,1,0,1,49.24,4,1,0,0,1
7,19,10,5,0,1,43.51,13,0,1,0,1
4,24,5,1,1,1,39.18,12,1,1,0,0
0,51,11,1,1,1,9.01,1,0,0,0,0
10,18,11,1,0,0,75.21,9,0,1,0,1
6,19,2,2,0,0,83.52,5,0,0,0,0
0,31,3,1,0,1,70.97,7,1,0,1,0
7,33,8,4,1,1,53.44,6,1,0,0,0
15,24,8,5,0,0,248.8,5,1,1,0,1
2,28,12,1,1,1,39.14,12,0,1,0,0
1,20,2,5,0,1,21.27,11,0,1,0,0
6,43,3,2,0,1,376.96,3,0,0,0,0
0,24,6,2,0,1,38.14,4,1,0,1,0
0,37,4,1,1,0,30.7,4,1,0,0,0
12,18,10,2,1,0,121.85,4,0,1,0,0
2,27,7,5,1,1,49.68,7,1,0,0,0
12,56,9,4,0,0,3080.61,4,0,0,0,0
1,22,3,2,1,1,23.57,6,0,0,0,0
6,46,2,1,0,1,484.69,3,1,0,0,0
0,46,12,1,0,1,179.81,12,1,1,0,0
8,20,5,2,1,1,1.4,0,1,0,0,0
7,34,4,4,0,0,239.05,4,1,1,1,0
0,41,4,4,0,1,118.1,4,1,1,0,0
0,28,6,4,1,1,55.09,1,1,0,0,0
11,27,2,2,0,0,268.32,4,0,0,1,0
7,35,5,2,0,1,53.93,4,0,0,0,0
4,34,10,2,0,1,134.45,9,1,0,0,0
1,20,2,3,0,1,21.27,11,1,1,0,0
4,18,11,3,0,1,32.29,5,0,0,0,0
8,37,2,1,0,0,18.71,2,1,0,0,0
5,25,2,4,0,1,80.12,5,1,0,1,0
1,24,2,1,1,1,28.39,6,1,0,1,0
2,36,4,4,1,1,97.01,6,0,0,0,0
3,17,2,5,1,0,70.15,6,1,1,0,0
6,42,4,1,1,1,339.1,4,0,0,0,1
6,38,10,4,1,1,59.24,13,1,0,0,0
4,31,1,1,0,0,107.57,5,1,1,0,0
0,32,8,2,0,1,67,13,0,0,0,0
9,24,3,5,1,0,151.12,9,0,0,0,0
0,34,1,2,0,0,82.91,6,0,1,0,0
2,19,5,5,0,1,7.14,4,1,0,0,0
11,21,11,2,1,1,104.59,0,1,1,0,0
4,22,2,4,1,1,98.43,4,1,0,0,0
3,57,5,2,0,1,805.33,12,1,0,0,0
6,19,6,3,0,1,37.29,10,0,1,0,0
0,38,9,2,1,1,47.21,2,1,0,0,0
0,40,5,5,0,1,125.42,8,0,1,1,0
2,32,8,5,1,1,78.85,0,0,1,0,0
5,27,10,4,0,0,106.04,4,0,0,0,0
5,36,8,3,1,1,135.53,4,0,1,1,0
0,40,2,5,1,1,22.02,6,1,0,0,1
9,19,4,3,1,0,96.13,12,1,0,0,0
0,19,5,5,1,1,12.19,10,1,1,0,0
12,34,6,4,0,1,441.74,7,1,0,1,0
8,26,11,4,0,0,165.92,10,0,0,1,0
0,37,9,2,1,1,73.93,11,1,0,0,0
13,25,5,4,1,1,214.43,2,0,1,0,0
0,38,7,5,0,1,112.62,14,1,0,0,0
4,21,8,4,0,1,35.27,1,1,1,0,1
3,26,11,1,1,1,48.26,0,0,0,0,0
0,21,1,1,1,0,21.7,12,1,0,1,0
3,23,3,4,1,1,29.95,5,0,1,0,0
3,27,3,3,0,0,83.62,2,0,0,0,1
6,36,10,2,0,1,212.51,5,1,0,0,1
11,29,7,3,1,0,345.35,11,1,0,0,1
0,21,8,4,0,1,37.44,5,1,0,0,0
2,22,2,2,0,0,37.18,8,1,1,0,0
6,23,2,1,0,0,84.48,11,1,0,0,0
1,30,4,4,0,1,64.06,1,1,0,0,0
0,20,4,5,0,0,23.89,1,1,1,0,0
1,35,4,5,1,0,97.52,6,1,0,0,1
1,23,5,5,1,1,16.43,7,1,0,0,0
18,18,6,4,0,0,213.71,6,1,1,0,1
3,21,7,5,1,1,54.77,8,1,0,0,1
2,31,8,3,0,1,74.82,3,1,1,1,0
9,31,3,2,1,1,178.37,4,1,1,0,0
3,24,9,5,0,0,63.97,3,0,0,0,1
9,32,1,1,0,0,277.75,7,0,0,0,0
2,34,9,1,1,0,8.38,2,0,0,0,0
13,21,8,5,1,0,191.5,9,1,1,0,0
0,27,6,5,1,0,39.48,2,0,0,0,0
11,32,10,2,1,0,449.49,2,0,0,0,1
2,19,4,5,0,0,28.32,0,1,1,0,0
0,25,12,5,1,1,20.95,11,0,1,0,0
1,24,4,5,1,1,28.22,3,1,0,0,0
6,23,9,1,0,1,54.86,7,0,1,0,1
5,27,10,2,0,1,83.25,5,0,0,0,1
2,25,4,4,0,0,69.33,4,0,0,1,0
3,27,5,3,1,1,71.12,11,0,1,0,1
4,22,2,2,0,0,1.36,15,0,0,0,0
1,26,7,4,0,0,93.3,6,0,1,1,0
6,31,6,2,0,1,111.7,7,1,1,0,1
3,18,8,3,1,1,23.43,9,1,0,0,0
1,38,7,4,1,1,96.33,8,0,0,0,0
0,27,8,4,1,1,25.04,5,1,1,0,0
2,20,3,5,1,0,30.1,4,0,0,0,0
1,42,12,4,0,1,180.37,7,0,0,0,0
6,47,9,2,1,1,506.59,7,0,0,1,0
10,30,4,2,0,0,307.03,14,0,0,1,0
4,41,1,3,0,1,245.18,2,0,0,0,0
7,22,4,4,1,0,59.84,7,1,1,1,0
6,36,12,1,0,0,265.71,3,1,0,0,0
0,40,3,4,1,0,122.33,2,1,0,0,0
10,33,6,2,1,0,39.06,3,1,0,0,0
2,52,7,2,0,0,698.08,1,0,0,1,0
0,19,5,5,0,1,20.98,8,1,0,0,0
3,51,10,5,0,0,633.98,2,1,0,0,0
1,56,7,4,1,1,429.68,1,0,0,0,0
2,36,6,1,0,0,131.04,9,1,1,0,1
0,32,10,4,0,0,85.78,3,0,0,0,0
6,36,7,4,1,0,254.01,6,1,0,0,0
3,24,11,3,1,1,40.6,1,0,0,1,0
3,21,3,5,0,1,30.23,1,1,1,0,0
2,32,5,3,1,1,55.99,1,1,1,1,0
0,20,1,3,0,1,46.08,3,1,0,1,0
0,24,10,3,1,0,30.2,2,1,0,0,0
2,41,8,4,1,0,87.73,1,1,1,0,0
6,18,12,1,0,0,74.94,9,1,1,1,0
3,19,3,2,0,1,31.04,1,0,0,0,0
8,30,1,1,0,0,170.04,2,1,1,0,1
2,23,6,1,1,0,32.06,2,0,1,0,0
0,38,4,1,0,0,144.18,11,0,0,0,0
4,22,3,5,0,0,31.51,13,0,1,0,0
6,27,2,4,1,0,49.22,6,0,0,0,1
0,18,9,4,1,1,11.12,3,0,1,0,0
0,30,7,1,1,1,32.65,6,0,1,0,0
5,23,7,5,1,0,77.73,5,0,0,0,1
2,25,8,1,1,1,36.91,5,0,0,0,0
0,53,3,4,0,0,84.36,6,1,0,0,0
1,54,3,4,1,0,91.99,7,0,0,1,0
12,28,10,4,1,1,295.31,11,0,0,0,1
6,37,7,5,0,0,235.15,1,0,1,0,0
5,25,1,2,0,0,88.72,11,0,0,0,0
4,21,9,4,1,1,36.82,4,1,0,0,0
3,22,10,5,0,0,48.99,3,1,1,1,0
3,29,10,1,1,1,62.98,2,0,0,0,0
9,36,5,2,1,0,434.45,0,1,0,0,0
9,38,9,3,0,0,466.85,6,0,0,0,0
8,31,9,3,0,0,258.19,12,0,0,1,0
0,19,11,2,0,1,17.04,3,1,1,0,0
9,20,1,5,0,1,74.42,8,1,0,0,0
0,23,9,1,1,1,21.57,2,1,0,0,0
0,17,12,4,1,1,12.5,8,1,0,0,0
11,29,10,2,1,0,77.25,1,1,0,0,0
1,20,12,3,0,1,21.27,1,0,1,0,0
8,24,8,5,0,1,77.93,5,1,1,0,1
3,24,2,5,1,0,41.95,7,1,1,0,0
2,42,7,1,0,1,92.55,5,0,0,0,0
8,20,11,4,0,1,65.32,0,0,0,0,0
12,17,5,1,0,0,59.43,7,0,0,0,0
0,37,3,3,0,0,132.32,5,0,0,0,0
0,43,9,4,0,0,220.48,8,0,0,0,0
4,39,12,1,0,1,211.75,3,1,0,0,1
6,17,9,3,1,0,86.32,5,0,1,0,0
6,21,12,2,1,0,67.82,4,1,0,1,0
2,40,4,1,0,0,222.06,1,0,0,0,0
4,27,12,2,1,1,51.22,3,0,1,0,0
6,19,5,4,0,1,45.93,8,1,0,0,0
4,19,10,5,0,0,36.77,2,0,1,0,0
1,19,10,3,0,1,19.42,4,0,1,0,0
3,47,11,1,1,1,239.05,10,0,1,0,0
0,25,5,4,0,0,46.19,8,1,0,0,0
3,25,3,1,1,1,44.14,5,1,0,0,0
4,31,2,4,0,1,84.02,5,1,1,0,0
3,18,3,3,1,1,23.57,4,1,0,1,0
2,45,1,5,0,1,84.66,6,0,0,0,0
7,25,8,1,0,1,10.97,3,1,0,0,0
0,44,3,3,1,1,133.99,1,0,0,0,0
3,47,10,3,1,0,45.37,11,1,0,0,1
1,47,1,4,1,1,207.1,3,0,0,1,0
2,45,11,4,0,1,270.81,4,0,0,0,1
12,27,2,4,0,0,92.66,2,1,0,0,0
8,25,6,4,0,1,102.53,5,0,0,0,0
0,32,9,3,0,1,68.6,14,0,0,0,1
7,29,3,3,1,1,104.59,11,0,1,0,0
0,25,11,4,1,1,9.93,9,0,1,1,0
1,20,7,5,0,1,26.19,0,0,0,0,0
6,35,7,5,0,1,154.58,4,0,1,0,0
3,33,4,3,0,0,39.07,12,0,1,1,0
0,33,10,1,1,0,91.36,11,0,0,0,0
3,35,3,4,0,1,128.68,3,0,0,0,0
9,25,5,1,0,1,119.61,5,1,0,0,1
8,24,12,4,1,1,98.71,3,0,0,0,0
0,20,12,4,0,1,18.66,2,1,1,0,0
6,22,3,2,0,1,50.13,7,1,1,0,1
1,23,1,4,0,0,41.29,1,0,1,1,0
3,25,1,2,1,0,43.62,6,0,1,0,0
3,18,10,2,1,1,67.63,10,1,0,0,0
7,28,11,1,0,1,117.52,1,0,0,0,0
0,18,10,1,0,1,15.55,0,0,1,0,0
6,32,7,2,0,0,152.44,5,1,1,0,0
10,29,12,2,0,1,219.6,1,1,0,1,0
8,28,3,1,0,0,139.19,11,1,1,0,0
11,33,6,5,0,0,92.22,4,1,0,0,1
5,21,2,4,0,0,61.89,13,1,0,0,0
8,23,3,4,0,0,48.85,4,1,0,0,1
4,32,7,4,1,1,79.59,2,1,1,0,0
6,20,8,4,0,1,41.82,5,1,1,0,1
13,39,11,2,0,0,98.57,6,1,1,0,1
0,21,3,5,0,1,29.1,5,1,0,1,0
3,19,6,1,0,0,39.74,6,0,0,0,0
16,46,12,5,0,1,21.9,3,1,0,0,1
2,19,10,2,0,0,14.05,7,1,0,0,0
4,36,12,5,1,0,177.61,1,1,0,0,0
3,40,4,4,0,1,197.65,4,0,0,0,0
6,28,11,1,1,1,33.87,6,1,0,1,0
0,52,3,4,0,1,371.94,10,0,0,0,1
6,19,8,1,0,0,67.98,3,0,0,1,0
6,33,3,1,0,0,236.85,3,1,0,1,0
0,23,8,2,0,1,80.65,9,1,0,0,0
3,34,12,5,1,1,43.51,9,1,0,0,0
0,20,8,3,1,1,13.35,13,1,1,0,0
4,37,11,3,0,1,144.86,2,0,1,0,1
5,26,10,2,0,1,63,13,0,1,0,1
3,30,3,1,1,1,68.78,2,0,0,0,0
1,54,6,4,1,0,84.61,1,0,0,0,0
6,27,3,2,1,0,21.15,6,0,0,0,1
0,22,5,4,0,1,31.85,2,1,0,1,0
5,52,1,3,0,0,893.27,9,0,0,0,0
12,28,7,1,1,0,94.71,6,0,0,1,0
6,22,8,5,0,0,93.74,10,1,0,1,0
6,19,8,2,0,1,45.93,1,1,0,0,0
4,21,3,5,1,1,36.82,7,1,0,0,0
0,24,5,1,1,1,23.59,6,0,0,0,0
0,18,12,4,1,0,17.54,0,0,0,0,0
8,21,3,5,1,0,96.41,3,0,0,0,0
1,38,11,1,0,0,164.29,8,0,0,0,0
1,19,5,1,0,1,19.42,4,1,1,0,0
8,31,7,5,1,1,188.08,3,1,0,0,1
1,39,3,5,1,1,30.69,5,1,0,0,0
6,32,5,1,1,1,79.41,5,0,0,0,0
12,28,5,4,1,1,288.42,4,1,0,0,0
4,26,11,3,1,0,59.99,2,1,1,0,0
1,20,4,2,1,0,25.17,10,0,0,0,0
6,22,6,3,1,0,59.92,6,1,1,0,0
0,25,12,3,0,0,53.4,4,1,0,1,0
4,26,4,5,1,1,46.86,1,0,1,0,0
0,29,2,3,1,1,29.9,3,0,1,0,0
5,42,2,4,0,1,304.05,7,0,0,0,0
6,23,12,1,0,1,76.3,5,1,0,1,0
3,28,8,1,1,0,73.8,13,1,0,0,0
0,20,5,5,0,1,22.98,13,1,0,0,0
10,32,3,1,1,1,293.6,5,1,0,0,1
7,20,4,4,0,0,84.84,1,1,0,1,0
6,44,2,5,1,1,83.24,0,1,0,0,1
4,49,5,2,0,1,553.51,13,1,0,1,0
12,29,8,5,0,1,252.49,3,1,0,0,1
6,37,4,4,1,0,276.85,2,0,0,0,0
9,23,7,4,1,0,138.13,13,1,0,0,0
0,19,6,5,0,1,17.04,0,1,1,0,0
10,39,4,3,0,1,367.53,4,1,1,0,0
5,19,11,3,1,0,48.12,1,1,0,0,1
4,23,4,3,0,1,47.72,1,1,1,1,0
1,22,2,2,1,1,19.13,6,0,1,0,0
1,19,12,2,0,0,24.85,2,1,1,0,0
0,19,5,3,0,1,20.98,3,0,0,0,0
10,34,4,3,0,1,294.28,4,0,0,0,0
0,18,6,2,1,1,11.12,2,1,1,0,0
4,26,11,1,1,1,16.39,1,1,0,0,1
9,29,2,2,1,1,51.6,2,1,1,0,1
0,32,2,2,0,0,87.83,12,0,0,0,1
3,31,10,2,0,0,94.4,10,1,1,0,0
1,33,3,1,1,0,65.01,8,1,1,0,0
5,45,6,5,0,0,500.92,7,0,0,0,0
8,25,7,1,0,1,104.97,8,0,0,0,1
2,37,5,3,1,1,26.87,7,1,1,0,0
4,50,4,2,0,1,82.68,2,0,0,0,0
4,22,4,3,1,0,20.47,9,1,0,0,1
0,49,1,3,0,0,295.21,0,1,1,0,0
0,25,10,3,1,1,28.93,8,1,0,0,0
0,38,2,4,0,0,93.12,5,0,1,0,0
0,47,1,1,1,1,4.92,6,1,0,0,1
7,19,1,4,1,1,52.51,5,1,0,0,0
6,58,4,4,1,0,1579.53,2,1,0,0,0
3,28,4,5,0,0,89.25,2,0,0,0,0
0,18,3,1,0,1,15.55,8,0,1,0,0
7,28,11,4,0,0,141.23,1,0,1,1,0
0,28,10,4,1,0,43.15,0,0,0,0,0
0,33,12,3,1,1,43.48,8,1,1,0,1
0,19,12,3,1,1,15.01,1,0,0,0,0
12,36,1,4,1,0,743.07,5,1,0,0,0
0,29,8,2,1,0,47.14,1,0,0,0,0
0,29,4,1,1,1,36.82,6,1,0,0,0
9,26,5,4,0,1,30.72,4,0,0,1,0
7,48,3,1,0,0,677.83,1,0,1,0,0
8,52,7,2,0,0,1353.06,4,0,0,0,1
3,35,3,3,0,0,164.74,7,1,0,0,0
1,19,5,1,1,1,17.95,5,0,0,0,0
6,38,8,3,0,0,323.09,7,0,0,0,1
3,37,7,2,0,0,75.76,0,0,1,0,0
4,18,2,1,0,0,47.79,2,1,0,1,0
0,25,7,4,0,1,9.09,0,0,0,0,0
0,54,7,4,0,0,547.19,5,1,0,0,0
8,25,10,4,1,0,138.21,7,0,0,0,0
6,20,2,1,1,0,61.56,4,0,0,0,0
8,25,5,5,0,1,15.65,2,1,0,0,0
8,18,2,3,1,0,73.37,4,0,0,0,0
4,41,1,1,1,0,272.39,1,0,0,0,0
2,29,3,3,0,0,85.57,5,1,0,0,0
3,54,10,2,1,1,434.7,2,1,1,0,1
0,27,1,5,1,1,6.07,4,1,1,0,0
3,22,4,2,0,0,52.18,3,1,0,0,0
7,38,10,5,1,0,360.76,8,0,0,0,0
7,42,3,1,0,0,35.83,5,1,0,0,0
8,26,5,3,0,1,112.1,4,0,0,0,0
11,36,8,3,0,1,331.45,2,1,1,0,1
9,43,2,4,0,1,644.76,3,0,0,1,0
0,21,2,1,1,1,14.62,6,0,1,0,0
7,27,10,1,1,1,40.46,1,0,0,0,1
0,18,10,3,1,1,46.54,4,1,0,0,1
0,30,1,5,1,1,40.21,5,0,0,0,0
0,31,5,5,0,1,61.39,0,0,0,0,0
6,42,7,3,0,0,360.13,7,1,1,0,0
6,27,4,1,0,1,94.38,13,1,0,0,0
12,33,2,5,0,0,448.37,5,1,0,0,0
1,33,7,4,1,1,62.54,9,0,0,0,0
0,22,8,3,0,0,35.27,9,0,0,0,0
2,21,10,2,1,0,32.96,5,1,0,0,0
6,28,2,3,0,1,119.24,2,0,0,1,0
7,54,4,5,1,0,1369.16,4,1,0,0,0
2,40,10,3,1,0,174.95,2,1,0,0,0
0,22,10,1,1,1,19.82,2,1,0,1,0
8,35,5,5,0,1,247.18,2,0,0,0,0
4,22,10,3,0,1,46.44,7,0,0,0,0
0,27,7,2,0,0,44.82,4,1,1,0,0
12,51,8,2,0,0,2052.82,6,0,0,0,0
3,45,8,1,1,0,43.42,11,0,0,0,0
4,29,6,5,1,0,96.41,8,1,0,0,0
0,54,2,2,1,1,305.71,1,1,0,0,0
4,36,6,3,1,1,56.72,4,1,0,0,0
6,25,11,2,1,0,52.56,10,0,0,0,1
12,25,6,4,0,0,226.53,1,1,0,0,1
4,30,6,4,1,1,82.25,11,0,0,0,0
5,45,11,3,0,1,400.63,12,1,0,0,1
1,56,5,1,0,0,732.77,6,1,0,0,0
0,36,3,4,0,1,97.1,4,0,0,0,1
3,32,9,4,0,1,99.13,7,0,0,0,0
1,24,1,4,0,1,43.46,3,1,0,1,0
3,17,10,3,1,1,17.77,1,0,1,0,1
8,26,1,4,0,1,72.51,2,1,0,0,0
4,40,5,1,0,0,234.1,3,1,1,0,0
1,21,3,1,0,0,36.03,10,1,0,0,0
3,34,7,5,0,1,118,8,0,0,0,0
0,27,10,2,0,1,43.12,11,1,0,0,0
0,46,6,2,0,1,221.45,1,0,0,0,0
2,23,4,3,0,1,39.15,8,1,0,0,0
5,38,3,4,1,0,41.42,4,0,1,0,1
6,33,9,4,0,1,19.72,1,1,0,0,0
11,18,6,1,0,0,103.08,1,1,0,0,0
7,34,3,5,0,0,206.76,2,1,1,0,0
5,20,1,3,1,0,44.27,0,0,0,0,0
4,18,8,4,0,0,41.33,9,0,0,0,0
4,24,6,4,0,1,55.61,2,0,0,0,0
5,17,2,1,1,1,79.74,7,0,0,1,0
4,29,5,1,0,1,86.78,0,1,0,0,0
16,28,1,1,1,0,93.24,1,1,1,0,0
0,43,6,4,1,1,123.18,2,1,0,0,0
0,19,12,3,1,1,29.64,1,0,1,0,0
4,28,1,4,1,1,68.94,6,1,0,0,0
2,23,6,3,0,1,39.15,4,0,0,0,0
10,17,12,3,0,1,28.47,5,0,0,0,0
0,18,10,1,0,1,19.15,7,0,0,0,0
3,32,10,5,0,0,21.77,4,1,0,0,0
4,23,9,4,1,1,35.82,11,0,1,0,0
0,24,12,2,1,1,23.59,6,1,0,0,0
5,18,7,3,0,0,48.22,12,1,0,0,1
8,44,1,5,1,1,40.25,4,0,0,0,0
12,30,1,3,0,0,323.68,9,0,1,1,0
0,26,3,3,1,1,28.22,12,1,0,0,0
6,19,4,3,0,1,45.93,2,0,0,0,0
8,49,5,4,1,0,1087.94,1,1,0,0,0
5,17,12,2,1,0,39.14,3,1,0,0,0
3,23,8,5,1,0,47.22,2,1,0,0,0
0,31,12,5,0,1,61.39,1,0,0,0,0
4,29,5,3,1,0,44.41,7,0,1,0,0
1,25,2,2,1,1,25.06,6,0,1,0,0
6,27,7,5,0,0,98.1,14,0,1,0,0
0,24,8,1,1,1,23.59,5,1,0,0,0
2,47,4,1,0,1,253.72,0,1,1,0,0
1,18,4,4,0,1,21.82,3,0,0,0,0
3,25,5,5,0,0,64.15,7,1,1,1,0
2,25,7,5,0,0,61.4,8,1,0,0,1
6,26,5,4,0,0,110.53,9,0,0,0,0
8,19,5,5,0,0,76.34,2,0,0,0,0
7,26,10,3,1,0,59.66,7,1,0,0,1
2,22,5,2,0,1,29.05,10,1,1,0,0
5,26,4,5,1,0,71.74,10,1,1,0,0
7,22,2,4,1,0,16.95,2,1,1,0,1
8,25,5,5,0,1,102.53,10,1,0,0,0
0,47,6,2,1,0,12.21,7,0,0,0,0
3,19,1,3,0,0,32.27,12,1,1,0,0
4,36,7,5,0,0,236.61,12,1,0,1,0
8,19,10,5,1,1,62.79,2,1,0,0,0
10,28,12,1,0,0,227.89,5,0,0,0,1
6,18,8,3,0,1,41.92,0,1,0,0,0
1,53,6,2,1,0,350.4,3,1,1,0,0
9,24,3,5,0,0,136.74,1,1,0,0,0
4,17,7,3,0,0,37.71,4,1,0,0,0
3,20,6,3,1,0,31.91,2,0,1,0,1
3,35,9,5,0,0,190.46,3,1,0,1,0
10,27,12,4,0,0,32.62,12,1,1,0,0
2,33,5,5,1,0,95.74,0,1,0,0,0
7,23,12,3,0,1,76.99,4,1,0,0,1
6,26,6,5,0,0,127.79,6,0,0,1,0
4,34,11,4,0,0,172.12,2,1,0,0,0
0,49,6,1,1,1,16.86,5,1,0,1,0
6,49,10,2,0,0,795.74,8,1,0,0,0
5,31,7,2,1,0,138.32,5,1,0,1,0
1,17,6,4,1,0,19.59,5,1,0,0,1
2,36,6,2,0,0,49.47,8,0,1,1,0
0,30,11,1,0,0,71.98,2,1,0,0,0
0,35,9,4,0,0,111.35,4,0,0,0,0
0,43,3,2,1,1,100.02,4,0,1,0,0
4,31,4,1,0,0,26.24,0,1,1,0,0
0,23,11,2,1,1,21.57,8,0,0,0,0
0,27,9,2,0,0,55.2,1,0,0,0,0
6,25,5,2,1,0,96.64,1,1,0,0,0
5,28,9,4,1,1,82.44,0,0,0,0,0
3,28,5,1,1,0,73.8,2,0,0,0,0
6,26,4,4,0,1,71.78,6,0,1,0,1
8,38,4,4,0,0,409.71,0,1,0,0,0
6,20,2,5,0,1,51.51,6,0,0,0,1
11,42,6,3,1,0,847.2,11,0,1,1,0
12,28,5,1,0,1,183.29,7,1,1,0,0
3,19,9,3,0,1,31.04,5,0,0,0,0
8,20,4,1,0,0,85.61,5,0,0,0,1
6,36,4,4,1,1,161.11,5,0,1,0,0
0,37,1,3,1,1,60.03,4,0,1,0,0
1,35,4,4,1,0,77.34,0,1,1,0,0
3,22,2,1,0,1,40.76,6,0,0,0,0
6,29,3,1,1,1,87.46,8,1,1,0,0
9,27,6,1,1,1,128.29,0,1,1,0,1
6,22,6,3,0,0,77.2,3,1,0,0,0
8,23,10,3,0,1,20.79,13,0,0,0,1
0,20,10,3,0,1,22.98,1,0,0,0,0
3,18,2,2,1,0,88.52,1,1,0,0,0
5,22,1,1,1,1,47.44,2,0,1,0,0
0,18,8,1,1,1,11.12,4,1,1,0,0
6,31,8,5,0,0,172,9,0,0,0,0
6,44,2,1,0,1,410.02,1,0,0,0,0
0,39,6,3,0,1,99.61,8,1,1,0,0
5,37,10,3,1,1,185.15,7,0,0,0,1
8,29,9,5,1,0,197.21,2,1,0,0,0
6,32,11,3,0,1,150.15,10,0,0,0,1
2,39,4,1,1,1,101.9,1,1,1,0,0
0,25,1,4,1,0,33.03,3,1,0,0,0
0,52,6,3,1,0,332.61,0,1,0,0,0
1,26,11,1,1,1,34.55,2,1,0,0,1
1,29,10,3,0,1,67.82,7,1,0,1,0
2,22,5,2,1,0,36.08,5,1,0,0,0
5,36,4,2,1,1,166.92,3,0,0,1,0
2,38,2,2,0,0,152,10,0,1,0,0
0,37,9,5,1,1,61.46,6,1,1,0,1
8,24,5,4,1,0,126.37,3,0,0,0,0
9,18,12,3,0,1,62.02,5,1,0,0,0
2,30,8,2,1,0,61.21,7,1,1,0,1
2,32,10,4,1,1,66.12,5,0,0,0,0
0,17,4,2,1,1,12.5,1,0,0,0,0
3,25,3,2,1,1,36.69,7,0,1,0,1
2,21,8,5,0,1,32.68,8,1,0,0,0
0,23,8,1,1,0,22.42,1,0,1,0,0
3,23,9,5,1,0,47.22,8,1,0,0,0
0,18,12,1,1,0,14.24,9,1,1,0,0
0,26,12,1,1,1,22.91,2,1,1,0,0
0,54,10,1,1,1,305.71,6,1,0,0,0
7,18,10,1,0,1,48.91,3,0,0,0,1
6,19,9,3,0,0,78.71,3,1,0,0,0
4,18,1,1,0,0,41.33,8,0,0,0,0
4,47,11,3,1,1,292.71,2,0,1,0,1
4,18,8,2,0,1,37.33,2,1,0,1,0
5,49,6,1,0,0,698.35,8,0,0,0,0
3,25,8,4,0,1,53.38,1,1,0,0,0
3,36,3,2,0,1,140.3,1,0,0,0,0
5,53,9,3,0,0,33.96,3,0,0,0,0
0,18,3,5,0,0,25.1,0,0,0,0,1
6,19,4,3,0,0,67.98,4,1,0,1,0
5,39,2,5,0,1,221.22,5,0,1,1,0
6,24,11,3,1,0,71.74,1,0,1,0,0
10,32,3,5,0,1,253.12,3,0,0,0,1
6,46,10,5,0,1,86.78,5,0,0,0,0
8,31,2,3,0,1,141.64,5,0,1,0,0
7,36,3,4,0,0,245.84,3,1,1,0,0
0,22,6,1,1,1,85.8,3,1,0,0,0
0,19,8,1,1,1,12.19,10,1,1,0,0
0,29,8,4,0,1,51.48,0,1,0,0,0
4,20,3,2,0,0,57.35,1,1,0,1,0
5,25,8,5,0,0,72.04,3,1,1,0,0
3,19,10,3,0,0,32.27,1,1,1,0,0
0,33,8,3,1,1,42.72,10,0,1,1,0
0,27,1,1,0,0,55.2,6,1,0,0,0
13,18,9,5,0,0,111.26,14,0,1,0,1
11,33,8,1,0,0,319.51,10,0,1,0,0
2,19,4,5,1,0,27.48,6,1,0,0,0
1,23,4,1,0,1,40.13,0,0,1,0,0
13,36,4,3,0,1,420.3,1,0,1,0,0
0,40,3,3,1,0,101.7,8,0,1,0,1
10,21,5,2,0,0,12.39,10,1,0,0,0
0,18,5,1,1,0,14.24,5,1,1,0,0
2,18,2,1,0,1,24.87,5,0,0,0,0
3,43,9,3,1,0,224.23,1,1,1,0,1
4,24,6,4,0,0,88.27,5,0,0,1,0
0,27,3,1,0,1,49.86,12,1,0,1,0
4,18,8,1,1,1,22.89,9,1,1,1,0
12,25,9,4,1,0,282.7,4,1,0,0,0
0,34,6,5,1,1,46.32,1,0,1,0,0
5,52,2,5,0,0,1032.76,4,1,0,1,0
1,29,1,1,0,1,59.89,1,1,0,0,0
6,34,6,3,0,0,223.48,4,1,0,0,0
8,30,7,1,1,0,73.51,6,1,1,0,0
4,36,12,4,1,0,86.31,5,0,0,1,0
7,41,7,4,0,1,294.52,6,1,1,0,0
0,24,3,2,1,1,35.95,6,1,0,0,1
0,19,7,3,0,1,17.04,10,1,1,0,0
9,22,7,1,1,0,126.98,5,1,0,1,0
1,54,5,5,1,1,365.6,3,0,0,0,0
2,30,4,1,0,1,74.74,1,0,0,0,1
6,34,9,3,0,1,178.74,5,1,0,0,1
0,41,5,5,0,0,1.23,3,1,0,0,0
3,39,11,3,1,0,87.27,1,0,1,0,0
5,18,6,3,0,1,36.79,7,0,0,0,0
1,29,12,1,0,0,86.82,12,0,0,1,0
0,28,2,5,1,0,43.15,11,0,0,0,0
0,50,12,3,0,0,62.74,1,0,0,0,0
6,31,9,3,0,0,198.86,3,1,0,1,0
9,28,10,1,1,1,137.75,1,1,1,1,0
9,21,1,3,0,1,83.44,3,0,0,0,1
12,20,1,4,1,0,147.11,2,0,1,1,0
0,26,8,3,1,0,36.12,1,0,0,0,0
8,27,6,5,0,1,141.68,10,0,0,1,0
3,25,12,4,0,1,54.65,6,0,0,0,1
3,43,8,3,1,0,271.34,11,1,0,1,0
0,28,4,5,1,0,71.45,1,1,0,0,0
9,39,10,4,1,1,358.62,4,0,1,1,0
6,38,8,4,1,0,303.48,2,0,0,1,0
0,36,10,4,1,1,93.61,8,0,0,1,0
2,26,10,5,1,0,88.46,6,1,1,0,0
0,35,8,5,1,0,72.27,2,1,0,0,0
8,33,5,5,0,0,40.56,9,0,1,0,0
0,64,7,3,1,1,65.76,3,1,1,0,0
7,21,1,1,0,0,65.24,1,1,1,0,0
8,29,10,4,1,0,160.13,0,1,1,0,0
2,26,3,2,0,1,38.88,2,0,1,0,0
3,17,8,5,1,1,17.36,7,0,1,0,0
0,18,1,2,0,1,40.93,12,0,1,0,1
2,30,11,1,1,0,40.92,7,0,0,0,1
2,49,4,3,1,1,235.89,15,1,1,0,0
5,32,12,2,0,1,131.78,5,1,0,0,1
7,25,10,4,0,1,92.13,2,1,0,0,1
4,23,1,4,0,1,50.83,6,1,0,0,0
3,64,3,5,0,0,39.2,13,0,0,0,0
0,45,6,1,1,1,145.7,10,0,0,0,0
4,18,4,3,1,1,23.29,1,0,1,0,1
9,21,9,2,0,0,106.82,2,1,0,0,1
3,51,8,1,0,1,507.05,6,0,0,0,1
0,24,8,4,1,1,6.3,7,1,0,0,0
1,36,2,4,0,0,138.33,4,0,0,0,0
2,23,12,3,1,0,39.48,3,0,0,0,0
6,40,7,5,0,1,91.47,7,1,0,0,0
17,21,4,3,0,0,65.68,10,0,0,0,0
4,40,12,2,0,1,68.59,10,1,1,0,0
8,18,1,2,1,0,73.37,4,1,0,0,0
0,46,6,4,1,0,202.77,1,0,0,0,0
0,22,5,4,1,1,19.71,3,0,0,0,0
1,33,4,3,1,1,50.78,11,1,1,0,0
8,21,10,2,1,1,75.31,8,0,0,0,0
5,22,9,1,0,0,67.75,3,1,0,0,0
1,36,4,3,0,1,110.64,11,0,0,0,1
0,17,2,2,0,1,17.48,0,1,0,0,0
0,19,2,1,0,1,20.98,2,1,0,0,0
0,38,3,3,0,0,147.62,1,0,0,0,1
1,19,7,3,1,1,77.8,2,0,1,1,0
10,26,3,2,0,0,190.78,2,1,0,0,1
2,19,4,4,0,1,27.25,6,0,0,0,0
0,45,8,3,1,0,98.36,6,0,0,0,0
0,52,6,2,0,1,363.27,2,0,0,0,0
3,24,12,2,1,1,40.6,7,0,0,1,0
2,21,11,4,1,0,66.86,12,1,0,0,1
5,39,6,4,1,0,79.96,6,1,1,1,0
4,22,5,4,1,1,55.27,10,1,1,0,0
0,31,9,1,0,1,62.73,7,0,1,0,0
0,38,2,3,0,1,53,6,1,1,1,0
2,21,3,3,1,1,25.75,6,0,0,0,0
2,21,8,1,1,0,81.63,8,1,0,0,0
8,26,7,5,1,0,151.12,2,1,0,0,0
0,40,4,3,1,1,77.59,8,0,1,0,0
2,23,5,4,0,1,40.08,6,0,0,0,1
6,27,11,1,1,0,62,8,1,1,0,1
9,20,10,2,0,0,77.36,5,0,1,0,0
9,21,11,3,0,1,81.49,4,1,0,0,0
5,21,7,4,0,1,45.38,2,1,1,1,0
5,34,7,1,1,1,139.54,5,0,0,0,0
8,22,5,5,1,1,55.72,11,0,0,1,0
4,35,5,2,0,0,152.42,5,1,1,0,0
0,30,4,1,1,1,38.33,4,0,1,0,0
3,57,9,2,1,1,13.14,4,1,1,1,0
11,35,4,4,1,0,573.34,7,0,0,1,0
2,18,4,1,1,0,25.08,1,1,0,0,0
17,26,10,3,1,1,23.78,1,0,0,0,0
5,30,8,2,0,0,112.26,1,0,1,0,0
9,48,3,3,0,1,846.66,0,1,0,0,0
4,21,4,5,1,1,68.99,9,1,1,0,0
6,30,7,3,0,1,142.27,3,1,0,1,0
5,29,9,4,0,1,98.88,4,1,0,0,0
9,31,5,4,1,1,182.63,3,0,1,0,1
4,35,6,3,1,0,135.43,12,1,1,0,1
5,23,5,4,0,1,57.92,7,1,0,0,0
0,36,10,3,0,1,77,4,1,1,0,0
6,18,8,2,1,1,17,2,1,0,1,0
7,29,2,3,1,0,164.9,5,1,0,0,0
6,25,3,2,0,0,101.09,1,0,0,0,0
0,31,8,2,0,1,61.39,4,1,0,0,0
6,48,11,3,0,1,572.29,10,0,0,0,0
0,37,2,1,1,0,96.9,1,1,0,0,1
4,22,8,3,0,1,78.48,13,1,1,0,0
13,46,9,4,1,0,30.96,4,1,0,0,1
3,39,1,3,1,0,192.12,3,1,0,0,0
0,27,7,2,1,1,30.84,2,0,0,0,0
0,24,7,2,1,0,24.52,3,1,1,0,0
6,23,7,5,0,0,86.5,7,1,0,0,1
4,23,7,2,0,1,58.76,10,1,0,1,0
0,37,6,1,1,1,88.19,12,1,0,0,0
12,36,7,4,0,1,454.28,7,0,0,0,0
13,43,2,1,0,0,1232.21,8,1,0,0,1
4,40,6,5,0,0,333.33,0,1,0,1,0
9,27,9,1,0,0,206.66,1,0,0,1,0
1,21,5,2,1,0,27.73,7,1,0,1,0
3,40,1,4,1,0,85.13,4,0,0,0,1
3,24,12,2,1,1,41.32,5,0,0,0,1
6,20,1,5,0,1,40.85,11,1,1,0,0
4,18,9,1,1,0,35.87,12,0,0,0,0
8,21,10,2,0,0,91.56,4,1,0,0,0
0,28,2,4,0,1,47.12,3,0,0,0,0
10,37,11,4,0,1,86.64,6,0,0,0,0
0,38,4,2,0,0,88.57,0,0,0,0,0
7,36,3,4,0,0,302.77,1,1,0,0,0
8,26,8,1,1,1,120.87,6,1,0,0,1
2,36,8,1,0,0,45.53,1,0,0,0,0
0,54,7,5,1,0,391.37,9,1,0,0,0
13,54,8,1,0,0,2986.74,10,0,0,0,0
5,34,12,4,1,0,179.72,1,1,0,1,0
0,21,1,1,0,0,26.16,11,1,1,0,0
0,18,10,1,0,1,74.99,10,0,1,0,0
9,35,8,4,1,1,258.78,2,0,1,0,1
10,35,6,4,0,0,410.84,2,1,0,0,0
5,21,4,1,0,1,49.5,11,0,0,0,1
8,24,5,4,0,1,76.11,6,0,1,0,0
6,44,12,1,0,0,537.43,11,0,0,0,1
0,24,3,3,1,1,85.49,5,0,0,0,0
2,21,2,1,0,0,41.83,2,1,0,0,0
0,35,6,3,1,0,79.64,10,1,0,0,0
4,34,7,4,1,1,94.74,7,0,1,0,0
3,30,5,1,0,1,67.54,3,0,1,0,0
3,30,2,1,0,1,83.18,0,0,0,0,0
2,33,4,3,0,1,94.93,1,1,0,0,0
6,24,3,3,0,1,67.78,2,1,1,1,0
2,21,7,5,1,1,20.9,5,0,1,0,0
2,30,8,4,1,1,58.89,3,1,0,0,1
0,32,7,5,1,0,10.75,7,1,0,0,1
5,28,12,4,1,0,105.54,0,1,0,0,0
6,45,11,5,1,0,443.05,3,0,1,0,0
0,25,9,4,0,1,33.87,9,1,1,1,0
7,41,5,5,0,0,60.54,6,0,0,0,0
1,21,9,1,1,0,27.73,1,1,0,1,0
8,29,10,4,1,0,197.21,5,1,0,0,0
10,37,2,4,0,0,488.2,9,0,0,0,0
0,52,2,2,1,1,259.82,4,1,0,0,0
3,20,5,2,0,1,34,11,0,0,0,0
2,26,9,5,0,1,51.22,1,0,0,0,0
6,46,9,3,0,0,503.82,7,1,1,0,0
12,26,1,2,1,0,310.97,6,0,0,1,0
0,17,7,1,0,1,17.48,6,1,0,0,0
1,20,12,5,1,0,25.32,7,1,0,1,0
11,34,10,1,0,1,335.32,2,0,0,0,0
0,18,2,3,0,1,22.14,0,0,0,1,0
4,19,7,2,1,1,94.83,5,0,0,0,0
4,20,2,2,1,1,34.51,7,1,0,0,1
2,28,6,5,1,0,62.08,4,0,0,1,0
2,24,1,5,0,0,3.91,14,1,1,0,0
6,26,8,3,0,0,113.17,4,0,0,0,1
0,17,7,2,1,1,12.5,6,0,0,0,0
5,26,2,2,1,0,90.47,2,1,0,0,1
6,20,11,2,0,1,92.68,5,0,0,0,0
1,25,12,2,1,0,32.08,0,0,1,0,0
6,23,5,4,1,1,79.75,5,1,1,0,1
6,26,6,2,0,1,13.49,2,0,1,0,0
0,24,9,3,1,1,85.24,3,0,1,0,0
3,18,11,4,1,1,19.14,10,1,1,1,0
3,48,6,4,0,0,495.21,2,1,0,0,0
6,17,11,5,1,1,37.44,2,1,0,0,1
0,53,11,4,0,1,320,4,1,1,0,0
2,27,8,2,0,0,58.2,8,0,1,0,0
0,23,4,2,1,1,17.62,6,1,1,1,0
4,22,10,1,0,1,47.55,2,0,0,0,1
7,26,12,4,1,0,127.13,2,0,0,1,0
2,44,3,4,0,0,311.38,6,0,0,0,0
0,24,9,3,1,1,19.16,11,1,1,0,0
2,25,8,2,0,1,38.04,10,1,1,0,0
3,25,11,3,0,1,50.11,9,0,1,1,0
11,21,4,1,0,0,135.45,5,1,0,0,0
4,29,6,4,0,0,104.29,6,0,1,1,0
0,27,11,4,1,1,30.84,3,1,0,0,0
3,41,6,3,1,1,177.92,0,0,0,0,0
6,42,2,2,1,1,339.1,2,0,0,0,1
4,37,8,2,1,0,198.2,1,0,0,0,1
0,23,1,1,1,1,15.73,3,0,1,0,0
0,45,11,5,1,1,145.7,9,0,0,0,0
5,23,1,3,0,1,57.92,12,0,0,0,0
0,30,9,5,0,0,71.98,2,1,0,0,0
1,36,11,3,0,0,159.94,1,0,0,1,0
6,21,11,4,1,0,54.74,0,1,1,0,0
9,29,3,4,0,0,218.49,3,0,0,0,1
6,24,12,4,1,0,77.02,4,0,1,0,1
9,23,3,1,0,0,103.9,1,1,1,0,1
1,28,1,2,0,1,53.69,0,0,0,0,0
0,30,5,2,1,1,32.65,10,1,1,0,0
1,33,2,1,0,1,67.65,2,0,1,0,0
0,41,12,1,0,0,151.18,12,0,1,0,0
12,30,2,3,0,0,72.44,0,1,1,0,1
0,33,4,5,1,1,59.49,8,1,0,0,0
1,26,7,1,0,1,44.95,1,1,0,0,0
6,27,4,1,1,0,24.12,13,0,0,0,0
1,24,3,4,0,0,39.07,9,0,1,0,0
6,18,9,4,1,1,40.07,7,0,0,0,0
0,17,5,4,1,0,16,0,0,0,0,0
0,26,3,4,0,0,50.5,14,1,0,0,0
7,32,6,1,1,1,167.66,13,1,0,0,0
0,34,1,3,1,1,57.05,9,1,0,0,0
12,19,5,3,0,1,81.62,2,0,1,0,0
3,34,7,5,0,1,118,3,1,0,0,0
1,20,4,5,1,1,19.66,3,1,0,0,0
0,40,12,2,1,0,122.33,10,1,0,0,0
5,23,10,2,1,1,53.07,4,0,0,1,0
1,38,8,3,1,1,96.91,1,0,0,1,0
7,27,5,1,0,0,137.67,8,0,0,0,0
6,33,7,3,1,1,152.98,12,1,0,0,0
3,26,10,5,0,0,74.71,1,0,0,0,0
9,47,7,2,0,1,779.28,6,0,0,0,0
2,33,10,5,0,1,77.08,3,0,1,0,0
1,18,4,1,1,1,16.38,1,0,0,0,0
1,48,12,4,0,1,297.94,3,0,0,0,0
7,29,4,3,1,1,129.59,3,1,0,1,0
0,29,5,5,1,0,47.14,4,1,0,0,0
0,24,8,3,1,1,19.16,4,1,1,0,0
3,25,12,2,0,1,39.3,1,0,1,0,0
0,41,10,2,1,0,96.54,5,0,0,1,0
4,21,5,1,1,1,36.82,2,1,0,0,0
6,32,11,4,0,1,146.65,7,1,0,0,0
1,34,5,3,0,0,116.35,0,1,0,0,0
8,41,11,1,0,0,529.1,5,0,0,0,0
1,48,3,5,1,1,20.62,5,1,0,1,0
6,25,3,2,0,1,64.12,1,1,1,0,0
3,31,5,2,1,0,73.33,4,0,1,0,0
2,21,5,2,0,1,26.53,8,1,1,0,0
6,30,12,3,0,0,157.53,3,1,0,0,0
5,19,11,1,1,1,37.59,3,0,0,0,1
0,18,8,1,0,1,19.15,6,0,0,0,0
12,19,1,2,1,1,38.49,4,1,0,0,0
4,25,3,5,0,0,77.86,6,0,0,0,0
6,45,8,5,0,0,570.78,2,0,0,0,0
9,23,4,1,0,0,127.97,5,1,0,0,1
4,17,9,5,0,0,37.71,11,0,0,0,0
9,26,6,3,0,1,127.74,0,0,0,0,0
6,50,1,3,1,0,670.68,0,1,1,0,0
0,47,10,5,1,1,70.87,5,0,1,0,0
2,23,6,5,1,0,39.72,5,1,0,1,0
2,25,11,1,0,1,69.81,12,1,0,0,1
1,46,7,4,0,1,258.36,13,1,0,0,1
8,19,11,4,0,0,78.16,2,1,0,0,1
12,46,1,2,0,0,1570.12,4,1,0,1,0
6,23,4,2,1,1,64.59,4,1,0,0,1
6,37,10,5,1,1,216.26,1,1,0,0,0
6,32,7,5,1,1,140.19,2,0,0,0,0
9,31,2,2,1,1,178.37,10,1,1,0,0
4,39,3,4,0,1,206.81,1,0,0,0,0
0,58,1,2,1,1,83.23,3,0,0,0,0
8,32,5,5,0,1,158.3,8,1,1,0,1
9,46,4,5,0,0,763.15,6,1,1,0,1
6,21,9,5,0,1,51.71,13,1,1,1,0
6,26,12,4,0,1,86.34,7,0,0,0,0
4,24,6,1,1,0,50.16,1,0,1,0,0
12,20,1,2,0,0,114.45,10,0,1,0,0
1,39,5,4,1,1,85.2,1,1,1,0,0
2,37,12,4,0,1,108.97,6,1,1,0,0
0,45,2,1,1,1,145.7,0,0,0,0,0
1,18,6,2,1,1,16.38,10,1,0,0,0
0,51,2,4,1,1,240.86,2,0,0,1,0
8,18,8,5,0,0,69.68,7,0,0,0,0
2,49,8,5,1,1,290.51,6,0,0,0,0
0,29,7,2,1,1,30.08,2,1,1,1,0
6,32,9,1,0,0,187.74,3,1,0,0,0
6,22,6,2,0,0,77.2,3,0,0,0,0
6,49,9,5,0,0,795.74,1,1,0,0,0
10,22,7,3,1,1,95.74,5,1,1,0,0
4,18,4,4,1,0,36.73,2,1,0,0,1
13,26,1,3,0,1,30.69,0,0,0,0,0
0,29,7,4,0,1,48.33,3,1,1,1,0
3,28,6,4,1,0,73.8,6,1,0,0,0
5,20,8,4,0,0,53.06,3,1,1,1,0
1,24,4,4,0,1,37.59,5,0,0,0,0
2,24,4,2,1,1,33.74,3,1,0,0,0
11,24,8,5,1,0,1.89,1,1,0,0,1
3,20,1,5,0,0,50.33,13,0,0,1,0
2,23,3,5,1,0,32.06,10,1,1,0,0
5,20,1,3,1,0,40.3,0,1,1,0,0
3,24,10,5,1,1,32.77,7,1,1,0,0
5,27,12,3,1,0,98.89,5,1,0,0,1
8,46,2,3,0,0,756.29,8,0,1,1,0
2,48,7,5,0,1,282.24,5,0,1,0,1
0,34,6,2,0,1,81.66,11,1,0,0,1
3,22,9,3,1,1,33.7,2,0,0,0,0
4,24,8,4,1,1,83.21,1,1,1,0,1
2,33,2,2,1,1,74.79,2,0,0,0,0
0,20,11,1,1,1,16.44,4,0,0,0,0
10,24,5,3,0,1,121.71,3,0,0,0,0
0,22,2,3,0,1,28.21,3,0,0,0,1
3,31,8,2,0,0,116.26,12,1,0,0,0
2,25,10,3,1,1,36.91,5,1,0,0,0
1,17,2,3,1,1,14.95,5,0,0,0,0
3,24,1,5,0,0,58.83,8,1,0,0,0
0,42,9,3,0,1,158.29,5,0,0,0,0
5,30,7,4,0,1,110.57,8,1,0,0,1
2,19,6,2,1,0,27.48,1,1,0,0,0
2,29,6,2,1,1,40.08,10,1,0,0,0
2,29,11,4,1,1,52.66,2,1,0,0,0
9,18,3,4,0,1,62.02,5,1,0,0,0
0,45,11,1,1,1,145.7,1,1,0,0,0
7,27,9,5,1,1,44.93,0,1,1,0,0
2,39,8,1,1,0,161.62,5,1,0,1,0
8,20,5,3,0,1,65.32,6,1,0,0,0
6,19,9,2,1,1,41.51,6,1,0,1,0
6,24,2,4,0,1,72.2,11,0,0,0,0
3,43,5,2,1,0,276.16,6,0,0,0,1
4,49,8,3,1,1,5.86,3,0,0,0,0
10,24,5,3,1,1,142.02,10,1,0,1,0
7,36,11,3,1,0,58.13,3,1,0,1,0
6,26,11,5,1,1,83.04,4,0,0,1,0
6,23,6,1,0,0,84.48,0,1,0,0,0
7,22,2,2,0,1,70.35,4,0,0,0,1
3,33,10,2,1,1,55.24,9,0,0,1,0
0,59,3,1,1,1,456.78,4,0,0,0,0
7,58,9,4,0,0,70.91,15,1,1,0,0
0,42,8,2,1,1,113.22,0,1,0,0,0
5,17,4,5,0,0,42.97,8,0,0,0,0
0,29,1,3,0,1,41.8,10,0,1,0,0
0,22,11,2,1,1,19.71,10,1,0,0,0
0,20,3,1,1,1,13.35,7,1,1,0,0
0,34,6,1,1,1,57.05,0,1,0,0,0
7,56,12,3,1,1,31.03,8,0,1,0,0
7,20,9,5,0,1,57.32,7,0,0,0,0
2,54,10,4,0,1,450.61,3,1,1,0,0
6,38,5,4,0,0,315.56,10,0,0,0,0
4,32,10,4,0,1,112.95,7,1,0,0,0
3,28,6,4,0,0,89.25,5,1,0,0,0
5,33,2,4,0,0,179.79,1,0,0,0,0
2,23,11,2,1,1,31.58,5,0,0,0,1
4,34,2,4,1,1,91.45,3,1,1,0,0
4,24,11,2,0,1,56.93,8,0,0,0,1
0,25,12,5,1,1,20.95,1,1,1,0,0
9,17,7,1,1,0,56.16,3,1,0,0,0
10,18,4,2,1,0,85.71,7,0,1,1,0
9,20,12,5,1,1,82.75,4,0,0,1,0
4,21,11,2,1,0,47.14,11,1,0,0,0
7,21,3,3,0,1,62.77,1,1,0,0,0
1,22,3,5,0,1,31.39,0,0,0,0,0
0,39,6,4,1,1,87.75,2,1,0,0,0
3,18,12,5,0,1,28.34,8,0,0,0,0
8,17,12,3,0,0,51.62,8,0,1,0,0
7,33,1,5,0,0,194.06,3,0,1,0,1
5,19,7,4,0,0,51.6,4,1,0,0,0
0,29,6,5,1,1,76.26,0,0,0,0,0
4,37,7,1,1,0,157.18,3,1,1,0,0
4,24,5,4,1,1,48.55,11,1,0,1,0
5,31,9,3,1,1,107.4,10,1,0,0,0
0,27,8,2,0,1,35.01,1,0,1,0,0
7,24,3,4,1,0,105.67,7,0,0,0,0
0,27,12,3,0,0,55.2,3,0,0,0,0
9,32,12,3,1,1,19.57,9,1,0,0,1
9,29,9,2,0,0,57.23,10,1,0,1,0
5,21,12,3,1,1,36.61,1,0,1,0,1
6,18,10,1,1,1,32.73,5,0,1,1,0
6,23,12,5,1,0,80.76,7,1,0,0,0
6,24,6,1,0,0,92.43,6,0,0,0,0
3,23,9,1,0,0,66.02,3,0,0,1,0
3,33,7,1,0,1,110.75,3,0,0,0,1
4,19,7,3,1,1,45.16,1,0,1,0,1
10,37,2,2,1,0,459.81,2,0,1,0,0
2,29,12,1,0,1,77.28,0,0,0,1,0
3,18,9,2,1,0,29.99,12,0,0,0,0
5,37,1,4,1,0,97.55,3,0,0,0,1
0,41,10,1,0,0,186.19,4,0,0,0,0
2,31,10,2,0,0,84.83,2,1,1,0,1
4,40,9,1,1,1,195.45,9,0,0,0,0
2,33,1,1,0,0,82.6,5,1,0,0,0
9,25,2,5,1,0,165.29,1,1,0,0,0
0,18,12,1,0,1,19.15,9,1,0,0,0
3,21,8,3,0,1,30.23,9,1,1,0,0
5,45,5,3,1,0,370.47,2,0,1,0,0
7,53,5,1,0,0,1021.64,7,0,1,0,0
4,21,6,2,0,0,44.1,1,0,1,0,0
1,45,6,1,0,1,232.12,1,1,0,0,0
0,23,5,5,0,1,34.86,13,1,0,1,0
13,28,1,2,0,0,337.14,0,1,0,0,1
11,23,2,5,0,1,126.76,6,1,0,0,0
3,17,8,4,1,0,22.22,3,0,1,0,0
0,35,9,2,0,1,54.48,12,0,1,0,0
2,32,5,1,0,0,90.43,7,1,1,0,0
10,33,6,3,0,0,4.24,0,1,0,0,1
9,17,11,1,0,0,74.17,4,1,0,0,1
17,21,3,5,1,0,83.64,8,0,1,0,1
11,20,6,5,1,0,123.02,3,0,1,1,0
7,18,10,4,0,0,44.19,3,1,0,1,0
9,29,11,1,1,1,83.75,4,1,0,1,0
12,34,2,2,0,0,489.12,3,1,0,0,0
6,19,3,2,0,1,53.1,0,1,0,1,0
6,32,2,3,0,1,146.65,9,0,0,0,0
8,21,8,2,1,1,75.77,6,1,0,1,0
12,37,10,5,0,1,506.96,6,0,0,0,1
11,18,2,3,0,0,103.08,12,0,0,0,0
0,34,5,2,0,1,52.55,5,1,0,0,0
6,20,9,5,0,0,64.4,0,1,0,0,0
10,21,8,5,0,1,92.86,4,0,0,0,0
6,25,6,1,1,1,62.76,5,1,1,0,1
3,30,11,1,1,0,85.48,7,1,0,1,0
15,21,8,4,0,1,182.62,9,0,0,0,1
7,26,12,4,1,0,126.37,5,0,0,0,0
6,30,10,2,1,0,150.6,3,1,0,0,0
5,22,10,1,0,1,44,2,0,1,0,1
9,33,8,5,0,0,251.96,2,0,1,0,1
5,18,1,3,0,0,47.1,4,1,0,0,0
11,28,4,4,0,0,293.22,3,1,0,1,0
5,18,3,2,0,0,54.45,0,0,0,1,0
1,25,6,3,0,0,52.63,0,1,0,0,0
3,18,2,1,1,0,29.99,6,1,0,0,0
12,18,12,4,1,1,31.7,11,0,0,0,0
5,22,10,1,1,1,48.2,5,0,0,0,0
0,31,7,4,1,0,45.64,4,0,1,0,0
9,34,12,5,1,1,292.24,11,1,0,0,1
0,23,10,1,0,0,31.34,5,1,1,0,0
2,34,9,3,1,0,104.45,10,1,0,0,0
1,25,4,3,0,0,52.63,3,1,0,0,0
8,25,2,5,1,1,107.96,6,0,0,0,0
8,19,2,3,1,1,11.8,0,1,1,0,1
0,24,8,3,0,1,32.99,1,0,0,0,0
3,18,3,1,1,1,43.38,6,1,0,0,0
6,42,1,2,0,0,454.11,11,1,0,0,1
3,24,5,3,0,1,45.81,1,1,1,1,0
0,24,8,5,0,1,26.78,1,1,1,0,0
0,23,3,1,1,1,40.22,13,0,0,0,0
0,30,11,1,1,0,16.88,7,1,0,0,0
1,19,6,5,0,1,23.91,10,0,0,0,0
4,17,4,1,1,1,55.48,11,1,0,1,0
6,24,8,5,1,0,9.77,11,1,0,1,0
8,36,2,3,0,1,30.83,10,1,0,0,0
0,22,9,3,1,0,20.06,1,1,0,0,0
0,54,9,2,0,0,547.19,6,1,0,0,0
4,18,6,2,1,1,28.69,9,0,0,0,1
1,22,1,2,0,1,75.45,6,0,0,0,0
4,18,12,4,1,0,36.73,4,1,0,0,1
7,22,9,5,1,1,43.89,3,0,1,0,0
12,18,8,5,1,0,75.28,11,0,1,0,1
1,33,2,4,0,1,67.65,4,0,1,0,0
10,28,3,3,1,0,259.73,6,0,0,1,0
0,23,3,5,1,1,17.51,7,0,1,0,0
2,21,6,2,1,1,2.67,1,0,0,0,0
9,24,8,5,0,0,111.03,8,0,1,0,0
14,25,9,4,0,1,224.4,0,1,0,0,0
7,35,10,2,0,0,277.71,5,1,0,0,0
1,21,1,3,0,1,29.36,1,1,0,0,1
1,22,11,5,0,1,31.39,2,1,0,0,0
9,26,12,5,0,0,132.78,1,0,1,0,0
5,36,11,4,0,0,189.35,11,1,1,0,0
1,35,6,4,0,1,99.11,3,0,0,0,0
1,22,9,4,0,1,36.3,3,0,0,1,0
0,24,11,1,0,1,39.94,3,0,1,0,0
7,20,9,4,1,1,57.51,6,0,0,0,0
6,30,11,5,0,1,79.33,2,0,0,0,0
5,27,2,3,0,1,84.81,2,1,0,0,1
6,19,8,4,0,0,24.81,9,1,0,0,1
4,23,10,1,1,0,56.47,9,0,0,0,0
6,39,9,4,0,1,310.44,1,0,0,1,0
12,31,8,5,1,1,96.97,6,1,1,0,1
6,17,5,3,0,1,38.25,1,1,0,0,0
3,21,2,3,0,1,43.47,6,0,0,0,1
2,34,4,2,0,0,153.27,0,1,0,1,0
10,30,8,5,0,0,265.56,10,1,0,0,0
1,30,11,3,0,0,76.99,1,1,1,1,0
0,24,3,2,1,1,19.16,1,1,1,0,0
7,27,8,2,0,0,140.96,14,1,0,0,1
0,21,12,2,0,1,25.17,3,1,0,0,0
4,40,3,5,1,1,196.63,6,1,0,1,0
2,50,2,1,1,0,38.58,0,0,0,0,0
1,20,5,4,1,1,31.34,5,1,0,0,1
3,45,9,5,1,0,319.02,4,1,0,0,0
4,40,1,2,0,1,182.86,12,1,1,0,0
5,46,5,2,1,1,4.03,6,0,1,0,0
6,18,4,1,0,0,62.04,8,0,0,1,0
14,34,6,4,0,0,596.17,0,0,1,1,0
5,24,9,3,1,1,47.98,14,1,1,0,1
2,36,6,3,0,1,142.36,0,1,0,1,0
6,45,11,1,0,1,60.91,6,1,1,0,1
3,28,10,4,0,0,39.6,1,0,0,0,0
9,36,10,4,0,1,288.27,11,0,1,1,0
7,23,7,4,0,0,96.26,5,1,0,0,0
1,24,9,1,1,1,28.22,4,1,0,0,0
1,22,3,2,0,1,31.39,1,0,0,0,0
10,41,1,3,1,0,815.86,1,0,0,0,1
0,38,12,3,0,0,144.18,4,0,0,0,0
0,49,2,2,0,0,88.52,13,0,0,0,0
0,24,6,5,1,1,23.59,9,1,0,0,0
3,29,2,2,1,0,71.8,4,1,0,0,1
6,45,5,4,0,1,445.86,1,0,0,0,0
2,25,8,3,1,1,30.68,3,1,1,0,1
4,25,9,2,0,0,77.86,1,1,0,0,0
3,27,1,3,0,0,81.67,0,1,0,0,0
2,23,2,1,0,1,36.75,2,1,1,1,0
6,63,2,5,0,0,2513.09,9,1,0,0,1
3,48,9,5,0,1,447.24,3,1,0,1,0
5,21,6,2,1,0,56.37,3,1,0,0,0
4,28,12,5,1,1,68.94,6,1,0,0,0
5,30,7,1,0,1,89.78,5,1,1,0,1
2,18,1,4,0,1,28.75,0,0,0,1,0
0,29,8,2,1,1,29.9,3,0,1,0,0
3,21,2,4,0,1,37.23,3,1,0,0,0
0,26,4,5,1,0,36.34,1,1,0,1,0
12,17,5,3,1,0,111.86,7,0,1,1,0
0,22,8,4,1,1,80.68,6,0,0,0,1
2,43,2,1,1,0,187.5,5,0,1,0,1
6,45,12,3,0,0,474.52,3,0,1,0,1
3,24,2,3,1,1,3.81,5,0,1,0,1
2,28,10,4,0,1,1.04,10,0,0,0,0
2,46,1,1,1,0,289.99,7,0,0,0,0
2,20,1,3,0,1,80.94,4,0,0,0,0
6,26,12,3,0,0,103.76,5,1,1,1,0
7,36,10,4,0,0,309.99,11,1,0,0,1
4,19,5,2,1,1,41.38,5,1,0,0,0
8,27,7,2,1,0,134.13,4,0,1,0,0
0,30,4,1,0,1,56.22,1,1,0,0,0
0,38,2,3,1,1,66.97,4,1,1,0,1
0,42,4,1,1,1,10.45,7,1,0,0,0
3,43,8,4,0,0,264.86,1,1,1,0,0
0,25,7,1,0,0,37.5,4,0,1,0,0
7,23,8,1,1,0,96.58,6,0,0,0,0
9,18,5,5,1,0,89.84,2,1,0,0,1
3,42,2,3,1,1,42.67,1,1,1,1,0
2,24,12,1,1,0,43.46,11,0,0,1,0
6,27,5,2,0,1,94.38,4,1,0,0,0
0,20,3,3,1,1,46.67,4,0,0,1,0
0,49,11,1,0,1,284,7,0,0,0,0
6,29,9,5,0,0,166.77,7,1,0,1,0
12,34,8,4,1,1,12.91,9,1,0,1,0
0,31,5,5,0,0,63.81,9,0,1,0,0
0,19,5,2,0,1,17.04,9,0,1,0,0
9,18,10,1,1,0,71.67,6,1,1,1,0
4,37,8,5,0,1,174.24,5,0,0,0,0
7,36,1,4,0,0,309.99,0,1,0,0,1
9,30,8,3,1,1,163.37,2,0,1,0,0
5,29,8,3,0,1,98.88,3,0,0,0,0
3,30,10,3,1,0,88.05,3,0,0,0,0
2,31,11,4,1,1,33.34,2,0,0,0,0
11,24,10,1,0,0,181.77,4,0,0,0,1
7,32,6,4,1,1,139.38,5,1,1,0,1
5,22,9,4,1,1,46.86,7,1,1,0,1
3,19,3,2,0,0,45.95,11,0,0,1,0
7,18,6,2,0,0,76.6,3,1,0,0,1
4,26,6,1,0,0,85.13,3,0,0,0,0
5,21,10,2,0,0,63.37,1,1,0,0,1
0,23,6,5,0,1,24.48,0,0,1,0,0
0,42,9,4,1,1,91.93,8,1,1,0,0
1,22,4,5,1,0,9.4,6,1,0,0,0
1,24,12,3,0,1,95.33,2,0,1,0,0
0,43,6,1,0,1,176.34,3,1,0,0,1
3,21,1,1,0,1,37.23,4,0,0,0,0
0,31,6,4,1,0,45.64,6,1,1,0,0
1,23,10,4,1,1,25.79,4,1,0,0,0
4,26,9,4,1,1,47.98,1,0,1,0,1
1,17,9,4,0,1,18.69,4,1,1,1,0
0,24,10,2,0,1,32.99,4,1,0,0,0
4,28,6,3,0,1,79.44,8,0,0,0,0
2,22,10,4,1,1,28.86,4,1,0,0,1
0,38,5,3,0,1,11.37,3,1,0,0,0
0,42,8,4,0,1,128.53,2,1,1,0,0
4,28,11,4,0,1,64.5,8,0,1,0,0
9,43,6,4,0,1,452.82,2,1,1,0,0
4,18,3,3,1,1,95.34,11,0,0,0,0
1,19,11,5,1,0,22.98,12,1,0,0,0
3,39,4,2,1,1,6.34,0,0,0,0,0
2,17,3,5,0,0,29.05,2,1,0,0,0
0,19,12,3,0,1,20.98,11,1,0,0,0
0,29,12,2,1,0,21.31,8,1,1,0,0
0,53,12,3,0,1,394.1,12,1,0,0,0
0,26,3,2,1,0,36.12,13,1,0,0,0
11,20,11,5,0,1,96.63,0,0,0,0,0
2,45,11,4,0,1,35.95,1,0,0,0,0
5,20,9,4,0,0,56.52,3,1,0,0,0
9,34,4,4,0,0,268.45,3,0,1,0,0
5,53,11,2,1,0,882.68,4,0,0,0,0
11,25,5,3,0,0,224.5,9,1,0,1,0
4,19,2,5,0,1,29.41,5,0,1,0,1
1,28,7,4,0,0,51.89,3,1,1,0,0
7,22,6,5,1,1,58.48,0,0,0,0,0
0,39,12,1,0,1,122.68,6,1,0,0,0
0,25,6,3,0,1,33.87,2,0,1,1,0
1,23,7,3,1,0,33.21,3,0,0,1,0
3,26,8,1,1,0,25.23,3,0,0,0,1
3,20,5,4,1,1,28.12,14,0,0,0,0
5,18,1,1,0,1,36.79,3,0,0,0,0
6,41,6,2,0,0,407.52,2,0,0,0,0
9,19,4,4,0,1,67.95,10,0,0,0,0
12,23,3,3,1,1,188.95,1,0,0,0,1
12,20,12,3,0,1,110.1,12,0,0,0,0
9,38,7,5,0,0,477.99,9,1,0,0,1
6,22,8,5,0,1,60.3,5,0,0,0,0
6,27,5,3,0,1,94.38,12,0,0,0,0
12,31,9,3,1,0,17.43,0,0,0,0,0
5,35,1,4,0,0,213.89,12,1,0,0,0
7,21,12,4,1,1,62.98,2,1,0,0,0
0,48,10,2,1,1,151.85,7,0,1,0,0
5,29,2,2,1,1,90.07,10,0,0,0,0
6,45,3,3,0,1,75.87,1,0,0,1,0
7,23,1,2,0,0,80.03,3,1,1,0,1
4,20,9,2,1,1,33.63,8,0,0,0,0
4,31,5,5,0,1,56.36,5,0,0,0,0
3,31,9,4,0,0,119.04,9,1,0,0,1
0,27,6,1,0,1,44.15,5,1,0,0,1
5,27,7,1,1,1,82.56,3,1,1,0,0
0,26,4,3,1,1,28.22,2,1,0,0,0
3,43,12,5,1,1,210.69,3,0,0,0,0
5,31,12,4,1,1,107.4,1,1,0,0,0
0,23,11,1,1,1,22.08,12,0,0,0,1
1,37,2,2,0,0,174.32,7,0,0,1,0
4,18,7,5,0,1,32.87,2,1,0,0,0
9,22,6,2,1,0,103.1,5,1,1,1,0
5,25,7,2,0,1,65.06,11,0,1,1,0
0,20,5,2,1,1,16.44,8,1,0,0,0
2,33,2,4,1,1,45.64,6,1,1,0,0
0,24,2,2,0,1,26.78,2,1,1,0,0
2,18,6,4,0,0,36.81,1,0,0,1,0
4,23,11,4,1,1,36.03,3,0,1,1,0
0,40,2,2,0,1,64,5,0,0,0,1
6,23,8,2,0,1,67.57,3,1,0,0,1
5,54,7,1,0,1,821.02,5,1,0,0,0
0,22,10,3,0,1,27.55,4,0,0,0,0
0,23,7,3,1,0,27.61,6,0,0,0,0
7,19,11,5,0,1,53.58,12,0,0,0,1
0,42,11,1,1,0,117.68,1,1,1,0,0
9,38,8,1,1,0,528.27,3,1,0,0,1
0,22,7,1,0,1,87.29,7,0,0,0,0
6,24,3,4,1,1,69.02,5,1,0,0,0
2,29,8,1,1,0,67.41,6,0,0,0,0
6,37,7,4,1,1,221.43,3,0,0,0,1
0,22,9,4,0,1,27.55,3,0,0,0,0
0,37,9,2,0,1,83.93,6,0,1,0,0
5,28,11,2,1,0,36.42,0,1,0,0,0
0,24,1,3,0,0,42.49,6,1,0,0,1
3,30,3,1,1,1,68.78,6,0,0,0,0
0,29,10,4,1,1,36.82,8,1,0,0,0
6,28,8,4,0,1,119.24,3,0,0,1,0
11,19,3,2,0,0,106.02,3,0,1,1,0
4,24,8,2,0,1,46.23,1,0,1,0,1
0,26,2,1,0,1,39.45,4,1,0,0,0
4,24,12,4,1,1,83.26,1,0,1,0,1
0,50,5,5,0,1,250.39,6,0,1,0,0
5,33,4,2,1,1,130.97,0,1,0,0,1
0,18,7,3,0,0,45.84,10,0,1,0,0
0,40,6,2,1,1,95.55,0,1,0,0,0
5,29,7,4,1,0,115.3,3,1,0,0,0
3,19,12,3,1,1,26.28,4,1,0,0,1
2,24,7,1,1,0,43.2,6,0,0,0,0
8,27,2,3,0,1,99.5,3,1,1,0,0
2,32,4,4,0,0,111.37,4,1,0,0,0
3,20,7,2,1,1,59.29,8,1,1,0,0
1,25,1,5,1,0,39.51,0,1,0,0,0
0,23,12,2,0,1,24.48,5,0,1,0,0
9,19,7,3,1,0,96.13,6,0,0,0,0
4,33,11,1,1,0,136.93,2,1,0,0,0
3,35,9,2,1,0,36.47,12,0,0,0,1
6,21,10,2,0,0,70.52,1,1,0,0,0
10,44,9,5,0,1,691.19,2,0,0,0,0
2,30,12,3,1,1,46.7,1,0,1,0,0
4,48,1,5,0,0,67.35,3,0,0,0,0
3,37,10,1,0,0,195.76,7,1,0,0,0
6,44,10,4,0,1,410.02,11,1,0,0,0
1,21,10,5,0,1,28.68,3,1,0,0,0
3,36,4,4,0,0,57.54,1,0,1,0,0
12,32,4,3,0,0,410.9,2,1,0,0,0
3,20,10,1,1,0,55.98,12,0,0,0,0
1,22,7,1,0,1,31.39,6,0,0,0,0
0,17,4,1,1,1,12.5,4,0,0,0,0
3,40,9,4,1,0,85.19,3,0,0,0,0
4,26,6,4,0,1,20.38,4,1,1,1,0
5,32,5,5,0,1,3.9,2,0,0,1,0
6,23,6,5,1,1,48.33,0,1,0,0,0
3,25,11,5,1,1,90.09,1,0,1,0,0
2,27,5,5,0,1,19.09,1,0,0,0,0
3,19,2,3,0,0,45.95,2,0,0,1,0
1,38,5,5,1,0,123.32,5,1,0,0,0
0,50,7,2,1,1,20.78,12,1,1,0,0
6,30,3,5,0,0,161.29,3,0,0,0,1
0,22,6,2,0,1,27.55,8,1,0,0,0
0,32,9,1,0,1,68.6,5,1,0,0,1
2,26,6,2,1,1,40.35,7,0,0,0,0
0,29,9,3,0,1,59.52,5,0,0,1,0
0,37,9,3,1,1,73.93,12,1,0,0,0
2,18,12,2,1,1,15.91,11,1,1,0,0
0,18,12,3,0,1,17.98,3,0,1,1,0
8,18,12,4,1,1,8.74,1,0,1,0,0
3,28,3,5,1,0,73.8,0,1,0,0,0
1,32,6,4,1,0,73.37,11,0,0,0,0
4,20,10,1,0,1,39.67,2,1,0,0,1
6,19,3,5,0,0,60.2,6,1,0,0,1
6,32,1,3,1,1,79.76,1,1,0,1,0
3,20,2,3,1,1,28.12,2,1,0,0,0
0,19,9,2,0,1,20.98,9,0,0,0,0
1,35,8,3,1,1,74.4,5,1,0,0,0
16,36,10,2,0,0,796.02,1,0,1,0,0
0,45,3,2,1,1,149.18,2,1,0,0,1
12,18,4,2,1,0,2.61,0,1,0,0,0
0,29,5,2,1,1,21.14,1,1,1,0,0
0,23,7,4,1,1,21.57,6,0,0,0,0
12,23,2,3,0,0,189.32,12,1,0,0,1
0,28,12,2,1,0,43.41,6,1,0,1,0
0,34,2,2,0,1,92.22,4,1,0,1,0
12,37,4,1,1,1,513.69,0,1,1,0,0
1,19,12,4,1,1,18.06,11,1,0,1,0
6,20,8,1,0,1,50.31,8,1,0,0,0
0,27,6,3,1,1,30.84,10,1,0,0,0
8,19,12,1,1,1,71.46,5,1,0,0,1
8,20,8,4,0,1,53.03,1,1,1,0,0
4,31,12,2,0,0,153.16,4,0,0,1,0
3,20,6,5,0,1,27.61,3,1,1,0,0
11,22,12,5,1,1,65.37,5,0,0,0,0
2,27,9,4,1,1,94.98,2,0,0,0,0
3,32,12,1,1,1,52.52,3,1,0,0,1
2,24,1,1,1,1,34.55,3,1,0,0,1
2,27,12,5,0,1,74.47,6,0,0,1,0
3,23,1,4,1,0,16.82,4,1,0,0,0
0,18,4,2,1,0,60.62,10,0,0,0,0
12,27,11,5,1,1,35.46,12,1,0,1,0
6,17,3,2,0,0,48.97,3,1,0,0,0
7,22,11,5,0,0,71.42,4,1,1,0,0
6,21,8,5,0,1,55.09,4,1,0,0,0
3,34,11,2,1,0,124.91,5,0,0,0,0
10,22,3,1,0,0,87.88,2,0,1,0,1
0,32,8,1,1,1,33.17,2,1,0,0,0
4,47,6,5,1,0,450.73,7,1,0,0,0
0,30,8,1,0,1,81.27,9,1,0,0,0
0,32,12,1,1,1,38.91,3,0,1,0,0
1,39,4,1,0,1,113.51,5,0,1,0,0
9,18,11,4,0,0,30.68,14,1,1,0,0
0,44,3,3,1,0,69.86,6,0,0,0,1
6,23,12,5,0,1,76.51,6,0,0,0,0
0,32,7,2,0,1,67,3,0,0,0,0
8,36,10,2,0,0,344.99,0,1,0,0,0
0,17,8,4,1,1,9.79,3,0,1,0,0
5,21,3,5,1,0,45.77,1,1,1,0,0
0,21,3,4,0,1,42.64,5,0,0,0,0
9,27,8,5,0,1,113.37,6,1,1,0,0
5,23,12,5,0,0,74.14,8,0,0,0,0
4,22,6,1,1,0,41.9,2,1,1,0,0
0,20,4,5,0,1,23.53,5,1,0,0,1
3,28,7,4,0,1,69.71,1,1,0,0,0
6,26,11,3,0,1,39.14,3,1,0,0,0
3,21,11,5,0,0,38.7,2,1,1,0,0
6,42,9,4,0,0,80.21,10,1,0,0,0
3,28,9,4,1,0,73.8,4,0,0,0,0
1,24,9,4,1,0,36.12,3,1,0,0,0
0,19,9,2,0,1,20.98,1,0,0,0,0
8,26,9,3,0,0,50.27,9,1,0,0,0
0,39,8,3,0,1,122.68,4,0,0,0,0
7,27,7,3,1,0,138.13,6,1,0,0,0
4,30,5,1,1,1,84.22,4,0,0,0,1
0,28,9,2,1,1,1.79,8,0,0,0,0
2,38,2,2,1,1,115.21,2,0,0,0,0
1,18,4,3,1,0,20.97,5,1,0,0,0
4,21,1,2,1,1,36.82,10,0,0,0,0
0,38,1,5,1,1,80.55,1,1,0,0,0
4,18,7,1,0,1,26.35,1,1,0,0,0
0,17,1,3,1,1,72.94,9,0,0,0,1
0,18,1,3,1,1,14.03,0,0,0,0,1
7,19,2,2,1,0,54.91,3,1,1,1,0
10,19,12,5,1,0,115.66,9,0,0,1,0
4,25,7,2,1,0,54.86,3,0,1,0,0
7,36,3,2,0,0,79.8,3,0,0,0,1
6,21,3,2,0,1,45.8,4,0,1,0,1
8,40,11,4,0,0,394.63,9,1,1,0,0
6,21,2,2,1,1,42.76,3,1,1,0,0
3,27,1,1,0,0,94.42,5,1,0,1,0
0,50,11,5,0,1,308.38,3,0,0,0,0
13,37,3,4,0,0,739.5,7,1,0,0,1
1,38,3,3,1,0,124.07,4,0,0,1,0
6,31,11,5,0,0,172,8,1,0,0,0
12,19,11,2,0,0,128.69,4,0,0,0,0
4,18,6,5,0,1,33.06,1,1,0,0,1
4,29,7,2,0,1,88.85,1,1,0,0,1
1,31,9,2,0,0,72.71,3,0,1,0,0
7,29,5,3,1,0,137.09,1,1,1,0,1
5,26,7,2,1,1,69.02,2,1,0,0,0
13,21,5,5,1,1,188.62,5,1,0,0,1
14,24,1,5,0,1,210.06,3,1,0,0,1
3,33,6,2,1,0,47.78,1,0,0,0,0
11,39,11,5,0,0,548.91,5,1,1,0,1
6,19,6,1,1,0,46.73,10,0,1,0,1
0,42,2,3,0,1,65.4,0,1,0,0,0
4,31,7,2,0,1,9.75,2,0,0,0,0
7,19,5,3,1,0,67.22,5,1,0,0,0
4,33,12,3,0,0,46,4,1,0,0,0
6,21,1,2,0,0,57.26,3,0,1,0,0
3,21,7,5,0,1,37.23,8,0,0,0,0
9,28,9,4,1,1,140.19,8,1,1,0,1
4,32,12,4,1,1,98.02,6,0,0,0,0
0,19,12,3,1,1,15.37,3,1,0,0,1
3,20,5,2,1,0,36,4,1,0,0,0
9,21,6,5,0,0,104.33,5,1,0,0,0
8,28,4,4,0,1,137.11,6,0,0,0,1
6,29,2,3,0,0,117.12,5,1,1,0,0
0,21,7,3,1,0,18.71,4,0,1,0,0
3,47,12,3,0,0,427.9,4,0,1,1,0
0,30,6,2,1,0,52.71,5,0,0,0,1
10,24,10,1,0,0,155.81,7,1,0,0,0
4,44,12,3,1,0,350.85,7,0,0,0,0
0,25,3,2,0,0,46.19,1,0,0,0,0
1,27,3,3,1,0,55.61,3,1,0,0,0
0,37,11,1,0,1,103.36,6,1,0,0,0
5,23,3,2,1,0,54.83,7,1,1,0,0
8,47,6,4,0,0,896.42,3,1,0,0,1
6,20,9,3,0,0,64.4,1,0,0,0,0
3,42,3,5,1,1,15.23,7,1,0,1,0
5,51,1,2,0,0,842.78,9,1,0,0,1
0,28,12,4,1,1,33.91,6,0,0,1,0
0,35,6,4,1,1,61.92,11,1,0,0,0
2,22,1,2,0,1,46.54,6,1,0,1,0
7,32,5,3,0,0,247.33,3,1,0,1,0
0,31,1,4,0,1,49.84,12,1,1,0,0
6,29,11,5,0,1,112.67,0,1,0,0,0
7,33,10,2,1,0,33.36,4,1,1,0,1
6,33,11,5,0,0,204.86,3,0,0,0,0
2,20,5,1,1,0,30.1,3,1,0,0,0
5,22,6,2,0,0,55.01,3,0,1,0,0
11,26,5,5,0,0,60.43,3,0,0,0,0
0,24,6,1,1,1,11.01,6,0,1,0,0
12,20,10,4,0,0,81.81,8,0,0,0,0
12,30,3,5,1,1,344.13,2,0,0,0,0
3,20,7,3,0,1,49.34,3,0,0,0,0
0,18,5,2,0,1,15.55,8,1,1,0,0
7,36,1,2,0,0,251.71,10,1,1,0,1
0,26,4,1,1,1,23.05,6,1,1,1,0
11,31,7,2,0,1,214.55,3,0,1,0,1
0,48,7,4,1,1,188.14,8,1,0,1,0
0,31,6,3,1,1,43.91,1,0,0,0,0
4,22,6,1,0,0,59.46,2,1,0,0,0
4,36,2,5,1,1,113.33,1,1,1,1,0
6,33,10,2,0,0,204.86,0,1,0,0,0
1,19,7,1,1,1,17.95,1,1,0,0,0
6,32,9,4,1,0,179.47,9,0,0,0,0
7,33,2,3,1,0,37.09,11,1,1,0,0
5,43,10,3,0,0,59.9,7,0,1,0,0
0,26,9,4,0,0,50.5,6,1,0,0,0
1,18,2,2,0,1,21.82,5,0,0,0,0
13,34,11,5,0,1,503.35,8,0,0,1,0
4,25,2,1,0,0,64.73,1,1,1,0,1
3,37,4,2,0,1,152.92,4,0,0,0,0
5,41,5,5,1,1,66.17,2,1,0,0,0
6,37,8,3,0,1,226.23,5,0,0,0,0
7,23,12,5,0,0,22.79,5,0,0,1,0
0,21,7,2,1,0,3.91,9,0,1,0,0
6,32,7,2,0,0,156.08,1,1,1,0,1
4,27,5,5,1,1,64.59,2,0,0,0,1
3,20,5,4,1,1,41.19,2,0,1,0,1
5,42,6,1,0,0,74.89,11,1,1,0,1
7,41,12,4,1,0,387.32,4,0,1,0,1
1,24,8,3,1,1,28.39,8,1,0,1,0
2,31,3,5,1,1,24.54,4,0,0,0,0
10,18,6,3,1,1,81.97,9,0,0,0,0
0,20,11,3,1,0,53.99,6,1,0,0,0
0,33,7,2,1,1,13.7,9,1,0,0,0
6,42,10,4,0,0,443.52,8,1,0,0,0
5,42,1,3,0,1,304.05,3,0,0,0,0
11,24,2,5,0,0,205.26,2,1,0,1,0
12,24,7,4,0,0,164.25,1,0,1,0,0
6,31,5,4,0,1,134.36,4,1,0,0,0
1,28,12,4,1,1,34.09,5,0,0,0,0
6,33,11,3,1,1,152.98,8,1,0,0,0
7,20,11,3,0,0,73.38,1,0,0,0,0
2,49,2,4,1,1,38.03,1,1,0,1,0
3,30,4,5,1,1,55.85,4,1,1,0,0
9,33,11,1,0,0,284.52,4,1,1,1,0
2,24,3,1,0,1,42.83,2,1,0,0,0
14,19,9,1,0,0,167.08,4,1,0,0,0
8,17,2,5,1,1,42.46,2,0,1,0,0
10,24,6,2,1,1,142.02,0,0,0,1,0
7,20,3,4,0,0,75.13,1,1,0,0,1
1,50,4,2,1,0,65.76,2,0,0,1,0
5,42,3,2,0,1,8.2,2,1,1,0,0
0,38,6,1,1,1,76.28,3,1,0,1,0
1,36,9,1,1,1,81.12,8,0,0,0,0
1,28,8,1,1,0,51.6,2,0,0,0,0
0,28,12,5,0,1,44.24,2,1,1,1,0
0,23,7,5,1,1,67.79,2,1,1,0,0
9,19,8,1,0,1,56.49,5,0,1,0,1
0,19,6,2,1,1,15.01,9,1,0,0,0
1,23,5,4,0,0,43.98,0,1,0,0,0
0,47,5,1,1,1,139.77,7,1,1,0,0
0,28,11,4,1,1,81.98,10,1,0,0,0
6,24,9,2,1,0,90.47,5,1,0,0,1
0,26,2,1,0,1,39.45,0,1,0,0,0
8,19,2,4,0,0,76.34,6,0,0,0,0
0,28,4,3,0,0,60.33,3,1,0,0,0
1,34,2,2,1,1,55.73,5,1,1,1,0
0,45,8,2,0,1,203.71,5,1,0,0,0
9,26,3,1,0,0,63.4,4,0,0,0,0
6,18,9,3,0,0,43.57,3,1,1,0,0
6,22,3,5,1,0,91.65,2,0,1,0,0
8,35,4,3,0,0,256.93,0,0,1,0,0
2,19,10,2,1,0,27.48,0,0,0,0,0
8,31,8,5,0,1,174.44,2,0,0,0,0
3,35,10,5,0,0,164.74,10,0,0,0,0
2,47,3,5,0,0,324.81,4,1,1,0,0
4,21,8,5,0,1,42.43,6,0,0,0,0
5,21,2,4,1,0,56.37,12,1,0,0,0
12,20,7,3,1,1,144.04,7,1,0,0,1
2,51,9,5,1,0,26.71,1,0,0,1,0
0,37,8,1,0,0,132.32,3,0,0,0,0
4,38,11,1,0,0,197.35,8,0,1,0,0
5,24,2,5,1,0,88.59,1,1,0,1,0
1,26,1,2,1,1,46.04,2,0,0,0,0
4,28,5,2,0,0,31.33,2,0,0,1,0
6,21,12,2,0,1,45.8,12,0,1,0,1
0,32,5,3,0,1,93.42,2,0,0,0,0
7,22,7,4,0,0,87.96,9,0,0,0,0
1,23,9,5,1,1,20.94,3,0,1,0,0
0,22,2,3,1,1,97.21,1,1,0,0,0
6,28,12,3,0,0,107.21,10,1,1,0,0
1,37,4,4,0,1,117.78,0,1,0,0,0
4,51,12,1,1,1,407.13,2,0,1,0,1
4,18,12,3,1,0,36.09,9,1,0,1,0
4,50,3,4,1,0,468.94,4,1,1,0,0
0,34,5,4,1,0,96.46,2,1,1,1,0
0,39,5,2,1,0,112.33,6,0,0,0,0
0,56,10,2,0,1,502.35,12,1,0,0,0
3,44,4,1,1,0,293.38,7,0,0,0,0
1,28,7,5,1,0,51.6,3,1,0,0,0
3,19,6,1,0,1,31.04,10,0,0,0,0
2,19,7,3,0,0,34.88,0,1,0,0,0
10,22,8,4,1,0,122.56,1,0,1,0,0
4,20,3,2,0,0,46.56,7,0,1,1,0
3,24,2,3,0,0,62.47,3,1,0,0,0
2,23,1,1,1,1,91.48,6,0,1,0,1
2,28,6,5,0,0,78.32,6,0,0,0,0
3,30,12,4,0,0,106.48,3,0,0,0,0
2,36,4,4,0,1,123.13,14,0,0,0,0
8,31,3,2,0,0,223.32,8,0,0,0,0
8,44,2,1,1,0,17.5,3,1,0,0,0
1,57,7,3,1,1,465.61,2,1,0,0,0
6,31,2,4,0,0,142.99,8,1,1,0,1
10,19,11,5,0,0,48.46,4,1,0,0,0
6,25,7,1,0,0,116.88,8,1,0,1,0
0,28,6,2,0,1,47.12,10,1,0,0,0
0,32,7,3,0,1,67,4,0,0,0,0
4,18,3,4,1,0,35.87,3,0,0,0,0
6,18,12,1,1,0,74.18,3,1,0,0,0
1,20,8,3,0,1,21.27,9,1,1,0,0
6,36,6,3,0,0,307.21,7,1,0,1,0
1,21,6,3,1,0,28.22,1,0,0,0,1
10,48,10,2,0,0,1002.8,5,1,1,0,0
6,30,11,2,0,1,123.06,9,1,0,0,0
5,20,7,5,1,0,41.8,5,1,1,0,0
7,23,1,1,1,1,56,3,0,0,1,0
10,22,8,3,1,0,56.86,12,0,0,0,0
0,23,4,5,0,1,24.48,8,1,1,0,0
3,43,7,2,0,1,260.88,8,1,0,0,1
3,46,1,3,1,1,42.18,3,0,0,0,1
0,35,6,2,1,1,62.59,0,1,0,1,0
4,28,3,4,1,1,36.39,3,1,1,0,1
6,19,10,2,0,1,37.29,2,1,1,0,0
6,23,6,1,0,1,53.58,9,1,1,0,0
6,33,1,5,0,1,160.03,5,1,0,0,0
0,25,4,1,1,0,23.18,3,0,1,0,1
1,26,2,3,1,1,27.4,1,1,1,0,0
2,40,11,4,0,1,144.21,3,1,1,0,1
1,40,12,4,1,1,114.27,8,0,0,0,0
5,25,6,4,0,1,69.3,3,0,0,0,0
0,26,3,1,1,1,26.38,4,1,1,0,0
8,19,10,4,1,0,65.27,1,0,1,0,0
7,49,7,5,0,0,69.61,6,1,1,0,1
9,28,3,3,0,0,195.33,4,1,0,0,0
10,19,11,3,0,0,93.05,3,0,1,1,0
8,19,5,5,1,1,13.73,1,1,0,0,0
2,20,3,4,0,0,31.02,1,0,1,0,0
7,48,8,3,0,1,652.1,6,1,0,0,0
6,30,3,4,1,1,96.09,4,1,1,1,0
2,29,10,1,0,0,98.93,11,1,0,1,0
3,24,8,3,0,1,48.8,4,1,0,0,0
0,28,11,3,0,1,54.48,3,1,0,1,0
6,24,3,2,0,1,72.2,3,1,0,0,0
8,44,11,5,0,1,615.49,0,0,0,1,0
8,33,4,3,0,1,240.22,1,1,0,1,0
5,21,6,1,0,0,50.25,5,0,1,0,0
0,24,4,2,1,1,23.74,4,1,0,1,0
10,29,2,3,0,0,23.36,8,1,1,0,1
0,24,12,5,1,0,30.2,5,0,0,0,0
0,27,4,3,0,0,16.77,3,1,0,0,0
0,21,8,2,0,1,25.17,2,1,0,0,0
3,19,7,1,0,0,39.74,2,0,0,0,0
3,34,8,3,1,1,97.57,4,1,0,0,0
8,43,8,1,0,1,397.4,4,0,1,0,0
3,49,11,2,0,0,537.87,4,1,0,0,0
6,36,7,5,1,1,21.42,5,0,0,0,0
4,35,3,2,0,1,22.81,0,0,0,1,0
0,18,3,5,0,1,22.14,14,1,0,1,0
12,18,4,4,1,0,49.66,2,0,0,0,0
1,35,10,3,0,0,103.02,12,0,1,0,0
6,43,2,5,1,1,69.35,3,1,1,0,0
6,19,2,5,0,0,33.13,5,1,1,1,0
4,19,11,1,0,0,45.29,4,1,0,0,0
8,43,2,4,1,0,70.07,7,0,0,0,0
0,33,7,2,1,1,42.46,2,1,1,0,0
7,34,12,4,0,1,198.91,4,1,0,0,0
1,18,7,2,0,1,21.82,13,0,0,0,0
1,47,3,2,0,1,3.86,10,1,0,1,0
7,32,12,3,0,0,247.33,2,1,0,1,0
0,37,11,1,0,1,103.36,2,1,0,0,0
13,31,12,1,0,1,335.07,14,0,0,0,0
6,19,6,2,0,0,47.74,1,0,1,0,0
9,20,8,2,0,1,60.43,7,0,1,0,0
10,32,6,1,0,0,324.03,7,1,0,0,1
4,20,5,1,0,1,31.46,12,1,1,0,0
6,32,2,3,1,0,145.73,6,1,1,0,0
4,33,7,5,1,0,140.2,11,0,0,0,1
0,24,7,3,0,0,39.64,4,0,1,1,0
0,32,12,1,0,1,49.51,7,1,1,0,0
6,37,3,1,0,1,212.37,3,0,1,1,0
4,39,6,3,0,1,206.81,14,1,0,0,0
6,18,7,2,0,0,53.66,2,1,0,0,0
0,57,10,3,1,1,323.68,5,1,1,0,1
6,52,7,2,0,1,645.58,6,1,1,0,0
3,28,11,5,0,1,57.96,7,1,1,0,1
0,37,10,1,0,1,85.93,9,1,1,0,1
8,39,10,4,0,0,362.38,4,1,1,0,0
6,17,6,4,1,1,37.44,8,1,0,0,1
2,33,5,4,0,1,94.93,4,0,0,0,0
0,28,4,1,1,0,43.15,1,0,0,0,0
5,33,8,3,1,1,127.92,6,0,0,0,0
3,23,12,3,1,0,47.22,4,1,0,0,0
6,37,8,5,1,1,175.6,8,0,1,0,0
6,48,2,3,0,0,732.63,4,0,0,0,0
0,24,2,1,0,0,48.82,4,0,0,1,0
8,27,7,4,1,0,12.78,5,0,0,0,0
2,25,1,3,1,0,47.53,1,1,0,1,0
8,18,9,5,0,0,69.68,10,0,0,0,0
7,22,11,3,1,0,88.25,6,1,0,0,0
0,18,7,1,0,1,36.77,12,0,1,0,0
2,39,2,2,0,1,129.33,7,1,1,0,0
2,45,1,1,0,1,305.79,4,0,0,1,0
0,21,5,2,1,1,18,11,0,0,0,0
0,17,7,5,1,1,22.41,10,0,0,0,0
0,24,4,3,0,1,32.99,4,1,0,0,0
5,35,12,5,0,0,213.89,2,0,0,0,0
2,22,10,2,1,0,29.99,5,0,1,0,1
12,34,11,5,0,1,391.2,2,1,0,0,1
9,18,9,2,1,1,68.54,1,0,0,0,0
3,58,3,3,0,0,1291.26,4,0,0,1,0
6,46,5,5,1,1,75.76,10,1,1,0,0
4,30,5,4,1,1,45,13,0,0,0,0
2,20,2,3,0,0,38.2,12,1,0,0,0
0,19,1,1,0,1,80.69,10,1,0,0,0
2,22,3,2,1,1,89.68,0,1,0,0,1
3,20,1,1,0,0,44.57,1,0,0,0,1
2,19,2,2,1,0,27.48,4,0,0,0,0
3,34,8,3,1,0,124.91,10,1,0,0,0
0,36,2,2,1,0,70.5,5,1,1,0,0
6,19,10,3,0,1,43.12,7,0,1,1,0
9,31,10,5,0,0,294.2,8,1,0,1,0
7,17,11,5,0,0,46.38,0,1,1,0,1
0,43,6,1,1,1,43.27,8,0,1,0,0
4,23,11,3,1,1,36.03,6,0,1,1,0
1,45,4,1,1,0,223.06,8,1,0,0,0
4,31,11,1,1,1,89.81,8,0,0,0,0
0,27,7,5,1,1,30.84,8,1,0,0,0
3,18,1,1,1,1,23.43,7,0,0,0,0
5,26,7,3,0,0,97.01,3,1,0,0,0
0,40,6,4,0,1,133.6,5,0,0,0,0
3,23,4,1,1,1,9.69,13,1,0,0,1
5,23,2,2,0,1,5.44,5,0,0,0,1
3,21,1,1,0,0,47.67,1,1,0,0,0
4,25,3,3,0,0,77.86,2,1,0,0,0
4,29,2,2,0,0,113.75,10,0,0,0,1
6,31,9,4,0,0,139.66,6,0,1,0,0
3,21,10,3,1,1,30.79,2,0,0,0,0
1,49,3,5,0,0,478.97,1,1,0,1,0
5,34,7,1,1,0,145.05,11,0,1,0,0
1,29,4,2,0,1,47.63,8,1,1,0,0
13,33,4,4,0,0,424.74,3,0,1,0,1
6,21,4,5,0,0,58.63,8,1,1,0,1
6,37,10,2,0,1,231.63,13,0,0,0,1
1,37,10,2,1,1,64.14,3,1,1,0,0
5,44,11,4,0,1,359.84,1,0,0,0,0
2,46,9,2,0,1,37.02,8,0,0,0,0
0,22,6,2,1,1,19.71,10,0,0,0,0
0,20,3,2,0,1,23.53,6,1,0,0,1
6,35,3,4,0,0,243.72,4,0,0,0,0
8,25,10,2,1,1,110.54,13,1,0,0,1
8,19,8,5,0,1,75.39,8,1,0,0,0
0,22,11,2,0,1,97.61,0,1,1,0,0
0,35,11,3,0,0,111.35,3,0,0,0,0
2,20,12,1,0,0,96.68,4,1,1,1,0
6,19,2,1,1,0,19.07,10,1,0,0,0
0,27,4,4,1,0,32.06,10,0,1,0,0
5,25,7,2,1,0,48.41,8,0,0,0,1
0,24,9,4,0,1,32.99,14,0,0,0,0
6,18,4,4,0,0,53.66,7,1,0,0,0
3,39,8,4,0,0,188.66,1,1,1,0,0
9,28,2,5,0,0,225.84,0,1,0,1,0
4,24,2,5,0,1,45.15,10,0,1,0,0
0,34,1,3,0,1,79.76,5,1,0,0,0
6,22,6,1,0,1,48.96,8,0,1,0,0
13,32,4,2,1,0,521.98,2,1,1,0,1
3,25,8,3,0,1,44.37,1,1,1,0,1
0,28,7,3,0,1,38.26,3,1,1,0,0
9,37,12,2,1,0,8.75,4,0,1,0,0
3,45,3,5,1,0,319.02,2,1,0,0,0
0,24,2,2,0,1,33.77,7,0,0,0,1
0,18,4,2,1,1,11.39,11,0,1,0,1
5,22,2,2,0,0,67.75,2,0,0,0,0
8,37,9,3,0,0,434.73,7,1,0,1,0
6,19,12,4,1,0,56.21,5,1,0,0,0
0,17,12,5,1,1,10.15,5,1,1,0,0
13,18,10,3,0,0,27.37,2,1,0,0,1
2,38,8,3,0,1,146.23,1,1,0,0,0
8,19,8,3,0,0,76.34,9,1,0,0,0
2,28,7,4,0,0,78.32,4,1,0,0,0
8,33,7,4,0,1,207.77,0,1,0,0,0
3,17,7,2,0,1,29.89,7,1,0,1,0
4,36,12,5,1,0,41.74,4,1,1,1,0
11,24,7,4,1,1,52.34,11,1,0,0,0
0,18,5,4,1,0,17.54,7,1,0,0,0
0,45,1,2,1,1,9.53,4,1,0,0,0
3,17,8,1,0,1,11.25,4,1,0,1,0
1,21,1,1,1,0,5.27,8,0,0,0,0
8,24,12,3,1,1,99.3,7,0,0,1,0
10,18,8,2,1,0,104.93,6,0,0,0,0
4,18,4,1,0,0,47.79,8,0,0,1,0
7,32,1,4,0,0,177.84,4,1,1,0,1
10,18,2,3,1,0,6.84,9,1,0,1,0
5,18,10,5,0,1,42.53,2,1,0,1,0
0,25,6,2,1,1,66.95,6,1,1,0,0
5,36,5,3,0,0,233.19,12,1,0,0,0
0,40,3,2,0,0,171.03,12,1,0,0,0
12,23,4,4,1,0,236.25,1,1,0,0,0
1,56,3,1,1,1,429.68,11,1,0,0,0
6,20,9,5,1,0,49.99,1,0,1,0,0
0,25,7,3,0,0,47.29,0,1,0,0,1
2,20,7,4,0,0,35.86,12,0,1,1,0
5,48,1,4,1,0,585.64,7,1,0,0,0
1,26,6,4,1,1,27.4,4,0,1,0,0
6,32,9,1,1,0,45.38,4,1,0,0,0
1,37,1,1,1,0,113.18,2,1,0,0,0
2,64,11,2,0,1,1422.08,9,1,0,1,0
0,29,6,3,1,1,30.08,2,1,1,1,0
6,39,12,5,1,1,48.11,11,1,1,0,1
4,26,12,2,0,1,68.09,1,0,0,0,1
1,41,12,4,0,0,172.27,1,1,1,0,0
2,44,3,2,1,0,245.32,5,0,0,0,0
7,29,8,1,0,0,164.36,0,1,0,0,0
6,31,2,3,0,0,198.86,11,0,0,1,0
4,24,9,3,1,0,26.95,0,1,0,0,0
2,22,9,2,0,0,77.85,6,0,1,0,0
0,50,5,2,0,0,394.78,10,1,0,0,0
1,41,6,5,0,0,212.16,2,1,0,0,0
5,21,12,3,1,0,92.45,3,1,1,0,1
0,30,10,4,1,1,32.65,3,0,1,0,0
4,24,8,5,1,0,21.52,0,1,0,0,0
4,43,8,4,0,1,235.74,8,0,1,0,0
2,19,7,3,1,1,21.59,3,1,0,1,0
4,30,3,3,0,1,94.78,4,1,0,0,0
5,21,9,4,1,1,44.03,1,0,0,0,0
0,29,8,4,1,1,58.01,1,0,0,1,0
9,25,4,1,0,0,140.4,6,1,1,1,0
0,48,3,1,1,0,195.57,8,1,1,1,0
0,22,7,2,1,1,16,1,0,1,0,0
4,25,5,5,0,1,92.53,3,1,0,0,0
9,32,11,3,1,1,194.7,7,0,1,0,0
3,39,5,4,0,0,188.66,0,1,1,0,0
8,26,4,5,0,0,165.92,9,0,0,1,0
16,51,3,4,0,0,3543.11,6,1,0,0,1
0,18,8,1,1,1,13.7,1,1,0,0,0
11,20,8,3,0,0,90.18,5,0,0,0,0
1,48,1,2,1,1,181.6,1,1,1,0,0
3,33,12,4,0,0,27.17,1,1,0,0,0
9,17,4,1,1,0,80.54,5,0,0,1,0
7,41,5,3,0,0,60.58,0,1,0,1,0
9,35,10,4,0,1,281.65,6,0,0,0,0
4,60,9,1,0,0,15.81,6,1,1,1,0
3,18,5,4,0,0,36.27,4,1,0,0,0
9,31,4,5,1,1,219.68,6,0,0,0,0
6,29,11,4,0,1,112.67,3,1,0,0,0
8,22,9,3,0,1,78.29,6,0,0,0,0
0,27,2,5,0,1,49.86,12,1,0,1,0
6,35,5,2,0,0,44.26,11,1,0,0,0
4,23,8,4,1,0,56.81,9,0,0,1,0
0,20,5,1,0,1,34.22,2,1,0,1,0
6,28,6,4,1,1,99.19,8,0,0,1,0
4,32,5,1,1,0,17.21,4,0,0,0,0
0,30,8,5,0,1,56.22,9,1,0,0,0
7,25,5,3,1,0,93.84,8,0,1,0,0
0,23,3,3,1,0,27.61,3,0,0,0,0
15,52,7,5,0,1,2090.37,4,0,1,0,0
15,20,11,4,0,0,64.95,2,0,0,0,1
4,43,8,5,0,1,290.33,5,1,0,0,0
5,25,8,4,0,0,88.72,5,1,0,0,0
0,39,8,1,1,1,87.75,2,0,0,0,0
7,22,4,4,1,1,24.11,9,0,0,0,1
18,17,6,4,0,0,271.19,2,1,0,1,0
12,21,3,1,0,0,158.03,14,1,0,0,1
4,39,9,5,0,0,264.75,1,0,0,0,0
8,42,4,5,0,1,449.82,1,0,0,0,0
2,39,10,4,1,0,24.99,2,1,0,1,0
4,19,11,5,0,1,28.72,6,0,1,0,0
4,27,5,1,1,1,63.09,2,0,0,0,0
6,31,8,4,1,0,14.71,9,1,0,0,0
7,19,5,4,0,0,36.5,6,1,0,1,0
0,31,12,4,1,1,79.42,8,0,0,0,0
5,32,12,4,1,1,117.23,11,1,0,0,0
6,26,11,4,1,0,85.8,12,1,1,0,0
5,32,7,4,0,1,131.78,1,0,0,0,1
3,24,9,1,0,1,56.42,9,1,0,1,0
2,22,6,3,1,0,35.6,4,0,0,0,0
9,28,3,4,1,1,168.63,11,1,0,0,0
0,17,10,1,0,1,16.41,1,1,1,1,0
7,43,7,3,0,1,69.32,2,1,0,0,0
6,38,5,4,0,1,246.5,3,0,0,0,0
6,19,6,3,1,0,63.54,2,1,0,0,0
6,20,11,5,1,1,48.38,5,1,0,1,0
4,22,3,4,1,1,41.27,2,1,0,0,1
5,24,7,3,0,0,93.78,4,0,0,1,0
8,30,12,3,0,0,204.53,7,1,0,0,0
3,31,6,2,0,0,116.26,0,1,0,0,0
9,30,9,4,0,1,147.82,8,0,1,0,0
1,37,12,3,0,0,150.77,3,0,0,0,0
5,61,2,2,1,0,1716.25,8,1,0,0,1
15,34,5,5,1,1,840,3,0,0,1,0
6,21,8,5,0,0,57.26,3,1,1,0,0
0,33,5,3,1,0,66.95,0,1,0,0,0
8,50,9,3,1,0,964.97,12,1,1,1,0
12,19,11,5,0,0,131.76,1,1,0,0,1
6,21,12,5,1,1,6.44,7,1,1,0,0
8,34,8,4,0,0,93,6,0,0,0,0
2,50,5,5,0,1,409.94,12,1,0,0,1
5,31,4,4,0,0,174.52,5,1,0,1,0
2,34,10,1,1,1,46.88,9,0,1,0,0
0,27,7,2,1,1,19.49,4,1,1,0,0
4,17,12,2,0,0,37.71,13,1,0,0,0
1,17,4,2,1,1,12.14,14,1,1,0,0
4,37,1,3,1,1,122.78,5,1,1,0,0
0,19,6,2,1,0,15.6,1,0,1,0,0
13,21,5,5,0,0,180.07,3,0,0,0,1
2,20,7,1,0,1,64.43,4,0,1,0,0
1,26,2,4,1,1,33.74,4,1,0,0,0
3,22,2,3,1,1,62.43,11,1,0,0,0
12,44,3,4,1,0,1191.88,12,0,1,0,0
0,36,7,2,1,1,66.91,3,1,0,0,0
0,39,2,3,1,1,87.75,1,0,0,0,0
3,24,1,3,1,0,41.95,5,0,1,0,0
8,18,6,3,0,1,44.19,2,0,1,0,0
1,22,6,3,1,1,23.57,9,0,0,0,0
4,22,9,5,0,1,46.44,4,1,0,0,0
0,47,2,5,1,1,172.13,12,1,0,0,0
3,35,7,2,0,1,128.68,3,0,0,0,0
12,19,3,4,0,0,13.27,4,1,1,0,0
6,22,9,2,0,0,79.04,2,0,0,0,1
6,23,2,5,1,0,66.11,2,0,1,1,0
3,58,1,3,0,0,1048.47,5,1,1,1,0
2,48,2,3,1,1,218.49,8,0,1,1,0
6,30,1,4,1,1,117.64,0,0,0,0,0
3,46,1,2,1,1,52.17,1,0,0,0,0
6,20,9,4,0,0,28.63,7,1,0,0,0
2,18,7,2,0,1,24.87,8,0,0,0,0
6,18,4,1,1,0,41.65,2,1,1,0,0
5,19,6,1,1,0,47,1,0,0,0,0
0,44,10,2,0,0,239.82,3,1,0,0,0
1,29,12,2,1,1,44.3,5,1,0,1,0
1,20,1,5,0,1,26.82,5,1,0,0,1
3,28,1,1,1,1,47.92,4,1,1,0,1
4,25,12,3,0,1,81.92,3,0,0,1,0
4,27,1,5,0,0,75.56,12,1,1,0,0
0,30,6,2,0,0,50.87,4,1,0,1,0
6,36,3,1,1,0,254.01,4,0,0,0,0
4,29,11,5,1,0,66.45,0,1,0,0,0
4,26,9,3,1,1,91.66,6,1,1,0,0
8,26,6,2,0,0,165.92,3,1,0,1,0
0,34,5,1,0,1,79.76,1,0,0,0,0
9,24,9,5,0,1,106.81,3,1,0,0,0
0,21,3,3,0,1,20.44,4,0,1,0,0
2,36,11,2,1,0,44.41,10,0,0,0,0
3,25,11,2,1,0,45.88,9,0,1,0,0
0,33,1,2,0,1,73.12,5,1,0,0,0
10,17,5,5,0,0,95.43,4,1,0,1,0
8,23,7,5,0,1,87.73,1,1,0,0,1
8,23,9,3,0,1,99.06,2,0,0,1,0
0,41,1,4,1,1,15.29,1,1,0,1,0
0,35,10,2,1,0,64.67,1,1,1,0,0
1,27,6,4,1,1,37.01,2,1,0,1,0
3,44,5,5,1,1,234.64,2,1,0,0,1
0,29,11,1,0,0,44.24,4,1,0,1,0
6,58,7,5,0,0,24.35,0,0,1,1,0
3,53,3,3,0,0,746.4,6,0,0,0,0
9,35,3,4,0,0,292.76,8,0,1,0,0
4,43,4,3,0,0,371.68,10,1,0,0,0
0,20,4,5,0,1,22.98,5,1,0,0,0
3,31,3,1,0,1,90.82,3,1,0,0,0
0,29,9,5,1,0,98.99,5,1,1,0,0
0,27,6,4,1,0,39.48,13,0,0,0,0
6,44,6,3,0,1,8.62,3,1,1,0,0
1,30,9,5,0,1,52.35,2,1,0,0,1
8,21,7,3,1,0,14.02,11,1,0,0,0
9,29,9,4,1,0,53.08,7,1,0,1,0
2,33,12,4,1,0,95.74,10,0,0,0,0
11,23,3,4,0,0,152.34,8,0,1,1,0
4,26,9,1,1,0,18.13,9,0,0,0,0
6,49,1,2,0,0,646.12,9,1,1,0,0
9,38,12,1,0,0,477.99,4,0,0,0,1
5,26,10,2,1,0,88.36,8,1,0,0,0
0,23,12,4,1,1,21.57,13,0,0,0,0
12,48,11,3,0,0,1301.99,8,0,1,0,0
4,17,2,1,1,1,25.72,1,1,0,1,0
3,34,5,5,0,1,110.77,2,1,1,1,0
2,31,2,5,0,0,84.83,8,0,1,0,1
3,44,8,3,1,1,190.52,5,1,1,0,1
1,28,2,1,1,0,76.94,1,1,0,0,0
6,32,4,2,1,1,140.19,6,0,0,0,0
5,32,10,1,0,1,128.7,7,0,0,0,0
13,25,6,4,0,1,227.69,4,1,0,1,0
0,39,2,3,1,1,72.95,0,1,1,0,1
0,29,4,5,1,0,38.27,8,1,1,0,0
6,29,1,1,0,0,119.92,4,0,1,0,1
2,21,8,1,1,1,26.36,3,1,0,0,1
5,24,9,2,0,1,63.36,9,1,0,0,0
0,23,8,2,0,1,25.07,5,0,1,0,1
0,64,9,3,0,1,769.22,1,0,1,0,0
6,31,2,5,0,0,24.95,3,0,0,0,0
4,21,2,3,0,0,54.31,1,1,0,0,0
1,38,3,5,0,1,104.2,1,1,1,0,0
9,26,12,3,1,0,180.73,6,1,0,0,0
5,20,6,3,1,0,42.8,3,0,1,0,1
0,27,8,1,0,1,49.86,5,1,0,1,0
2,22,12,2,1,0,29.29,4,1,1,0,0
6,19,11,2,0,0,47.74,5,1,1,0,0
6,35,4,1,0,1,154.58,5,0,1,0,0
11,32,9,5,1,0,439.01,2,1,0,0,0
8,18,10,2,0,0,69.68,1,0,0,0,0
14,35,5,5,0,0,692.57,2,0,0,0,0
2,32,4,5,1,1,68.95,3,1,0,1,0
0,21,5,5,1,1,18,10,0,0,0,0
8,39,4,2,1,0,469.96,0,1,0,0,0
6,23,2,4,0,1,61.95,3,1,1,1,0
12,23,4,1,0,1,144.44,2,1,0,0,0
2,20,8,4,1,1,78.94,7,1,1,0,0
8,33,8,2,0,1,90.72,1,0,1,0,1
8,59,6,4,0,0,2323.31,11,1,0,0,0
1,32,10,4,0,0,79.36,6,1,1,0,0
5,34,9,5,0,0,159.25,7,0,1,0,0
10,28,4,1,0,1,173.86,2,0,0,0,0
0,17,10,2,1,1,10.15,4,1,1,0,0
0,55,6,4,0,1,46.68,14,0,0,1,0
2,35,9,3,1,0,113.91,7,0,0,0,0
11,20,4,5,0,0,88.17,7,0,0,0,1
3,20,12,5,0,0,43.53,8,1,0,0,0
4,19,9,1,0,1,36.22,1,0,0,0,1
0,39,10,3,0,1,99.61,8,0,1,0,0
3,39,9,3,0,1,185.83,5,1,0,0,1
0,37,11,2,1,1,61.46,2,0,1,0,1
9,19,11,3,0,1,56.49,3,1,1,0,1
6,36,9,2,1,0,254.01,7,0,0,0,0
0,21,3,5,0,1,29.1,1,1,0,1,0
1,32,6,3,1,1,46.82,4,0,1,1,0
7,53,5,5,1,0,1262.4,6,1,0,0,0
9,19,5,3,0,0,100.57,4,1,0,1,0
0,40,2,5,1,1,75.71,6,1,0,0,0
2,23,3,1,0,0,50.79,2,0,0,0,0
1,24,5,2,1,0,36.12,8,0,0,0,0
11,44,6,3,1,1,27.17,6,1,0,0,0
6,41,11,5,1,1,2.45,9,0,1,0,1
0,23,7,4,0,1,30.15,6,1,0,0,0
8,28,1,2,0,1,154.82,12,0,0,1,0
6,52,3,1,1,0,808.92,1,1,1,0,1
5,18,5,3,1,1,33.51,0,1,0,0,0
6,35,6,5,1,1,66.13,5,0,1,0,0
6,22,1,4,1,0,17.46,8,0,1,0,0
0,29,10,5,1,1,29.9,1,0,1,0,0
1,18,4,5,1,1,16.38,4,1,0,0,0
0,38,7,1,1,0,103.12,7,0,0,0,0
3,39,11,4,0,1,209.84,4,1,0,1,0
6,39,5,3,0,0,397.42,2,1,0,1,0
0,29,1,3,0,1,51.48,2,0,0,0,0
6,32,8,3,0,0,176.24,12,1,1,1,0
7,18,3,5,1,1,25.39,6,1,0,0,0
6,43,10,3,1,1,362.53,10,1,0,1,0
5,37,9,2,1,0,48.97,1,0,0,0,0
6,34,10,1,0,1,178.74,4,0,0,0,1
6,58,4,5,0,1,1321.49,10,1,0,0,1
6,26,1,1,1,0,1.68,7,1,1,0,0
6,28,9,5,0,1,119.24,2,0,0,1,0
6,23,12,4,0,1,53.58,2,0,1,0,0
0,17,11,1,1,1,81.32,3,0,0,0,0
7,20,5,3,0,1,57.32,6,1,0,0,0
8,30,3,3,1,0,73.32,11,1,1,0,0
3,52,5,1,0,1,537.43,1,1,0,0,0
1,23,6,1,0,0,50.85,3,1,0,1,0
4,23,10,1,1,0,45.85,8,1,1,0,0
2,30,5,5,0,1,59.27,5,1,1,0,0
0,26,1,2,0,1,30.78,5,1,0,0,0
5,21,10,4,1,0,45.77,2,0,1,0,0
0,28,12,2,1,0,43.41,6,1,0,1,0
0,20,1,4,1,1,16.44,8,1,0,0,0
0,19,11,4,0,1,42.9,4,1,1,1,0
5,30,5,1,0,1,110.57,6,1,0,0,1
5,21,6,5,1,0,56.37,10,1,0,0,0
7,19,5,1,1,0,55.88,8,1,1,0,1
6,21,3,5,0,1,55.09,0,0,0,0,0
6,35,1,5,0,1,190.38,8,0,0,0,0
9,45,6,2,1,0,933.24,8,1,0,0,0
0,18,6,1,0,0,24.52,3,0,0,0,0
4,17,3,5,0,0,38.61,13,0,0,0,1
8,31,4,5,0,1,145.02,1,0,1,0,1
9,28,9,1,0,0,195.33,1,1,0,0,0
7,49,9,2,1,0,909.72,6,1,0,0,0
5,25,6,5,0,1,80.19,6,1,0,0,0
1,32,3,1,1,1,24.81,8,1,0,0,0
4,24,3,4,0,1,45.15,4,1,1,0,0
5,20,6,5,0,0,56.52,0,0,0,0,0
0,28,5,2,0,0,60.33,3,1,0,0,0
0,23,11,1,0,1,30.15,2,1,0,0,0
1,32,2,4,1,1,73.12,7,0,0,0,1
2,33,3,4,1,1,60.73,10,0,1,0,0
5,24,3,3,1,1,57.71,2,1,0,0,0
8,20,3,5,1,0,88.05,5,0,0,0,0
6,55,10,3,1,0,1241.34,6,0,0,0,0
3,18,10,4,1,1,23.43,2,0,0,0,0
4,22,2,3,0,1,46.44,7,0,0,0,0
0,32,9,2,0,1,77.47,1,0,0,1,0
2,46,1,1,1,0,289.99,10,1,0,0,0
2,25,11,2,1,0,38.36,4,1,1,0,0
1,23,10,5,1,1,92.65,1,1,1,1,0
7,47,3,2,0,0,888.36,9,1,0,1,0
0,28,5,3,1,0,8.24,4,0,1,0,1
2,36,2,2,1,1,18.44,3,0,0,1,0
0,38,8,1,1,1,65.41,2,1,1,0,0
12,43,4,4,0,0,1081.4,6,1,0,0,1
6,25,11,3,0,0,82.08,5,1,1,0,0
3,33,3,5,0,1,108.17,5,1,0,0,0
0,36,3,2,1,1,98.92,4,0,0,0,0
6,21,2,4,1,0,39.13,6,1,0,0,1
6,44,8,5,0,1,48.64,11,0,1,0,1
14,21,3,5,0,0,200.39,6,1,0,0,0
12,28,7,5,0,1,86.97,2,1,1,0,1
6,28,8,3,0,1,96.82,2,0,1,1,0
0,28,12,3,0,0,69.75,3,0,0,1,0
1,28,2,3,0,1,53.69,5,0,0,0,0
8,35,5,1,0,0,263.07,1,0,1,0,1
0,27,7,3,1,0,39.48,2,0,0,0,0
7,17,9,5,1,1,44.77,1,0,0,0,1
12,18,8,5,1,0,36.66,8,1,1,1,0
6,54,4,5,0,1,957.85,6,1,0,0,1
0,19,11,1,0,0,22.33,2,1,1,0,1
2,24,12,5,1,0,44.23,4,0,0,0,1
0,31,4,5,1,0,56.21,2,1,0,0,0
0,29,6,4,1,0,47.14,7,0,0,0,0
2,28,9,1,0,0,78.32,1,0,0,0,0
5,30,2,4,0,1,108,15,0,0,0,0
0,17,7,5,1,1,28.62,4,1,1,0,0
4,28,4,5,0,0,104.12,4,0,0,0,1
6,20,3,2,0,0,52.29,5,1,1,0,0
6,32,4,3,0,0,187.74,2,0,0,0,0
10,32,5,2,1,0,369.31,0,1,0,1,0
3,28,6,1,0,0,103.18,5,1,0,1,0
7,34,6,1,1,0,255.49,10,1,0,0,0
3,17,10,3,0,1,25.85,4,1,0,0,0
5,17,11,2,0,0,42.97,5,0,0,0,0
5,17,4,5,1,1,85.66,11,1,1,0,0
0,19,10,2,0,1,19.7,9,1,1,1,0
6,32,9,2,0,1,29.17,9,0,0,0,0
8,46,8,4,0,0,756.29,6,0,1,1,0
2,31,3,4,0,0,82.85,4,1,1,0,0
6,20,10,5,0,1,40.85,1,1,1,0,0
4,20,10,5,0,1,31.46,8,0,1,0,0
3,28,7,2,1,1,57.65,9,0,0,0,0
4,30,10,4,0,1,20.4,1,1,0,0,0
1,60,11,3,0,0,818.97,3,0,1,0,0
4,26,11,2,1,1,57.71,5,1,0,0,0
5,32,12,4,0,1,128.7,4,1,0,0,0
9,34,4,4,1,0,39.51,8,1,0,0,0
0,40,9,4,0,1,133.6,2,1,0,0,0
6,17,2,3,1,0,47.09,5,0,0,1,0
0,19,2,5,1,0,19.21,3,1,0,0,0
2,32,10,1,0,0,128.76,8,0,0,1,0
4,27,7,5,0,0,87.36,3,1,1,1,0
9,19,10,4,1,1,75.55,5,0,0,1,0
6,22,6,4,0,1,60.3,1,1,0,0,0
0,29,5,1,0,0,65.9,4,0,0,0,0
6,25,7,4,0,1,91.3,12,1,0,1,0
0,55,1,3,1,1,331.47,5,0,0,0,0
0,22,2,3,1,1,19.71,7,1,0,0,0
8,28,4,3,0,1,108.73,1,0,1,0,0
3,44,4,4,0,1,277.15,3,1,0,0,0
9,33,3,1,0,1,236.75,1,1,0,0,0
3,19,12,4,1,0,26.68,0,0,1,0,0
2,20,10,2,0,1,29.84,8,1,0,0,0
1,41,2,2,0,1,165.73,4,0,0,0,0
8,23,12,3,0,0,109.69,9,1,0,0,0
3,20,5,3,0,0,35.35,3,0,1,0,0
0,43,1,2,1,1,123.18,5,1,0,0,0
4,42,8,2,0,0,341.6,4,0,0,0,0
6,43,4,1,0,1,376.96,2,0,0,0,0
0,40,2,5,0,1,133.6,0,1,0,0,0
6,26,8,5,1,1,82.54,1,1,0,0,0
4,18,1,4,0,1,32.29,7,1,0,0,0
10,17,1,3,0,0,82.54,5,0,0,0,0
6,34,9,4,0,1,174.57,2,0,0,0,0
0,33,9,2,1,1,42.46,5,1,1,0,0
0,36,6,2,0,1,77,0,0,1,0,0
5,43,8,5,1,0,320.69,3,0,1,0,1
1,29,3,4,1,0,56.37,8,0,0,0,0
8,31,4,5,0,1,201.68,2,0,0,1,0
10,35,4,1,0,0,420.65,3,1,0,0,1
0,18,11,2,1,0,4.22,8,1,0,1,0
5,42,8,4,1,1,276.94,9,0,0,0,0
6,29,12,2,0,0,147.68,5,0,0,0,1
6,25,12,5,1,1,75.94,2,0,0,1,0
5,17,5,5,0,0,49.68,3,0,0,1,0
2,31,2,5,0,1,79.7,7,0,0,0,0
10,28,4,2,0,1,141.17,5,0,1,0,0
7,41,5,4,0,1,362.72,8,0,0,0,0
3,38,10,3,0,0,173.19,4,0,1,0,0
2,24,2,5,0,0,51.47,1,1,1,1,0
0,23,1,1,1,0,22.42,9,0,1,0,0
5,20,3,2,0,0,56.52,3,0,0,0,0
0,21,11,5,0,1,25.77,11,1,0,0,1
0,29,11,3,0,1,51.48,4,1,0,0,0
10,24,11,4,0,0,180.14,9,1,0,1,0
4,26,4,3,0,1,66.5,1,0,0,0,0
1,23,10,2,1,1,53.32,1,0,1,0,1
4,36,12,2,0,0,236.61,2,0,0,1,0
6,23,3,2,1,0,65.97,2,1,1,1,0
2,47,5,2,0,0,400.02,7,1,0,0,0
7,24,6,5,0,0,85.51,2,0,1,0,0
0,60,1,5,1,0,55.27,3,1,0,0,0
3,25,9,3,1,0,56.84,0,0,0,1,0
0,43,5,5,0,0,220.48,9,1,0,0,0
0,19,6,1,1,1,5.23,0,0,0,0,0
5,41,5,1,0,1,262.27,3,1,1,1,0
0,35,2,2,0,0,111.35,13,1,0,0,0
3,18,11,2,0,0,29.45,3,0,1,0,0
12,52,9,5,1,0,2311.18,7,0,1,0,0
7,41,6,4,1,1,295.5,7,1,1,0,0
1,30,1,2,0,0,83.97,7,1,0,0,1
0,45,12,2,0,1,165.41,6,1,1,0,0
12,21,6,4,0,0,24.21,1,1,0,1,0
5,18,1,2,1,0,42.9,3,0,0,0,0
4,43,4,5,1,0,33.77,2,1,0,1,0
9,42,1,4,1,1,566.47,9,1,0,0,0
5,31,5,2,0,1,136.33,1,0,0,1,0
5,49,2,4,1,0,20.54,4,0,0,0,0
0,41,12,4,1,1,104.03,7,0,0,0,0
0,23,6,5,0,1,47.62,10,1,0,0,0
7,43,5,4,1,1,430.95,10,1,0,0,0
7,18,7,3,0,1,47.77,1,1,0,0,0
7,17,1,5,0,0,57.13,2,0,0,0,1
5,27,7,4,1,1,75.44,4,1,0,0,0
10,26,4,1,0,1,168.28,10,1,0,1,0
0,22,9,2,1,1,73.96,4,0,0,0,0
4,42,7,2,0,1,216.67,3,0,1,0,0
0,20,9,2,1,1,84.73,11,0,0,1,0
7,33,7,5,1,0,234.2,3,0,0,0,0
2,18,8,2,1,0,84.04,9,0,1,0,0
10,27,5,2,0,1,162.9,1,1,0,0,1
0,25,1,5,0,0,46.19,2,1,0,0,0
0,36,2,2,0,0,121.4,6,1,0,0,0
0,49,10,3,1,0,260.04,7,1,0,0,0
5,23,12,3,0,1,48.15,3,0,1,0,1
5,28,7,5,1,0,2.85,2,1,0,0,1
5,32,10,2,0,1,128.7,5,0,0,0,0
1,27,12,4,1,0,38.34,4,0,1,0,0
6,21,4,3,1,1,52.66,7,0,0,0,0
6,18,12,4,0,1,41.92,8,1,0,0,0
12,33,8,4,0,1,328.8,5,0,1,1,0
10,19,6,3,0,1,89.51,0,1,0,1,0
3,42,2,5,1,1,193.64,1,0,0,0,0
6,21,2,4,1,1,53.92,1,1,0,0,1
0,18,8,3,1,0,14.24,10,1,1,0,0
0,26,7,5,1,1,22.91,6,0,1,0,0
0,45,12,5,0,1,235.52,5,0,0,1,0
0,28,8,1,1,1,27.37,12,0,1,0,0
4,19,6,4,1,0,39.3,9,1,0,0,0
4,24,3,2,1,0,61.78,13,0,0,0,0
1,45,7,3,1,0,224.41,7,0,0,1,0
6,39,11,2,1,1,258.23,4,1,0,1,0
2,33,10,3,0,1,89.12,6,1,1,1,0
0,29,10,2,0,1,51.48,8,0,0,0,0
4,47,7,2,0,1,18.82,1,0,0,0,0
0,25,11,2,0,0,46.19,5,0,0,0,0
6,30,5,3,1,0,150.6,8,1,0,0,0
14,30,7,5,0,1,349.69,3,1,0,0,0
5,38,3,2,0,0,29.75,1,1,0,0,0
10,22,6,2,1,0,122.56,0,1,1,0,0
0,60,4,4,1,1,497.53,3,1,0,1,0
3,27,2,1,1,0,20.35,1,1,0,0,1
0,17,11,2,1,1,12.5,10,1,0,0,0
0,51,11,2,1,1,239.42,10,0,0,0,0
6,35,8,1,1,0,189.18,8,1,1,0,0
0,20,3,3,1,1,13.35,4,0,1,0,0
6,44,5,3,1,0,501.78,0,0,0,0,0
4,20,1,3,1,1,33.63,1,1,0,0,0
6,23,12,2,0,0,70.23,1,1,1,0,1
7,26,6,3,0,1,98.38,1,0,0,0,0
8,23,1,3,1,0,118.26,7,0,0,0,1
2,30,9,5,1,1,46.7,1,0,1,0,0
3,18,3,1,1,1,23.57,1,1,0,1,0
2,27,1,2,0,1,45.46,3,0,1,0,0
0,29,12,3,1,1,36.82,3,0,0,0,0
12,21,3,5,1,0,160.13,5,0,1,0,0
3,27,8,1,0,1,95.95,5,1,0,0,0
12,34,11,3,0,0,397.15,1,0,1,0,0
1,34,7,5,0,1,90.88,1,1,0,0,0
12,17,11,1,0,1,67.97,13,1,1,0,0
4,25,2,1,1,1,40.9,8,1,0,0,0
2,22,6,1,1,1,28.18,3,0,0,0,0
3,35,3,1,0,0,71.21,1,0,0,1,0
7,21,7,5,1,0,80.62,1,0,0,0,0
4,30,2,5,0,1,109.58,5,0,0,1,0
5,34,2,4,1,1,139.54,6,0,0,0,0
1,38,2,3,0,0,133.39,3,1,1,0,0
10,22,9,5,0,1,101.65,7,1,0,0,0
6,37,12,5,1,0,283.46,6,0,0,0,1
0,33,8,5,1,1,53.54,1,1,0,0,1
5,27,3,2,1,1,5.46,2,0,1,0,0
0,30,1,5,0,0,71.98,0,1,0,0,0
0,50,7,1,1,1,34.27,7,1,0,1,0
0,48,5,4,0,1,261.48,6,0,0,0,0
4,21,8,1,1,0,55.98,0,0,0,1,0
0,24,2,1,0,1,38.14,1,0,0,1,0
4,37,2,2,0,0,228.38,8,0,0,0,1
0,24,11,3,1,1,23.59,5,1,0,0,0
3,25,5,2,0,1,54.65,0,1,0,0,1
6,36,6,1,1,0,260.07,4,1,0,0,1
4,18,6,2,0,1,30.31,12,0,1,1,0
3,33,9,3,0,1,21.8,3,1,0,0,0
6,40,10,3,0,0,374.33,0,1,0,0,0
5,32,7,2,1,1,95.19,1,0,1,0,0
0,40,4,5,1,1,95.55,6,1,0,0,0
7,44,1,4,0,1,379.36,5,0,1,0,0
0,25,12,4,1,1,76.25,5,1,0,0,0
0,32,12,5,0,1,67,8,0,0,0,0
4,18,7,1,1,0,35.87,0,1,0,0,0
0,31,9,3,0,1,49.84,8,0,1,0,0
4,33,6,1,1,0,140.2,6,1,0,0,1
7,31,12,4,0,1,127.27,5,0,1,0,1
0,19,9,5,0,0,21.81,12,1,1,0,0
10,50,9,4,1,0,1404.57,0,0,1,0,1
1,20,1,5,0,1,24.59,2,1,1,1,0
4,27,5,1,0,0,107.59,9,1,0,1,0
6,30,6,1,0,1,115.52,5,1,1,1,0
4,29,10,3,0,1,72.15,11,1,1,0,1
4,18,7,3,0,0,41.33,3,1,0,0,0
7,31,10,5,0,0,159.13,8,1,1,0,0
4,53,2,1,1,1,576.56,11,0,0,0,0
11,17,2,3,0,0,29.83,0,1,1,1,0
3,36,11,4,0,0,207.65,2,1,0,1,0
7,29,5,3,1,0,32.52,3,1,0,0,0
8,19,2,2,0,0,76.34,5,1,0,0,0
3,39,9,5,1,0,156,4,1,1,0,0
0,22,9,1,0,1,22.37,7,0,1,0,0
9,37,1,2,0,1,271.75,4,1,1,0,0
2,30,11,3,0,1,73,3,1,0,0,0
13,18,3,2,0,0,137.03,4,1,0,0,1
3,29,6,1,1,1,51.13,9,0,1,0,0
0,58,1,1,1,0,539.95,1,1,0,0,0
12,20,8,4,0,0,117.18,6,0,1,0,1
1,20,4,1,0,0,38.76,12,1,0,1,0
6,29,2,5,0,1,130.27,1,0,0,1,0
6,30,12,5,0,0,182.13,12,0,0,1,0
10,30,6,4,0,1,194.74,9,0,1,1,0
9,26,10,4,1,0,4.16,6,1,0,0,0
1,36,8,5,0,0,93.75,8,0,0,0,0
1,37,12,2,1,0,87.65,8,1,0,0,1
6,26,2,2,0,1,67.61,9,1,0,0,0
1,24,1,5,1,1,8.55,8,1,1,0,0
0,20,4,3,1,1,61.45,1,1,0,0,0
0,26,8,2,1,1,70.15,5,1,0,0,0
0,25,5,4,1,1,25.8,4,1,0,0,0
1,26,1,5,0,1,46.02,2,1,0,0,1
3,18,4,4,0,1,28.34,3,0,0,0,0
9,25,1,3,1,0,134.21,12,1,1,0,0
6,18,6,5,0,0,53.66,6,1,0,0,0
4,31,6,4,1,1,90.35,10,0,0,1,0
1,18,4,2,1,0,20.97,6,1,0,0,0
2,18,6,2,0,0,67.23,9,1,0,0,0
5,27,1,1,0,1,84.81,2,1,0,0,1
2,27,4,2,1,1,44.11,3,0,0,0,0
1,29,1,5,0,1,58.66,7,1,0,0,0
5,32,3,4,1,0,150.07,3,0,0,0,0
0,35,11,2,0,1,100.57,4,0,0,1,0
0,20,8,2,1,0,21.05,4,0,0,0,0
6,23,3,2,1,0,80.76,7,0,0,0,0
12,33,5,1,0,0,372.76,0,0,1,0,1
11,20,1,5,0,0,123.7,11,0,0,0,0
6,33,1,3,0,0,166.34,1,0,1,0,0
0,33,5,2,1,0,90.84,8,1,0,0,0
0,25,1,1,0,0,46.19,1,1,0,0,0
5,23,7,5,0,0,60.2,3,1,1,0,0
2,21,1,3,1,0,27.4,9,1,1,0,1
13,27,4,4,0,0,301.32,10,1,0,0,0
1,27,5,5,0,1,39.9,7,0,1,0,0
6,25,8,1,1,1,39.13,2,0,0,0,1
6,25,5,2,0,0,101.09,3,1,0,0,0
4,24,2,3,1,1,48.26,8,1,0,0,0
3,27,2,1,1,0,55.16,6,1,1,1,0
5,43,9,1,0,0,27.96,9,0,0,0,0
3,25,1,4,0,1,36.57,4,1,0,1,0
0,56,5,3,1,0,373.47,3,1,1,0,0
12,31,10,3,0,0,435.24,10,1,0,1,0
4,18,7,2,1,1,22.89,1,0,1,1,0
6,39,3,4,0,0,12.1,4,0,0,0,1
0,35,11,2,1,0,29.16,11,1,1,0,0
6,24,5,2,0,1,2.54,5,1,0,0,0
0,20,12,5,1,1,16.44,4,1,0,0,0
12,18,11,3,1,1,97.46,7,1,1,0,1
10,44,3,5,1,0,1050.86,7,1,0,0,1
5,19,4,4,1,0,47.28,7,1,0,1,0
2,40,11,1,1,0,33.1,11,1,0,1,0
2,17,9,1,1,1,45.7,7,1,0,0,1
3,22,4,5,0,1,40.76,4,1,0,0,0
4,37,11,1,1,0,90.34,4,0,1,0,0
5,29,11,3,0,1,80.29,8,0,1,0,0
9,32,10,4,1,0,314.29,2,1,0,0,1
3,20,9,5,1,0,29.4,2,0,1,1,0
6,21,2,3,1,1,4.38,8,1,0,0,0
7,38,11,4,0,0,298.93,9,0,1,0,1
2,33,9,1,0,1,77.08,3,1,1,0,0
0,23,11,5,1,0,92.43,4,1,1,0,0
8,18,12,2,1,0,59.57,4,0,1,0,0
0,19,2,1,1,1,15.01,1,0,0,0,0
0,28,5,4,1,1,45.9,3,1,1,1,0
11,30,10,2,1,0,32.34,2,1,0,0,1
0,43,10,5,0,0,225.75,6,0,0,0,1
5,51,7,1,0,1,642.99,7,1,0,0,0
8,26,2,2,0,0,165.92,1,0,0,1,0
0,44,5,3,0,1,187.34,7,1,0,0,0
6,37,2,1,1,0,14.01,3,1,1,0,0
8,25,10,1,0,0,134.38,5,1,0,0,1
6,35,4,5,0,1,190.38,9,0,0,0,0
1,42,10,3,0,1,91.03,6,1,0,0,0
7,22,9,5,0,1,57.12,11,0,1,0,1
5,29,1,2,1,0,115.3,0,1,0,0,0
2,21,4,1,0,1,32.68,5,0,0,0,0
6,26,6,5,1,0,79.36,5,0,1,0,1
9,23,3,4,1,0,138.96,2,0,0,1,0
1,29,9,2,1,1,35.97,6,0,1,1,0
5,21,3,3,1,1,62.87,5,0,1,0,1
0,38,9,4,0,0,98.71,0,1,1,0,0
5,22,8,2,1,0,65.47,0,0,0,0,0
1,31,8,2,1,1,53.76,4,0,0,0,1
0,46,1,2,0,0,327.77,6,1,0,1,0
3,18,6,1,1,1,23.99,5,0,0,0,1
4,21,9,2,0,1,42.43,8,0,0,0,0
4,21,12,1,0,0,54.31,5,1,0,0,0
4,28,1,3,1,1,92.99,3,1,1,0,1
10,37,12,5,1,0,459.81,7,0,1,0,0
2,39,7,3,0,1,132.42,1,0,1,0,1
0,20,6,2,0,0,42.46,1,1,0,1,0
4,34,6,4,1,0,152.94,7,1,0,0,1
9,25,7,3,1,0,165.29,9,0,0,0,0
3,36,11,4,1,0,31.68,4,0,0,0,0
3,36,12,5,0,0,179.61,12,0,0,0,0
8,19,1,5,0,1,8.24,3,1,0,0,0
7,33,6,4,0,1,42.8,10,1,0,0,0
5,30,2,1,0,1,87.69,2,1,1,0,0
0,26,7,5,1,1,28.22,0,0,0,0,0
5,35,2,5,1,1,27.26,5,0,1,0,0
3,40,4,4,0,0,253.02,2,0,0,0,0
10,31,5,2,1,0,344.35,8,0,0,0,1
7,21,6,3,1,1,58.88,9,1,0,0,0
0,28,4,1,1,1,33.7,5,1,0,0,0
2,38,5,3,0,1,118.73,9,0,1,0,0
13,39,8,4,0,0,696.07,5,0,1,0,0
4,31,5,2,0,1,105.95,10,1,0,0,1
10,20,10,2,0,0,108.56,1,0,0,0,0
0,18,7,1,1,0,17.54,2,1,0,0,0
2,30,12,2,0,1,58.95,3,1,0,0,0
1,25,6,5,1,1,25.66,4,1,1,0,1
2,49,5,3,0,0,383.29,10,0,1,0,0
5,51,12,3,0,0,668.36,5,0,1,0,0
0,28,2,5,0,1,38.26,0,0,1,0,0
9,24,7,5,0,1,106.81,4,0,0,0,0
2,24,7,3,1,1,33.74,12,1,0,0,0
4,42,6,4,0,0,277.37,8,1,1,0,0
13,34,8,5,0,0,570.64,1,0,0,0,1
0,42,7,2,1,0,53.52,6,1,0,0,0
6,27,6,2,1,1,92.38,0,1,0,0,1
0,19,9,5,1,1,39.48,9,0,0,1,0
1,42,3,3,1,1,14.23,7,1,0,0,0
3,24,9,1,1,0,41.95,5,1,1,0,0
4,27,7,5,0,0,93.06,4,0,0,0,0
6,30,3,5,1,0,38.02,4,1,0,0,0
6,30,9,2,1,1,94.58,3,1,0,0,0
1,44,9,1,0,0,74.42,10,0,0,0,0
8,25,7,4,1,1,110.54,7,0,0,0,1
3,27,6,3,0,0,66.31,2,0,1,0,0
6,32,6,1,0,0,97.88,2,1,1,0,0
0,19,7,5,1,1,15.01,1,1,0,0,0
0,20,1,1,1,0,88.56,8,0,0,0,0
0,18,9,5,1,1,13.7,9,1,0,0,0
6,22,8,2,1,1,57.65,12,1,0,0,0
3,18,3,2,0,0,89.33,8,1,1,0,0
0,26,8,5,1,1,28.22,0,1,0,0,0
2,26,12,1,1,1,40.35,9,0,0,0,0
4,46,8,4,1,0,414.74,0,0,0,0,0
15,27,11,4,1,0,22.48,3,1,0,0,0
8,17,6,2,1,0,67.35,3,1,0,1,0
0,39,9,1,1,0,46.07,3,1,0,0,0
9,20,3,3,0,0,84.61,1,1,1,1,0
6,21,9,3,0,1,44.73,9,1,1,0,0
0,22,12,4,1,1,72.34,1,0,0,0,0
8,29,2,2,0,1,146.29,3,1,0,0,0
0,27,12,5,1,1,25.04,2,0,1,0,0
0,29,8,4,1,1,75.65,4,0,1,0,0
9,22,4,5,0,1,72.44,5,0,1,0,0
10,19,9,4,1,0,59.92,2,1,0,0,0
8,22,7,3,1,1,48.01,3,1,0,0,1
4,40,2,1,0,1,225.21,2,0,0,0,0
0,56,2,3,0,0,522.17,7,1,1,0,0
0,25,7,2,1,1,21.45,5,1,1,0,1
2,29,5,4,0,1,66.84,4,1,0,0,0
2,38,4,4,0,1,146.23,1,0,0,0,0
2,31,9,1,0,0,82.85,10,0,1,0,0
4,21,7,1,0,1,34.45,6,1,1,0,0
2,20,7,1,0,1,29.84,0,0,0,0,0
12,24,12,2,0,1,182.7,3,1,0,1,0
0,33,6,5,1,1,53.54,6,0,0,0,1
6,26,9,5,0,1,86.34,0,1,0,0,0
8,21,3,2,1,0,78.29,4,1,1,0,0
0,31,12,2,0,1,53.68,5,0,0,0,0
11,18,5,1,1,0,125.49,9,1,0,0,0
4,17,10,2,0,1,29.46,7,0,0,0,0
2,26,8,1,0,1,51.22,2,0,0,0,0
6,31,1,2,1,1,10.79,4,1,1,0,0
0,25,12,5,1,0,66.32,0,1,0,0,0
7,21,8,5,0,1,62.77,4,1,0,0,0
0,32,4,2,1,1,64.81,13,1,1,0,0
3,25,10,3,1,1,44.14,7,1,0,0,0
0,22,4,2,1,0,20.48,6,0,1,0,0
0,27,11,2,1,0,32.06,2,0,1,0,0
4,33,12,4,1,1,106.96,1,1,0,0,0
1,40,1,4,0,1,152.23,3,0,0,0,0
0,47,1,2,1,0,225.62,9,1,0,0,1
4,32,10,5,0,1,130.59,5,0,0,1,0
4,53,6,1,0,0,690.57,9,1,1,0,0
8,28,5,4,1,0,184.83,8,1,0,0,1
5,27,2,4,1,1,61.87,5,0,0,0,0
7,35,10,2,0,0,277.71,8,0,0,0,0
3,40,2,4,0,0,205.45,0,0,1,0,0
9,38,9,4,0,1,373.38,4,1,0,0,1
5,20,12,4,1,1,40.46,7,0,0,1,0
5,43,9,3,0,0,343.88,10,1,1,0,0
3,41,2,2,0,1,174.71,9,0,1,0,0
0,27,2,1,0,1,49.86,8,1,0,1,0
3,25,11,3,0,1,61.71,5,1,0,1,0
6,31,8,4,1,0,37.04,2,0,1,0,0
4,24,2,1,1,0,61.78,0,0,0,0,0
4,52,10,2,1,1,531.44,3,0,0,0,0
0,39,8,2,1,0,112.33,0,0,0,0,0
1,20,12,5,1,1,37.01,7,1,0,0,0
3,42,7,4,0,1,219.84,5,1,1,1,0
0,19,5,5,1,0,60.62,12,1,1,0,0
6,22,4,1,1,0,73.8,1,0,0,0,0
6,17,3,2,0,1,39.16,6,1,0,0,1
7,33,6,2,0,1,182.34,7,1,0,0,0
0,22,4,2,0,1,31.85,6,1,0,1,0
4,32,6,5,1,1,79.59,1,1,1,0,0
0,47,11,4,1,1,176.24,5,1,0,0,1
6,50,3,5,1,1,660.62,8,1,0,0,1
0,42,1,4,0,1,128.53,4,1,1,0,0
0,22,2,3,1,0,25.23,1,0,0,0,0
9,48,6,5,0,1,866.87,3,0,0,0,1
12,35,5,1,0,1,416.68,0,0,0,0,0
0,23,12,1,0,1,11.53,1,1,0,1,0
0,20,12,1,1,1,13.43,3,0,1,1,0
9,26,12,4,1,0,180.73,2,1,0,0,0
0,46,7,2,1,1,12.45,11,0,0,0,0
9,22,5,2,0,1,89.21,8,0,0,0,0
6,25,1,1,0,0,116.88,6,1,0,1,0
4,19,3,4,0,1,40.9,11,1,0,1,0
6,24,5,5,1,1,56.38,3,1,1,1,0
10,44,8,5,0,0,718.46,4,0,1,0,0
5,30,5,1,0,0,138.25,2,1,0,0,0
0,37,12,3,1,1,73.93,6,1,0,0,0
2,19,1,1,1,1,66.63,10,0,1,0,0
5,25,5,1,0,1,69.3,2,0,0,0,0
6,31,11,1,1,0,133.51,4,1,1,0,0
6,23,8,3,0,0,84.48,10,0,0,0,0
6,31,4,4,1,1,106.78,1,0,1,0,1
6,38,7,5,0,1,246.5,1,0,0,0,0
3,26,8,1,1,0,61.78,6,0,0,0,0
4,22,12,5,1,0,51.6,13,1,0,0,0
12,46,8,4,0,0,67.48,8,0,1,0,0
3,20,7,3,0,0,36.19,4,1,1,0,1
3,37,8,3,0,1,152.92,4,1,0,0,0
6,20,11,2,1,0,49.99,0,1,1,0,0
3,18,10,3,1,0,24.94,4,1,1,0,1
10,19,8,1,0,1,89.51,2,0,0,1,0
2,31,1,4,1,1,50.99,9,0,1,0,0
9,52,2,3,0,1,58.91,2,1,0,0,0
5,23,6,4,1,1,74.93,6,0,1,0,0
9,33,2,1,0,0,251.96,5,1,1,0,1
7,19,5,5,0,1,52.33,2,0,0,0,0
2,22,7,2,1,1,28.18,3,0,0,0,0
4,24,5,3,0,1,45.15,10,0,1,0,0
3,28,1,3,1,0,73.8,10,0,0,0,0
2,24,9,1,0,0,54.83,2,0,0,0,0
3,22,1,2,0,1,40.76,8,1,0,0,0
0,30,10,2,1,0,51.79,8,1,0,1,0
4,32,2,1,0,0,135.74,11,0,1,1,0
0,30,8,5,1,1,40.21,8,1,0,0,0
2,49,8,5,0,0,472.05,1,1,0,0,0
0,39,8,4,1,1,17.09,5,1,0,0,0
1,38,1,3,1,1,6.01,2,0,0,0,0
6,23,2,1,1,0,65.58,7,1,1,0,0
3,17,9,1,0,1,20.99,6,1,1,0,0
1,37,7,4,0,0,150.77,3,1,0,0,0
6,25,9,1,0,0,103.5,10,0,0,0,1
4,33,11,4,0,0,128.12,4,1,1,0,0
0,33,3,3,1,1,60.49,1,1,0,0,1
4,39,11,3,0,1,206.81,4,1,0,0,0
0,25,9,3,1,1,20.95,4,1,1,0,0
0,44,7,5,0,1,152.11,5,0,1,0,0
12,19,9,1,0,0,106.98,4,0,1,0,1
18,18,12,3,0,0,208.73,11,1,1,0,0
0,20,6,4,1,1,16.44,2,1,0,0,0
8,20,7,4,0,1,66.87,2,1,0,0,1
2,28,1,5,1,1,9.43,9,0,1,0,0
5,27,9,1,1,0,80.29,2,0,1,0,1
6,20,2,2,0,0,64.4,1,0,0,0,0
4,28,6,2,0,1,79.44,6,0,0,0,0
9,57,7,1,0,0,1832.17,2,0,1,0,0
0,26,2,4,0,1,39.45,3,1,0,0,0
4,22,12,4,1,0,51.6,2,1,0,0,0
0,26,1,2,0,1,32.03,0,0,1,0,0
12,43,2,1,0,0,1056.19,4,1,0,0,0
5,23,1,2,1,0,67.53,5,0,0,0,0
0,23,1,4,0,0,38.6,6,1,0,0,0
1,17,5,5,1,0,44.73,3,1,1,0,0
4,18,10,5,1,1,28.02,5,0,0,0,0
5,25,6,4,1,1,5.54,0,1,0,0,0
6,25,9,5,1,0,96.64,6,1,0,0,0
3,18,6,2,0,1,32.76,6,0,0,1,0
4,24,4,1,1,1,91.77,1,1,1,0,0
0,22,7,5,1,1,33.64,1,1,1,0,0
0,29,2,1,0,1,41.8,7,1,1,0,0
3,20,8,3,1,0,36,6,0,0,0,0
5,36,11,4,0,0,238.76,12,1,0,0,1
8,41,1,4,0,0,429.62,1,0,1,0,0
2,28,3,1,0,1,88.18,3,1,0,0,0
5,24,2,3,0,0,81.11,8,0,0,0,0
4,25,2,1,0,1,49.38,9,1,1,0,0
10,56,11,2,0,0,2372.7,11,0,0,0,0
4,17,11,2,1,1,25.57,5,0,0,0,0
2,41,5,2,0,0,241.75,1,1,0,0,0
11,41,9,4,0,1,626.05,7,1,0,0,1
3,41,6,3,0,1,248.78,0,1,0,1,0
3,32,7,5,1,1,81.97,2,1,0,0,0
2,26,4,3,1,1,40.35,11,1,0,0,0
5,23,9,5,0,0,85.72,6,1,0,1,0
12,37,2,4,1,0,814.77,13,0,0,1,0
2,24,2,2,0,1,42.83,3,1,0,0,0
2,32,4,5,1,1,41.39,10,0,0,0,0
9,53,11,2,1,0,1500.98,1,1,1,0,1
2,27,11,1,1,1,58.27,3,1,0,0,0
1,36,2,1,0,1,108.06,11,1,0,0,0
8,19,5,1,1,1,64.29,11,0,0,0,1
14,38,2,5,0,0,35.82,6,1,0,0,0
1,36,2,3,0,0,112.32,4,1,1,0,0
2,37,11,2,0,0,59.18,5,0,0,0,0
7,22,7,2,0,0,73.13,2,1,1,0,1
0,30,8,3,1,1,40.21,3,1,0,0,0
0,34,10,1,1,0,73.03,4,1,0,0,0
10,32,10,5,1,0,375.86,1,1,0,0,1
5,21,10,3,1,0,49.5,1,1,0,0,0
5,28,7,5,0,1,94.56,4,1,0,0,0
5,20,6,3,1,1,40.21,11,1,0,0,0
3,27,7,2,0,0,83.62,2,1,0,0,1
3,31,11,3,1,1,62.43,2,0,1,0,1
9,20,5,4,1,0,105.3,9,1,0,0,0
4,42,10,3,0,1,308.51,5,1,0,1,0
13,24,8,5,1,0,316.48,6,0,0,0,1
12,18,5,4,1,0,77.43,4,0,1,0,0
0,47,12,5,1,1,43.05,5,0,1,0,0
2,41,7,1,0,0,241.75,9,1,0,0,0
6,19,4,3,1,1,6.28,9,1,1,0,0
0,34,5,2,1,1,5.52,10,1,0,0,0
8,44,12,5,1,0,19.98,4,0,1,0,0
2,25,7,1,1,0,47.25,11,0,0,0,0
5,48,7,1,1,1,457.47,8,1,0,0,0
0,46,10,2,1,1,87.73,9,1,0,0,0
1,25,6,5,0,1,41.11,4,1,0,0,0
2,28,4,2,0,1,61.18,1,0,0,0,0
10,20,12,5,0,1,70.5,9,0,1,0,1
4,26,12,1,1,1,57.71,7,0,0,0,0
4,33,4,4,0,1,126.19,7,1,0,0,1
8,24,5,5,1,0,21.19,4,0,0,1,0
0,32,11,1,0,1,67,3,0,0,0,0
4,33,11,2,1,1,106.96,11,1,0,0,0
0,41,3,1,1,1,104.03,1,1,0,0,0
3,31,12,5,1,1,60.97,3,1,1,0,0
12,17,1,3,0,1,85.71,6,0,0,0,1
14,17,8,2,0,1,108.69,1,0,0,0,0
10,21,2,5,1,1,107.71,8,0,0,0,0
3,36,9,3,0,1,113.92,7,0,1,0,0
8,22,8,1,0,0,102.62,11,0,0,0,1
7,27,1,4,1,1,107.9,7,1,0,0,0
15,33,2,1,1,0,56.06,10,1,0,0,1
0,47,3,1,1,1,172.13,4,0,0,0,0
2,22,4,2,0,0,45.79,2,1,0,0,0
0,41,2,3,1,1,104.03,5,0,0,0,0
3,27,7,4,0,0,10.55,9,0,0,0,0
0,47,3,2,0,1,278.25,2,0,0,1,0
1,29,11,1,0,1,58.66,6,1,0,0,0
0,24,9,1,1,1,19.16,5,0,1,0,0
1,47,6,3,0,1,280.78,6,0,0,0,1
6,29,8,4,1,1,107.71,4,1,0,0,0
3,19,2,1,1,0,26.68,2,1,1,0,0
14,18,4,3,0,1,99.03,11,1,1,0,1
6,35,11,4,1,0,232.98,9,1,0,0,0
8,29,10,4,0,0,187.28,3,1,0,0,0
7,24,7,4,0,0,85.51,3,0,1,0,0
2,29,8,4,1,1,77.51,6,1,0,1,0
6,24,9,2,1,0,36.84,9,1,0,0,0
4,36,3,5,0,1,159.86,2,1,0,0,0
2,24,9,2,0,1,42.83,8,1,0,0,0
0,23,3,4,1,1,21.7,5,0,0,1,0
6,47,3,2,1,1,69.3,7,0,0,1,0
1,21,4,2,0,1,23.29,3,0,1,0,0
0,32,10,4,1,0,61.35,2,1,0,0,0
8,21,3,4,1,0,80.15,3,1,1,0,1
6,42,8,5,1,0,14.92,12,1,1,0,0
4,18,4,2,1,1,9.55,10,0,0,0,0
3,22,2,3,1,1,33.7,9,0,0,0,0
8,41,7,4,1,1,435.22,13,1,0,0,0
2,56,4,4,0,0,834.96,3,0,0,0,0
9,23,3,1,0,0,124.98,4,1,0,0,0
2,30,3,5,1,0,59.78,3,0,1,0,0
1,29,5,2,1,0,45.77,10,1,1,0,0
10,36,1,2,0,0,458.61,6,0,0,0,1
10,52,1,4,0,0,81.97,9,0,0,0,1
3,24,9,1,1,0,51.66,10,1,0,0,0
5,27,3,1,0,1,36.86,6,1,0,0,0
1,35,10,4,0,0,73.23,4,0,1,0,0
0,28,6,4,1,1,33.91,1,1,0,1,0
3,35,3,1,1,1,5.59,2,0,1,0,1
8,18,8,1,1,0,73.37,12,0,0,0,0
7,27,6,2,0,0,52.26,6,1,0,0,0
12,26,4,4,0,0,241.92,4,0,0,0,0
2,34,8,4,0,0,107.64,7,0,1,0,0
9,20,11,4,1,0,105.3,2,0,0,0,0
2,45,2,3,0,0,338.59,2,0,0,0,0
1,36,5,4,1,1,92.69,10,1,1,1,0
6,44,11,1,1,1,401.32,2,1,0,0,1
6,42,2,4,0,0,454.11,0,0,0,0,1
0,29,8,5,1,0,33.83,1,1,0,0,0
9,42,12,3,0,1,42.33,2,0,0,0,1
8,40,9,1,1,0,11.9,8,0,1,0,0
0,37,7,4,0,1,119.5,2,0,0,1,0
6,35,6,5,0,1,220.11,9,1,0,1,0
6,25,5,4,0,0,101.09,8,0,0,0,0
0,26,5,2,1,0,98.2,11,0,1,0,0
6,41,7,2,0,0,407.52,4,1,0,0,0
9,23,1,5,0,0,127.97,6,0,0,0,1
4,21,7,3,0,0,44.1,3,1,1,0,0
6,21,10,4,1,0,67.41,7,1,0,0,0
9,30,11,4,0,0,233.06,14,0,0,0,0
6,29,2,5,0,0,117.12,2,1,1,0,0
0,37,8,3,0,1,83.93,2,1,1,0,0
5,31,7,5,1,0,111.64,11,1,1,0,0
2,34,7,1,0,0,132.57,6,0,0,0,0
9,21,3,1,1,0,118.05,11,1,0,0,1
6,23,6,4,0,0,68.6,9,1,1,0,0
6,33,7,4,0,0,204.86,4,0,0,0,0
0,29,6,3,1,1,29.9,1,1,1,0,0
1,19,7,1,1,0,14.9,8,1,0,1,0
11,39,10,1,0,0,660.26,1,1,0,0,0
0,20,2,4,1,1,98.79,0,1,0,0,0
9,42,8,4,1,1,569.88,3,1,0,1,0
1,46,8,5,1,1,75.06,13,0,1,0,0
2,43,12,5,0,0,232.44,2,0,1,0,0
0,19,6,1,1,0,19.21,5,1,0,0,0
14,36,3,5,0,0,42.45,1,0,0,1,0
0,34,8,4,1,0,73.03,3,0,0,0,0
10,24,7,5,0,0,155.81,3,0,0,0,0
2,20,4,4,0,1,29.84,4,0,0,0,0
0,48,8,1,0,0,81.49,6,0,0,1,0
1,32,11,5,1,0,59.57,4,0,1,0,0
4,22,9,1,0,0,48.28,5,0,1,0,0
13,18,5,3,1,0,69.34,7,1,1,1,0
0,19,8,2,1,1,15.01,4,1,0,0,0
4,51,4,2,0,1,564.3,7,0,0,0,0
0,53,4,3,1,0,293,8,0,1,0,0
9,40,11,5,0,1,351.25,3,1,1,0,0
10,26,11,2,0,1,145.55,11,1,0,0,0
0,20,4,3,1,0,68.06,10,1,0,0,1
3,19,4,2,1,0,33.65,8,1,0,0,1
8,50,6,5,0,0,1121.83,4,1,0,0,0
0,20,7,2,1,1,16.44,6,1,0,0,0
6,22,3,2,1,1,57.65,2,1,0,0,0
3,41,9,2,1,1,144.47,8,0,1,0,0
6,39,7,5,1,0,328.6,3,0,0,0,0
0,25,1,2,1,1,63.67,8,0,0,0,0
0,24,4,3,1,1,50.35,3,1,0,0,0
9,28,1,1,0,1,2.57,5,0,1,0,0
0,26,5,2,1,1,28.22,4,1,0,0,0
6,45,8,3,1,1,354.34,8,0,1,0,1
8,28,6,1,0,1,154.82,2,0,0,1,0
12,19,6,2,1,0,165.42,2,1,0,1,0
2,17,7,3,1,1,75.27,6,1,0,1,0
0,20,4,4,0,1,14.93,2,0,1,0,0
3,22,3,4,0,0,52.18,3,1,0,0,0
0,41,3,3,0,0,154.79,1,1,1,0,1
0,23,8,1,0,1,34.86,4,0,0,1,0
5,19,12,2,0,1,41.27,11,0,0,0,1
0,38,12,2,0,0,119.86,10,1,1,0,1
0,55,10,2,1,1,331.47,3,1,0,0,0
4,48,9,2,1,1,382.53,6,0,0,0,0
6,35,9,2,0,1,190.38,5,1,0,0,0
3,28,5,4,1,1,61.73,5,1,1,0,0
3,17,12,5,1,0,27.53,3,0,0,1,0
0,31,2,4,0,1,61.39,1,1,0,0,0
4,33,7,2,1,1,106.96,5,1,0,0,0
5,18,5,2,0,1,36.79,2,1,0,0,0
0,26,10,1,0,1,39.45,5,1,0,0,0
6,33,5,1,0,1,129.94,4,1,1,0,0
2,33,6,3,0,0,121.53,12,0,0,0,0
5,36,10,3,0,0,233.19,2,0,0,0,0
0,50,2,3,0,1,289.5,1,0,1,1,0
3,29,4,5,1,1,62.98,5,0,0,0,0
4,18,3,3,0,1,37.33,11,0,0,1,0
0,44,7,2,0,0,194.73,4,1,1,0,0
3,37,2,4,0,1,152.92,5,1,0,0,0
0,26,6,2,0,0,65.84,3,1,0,1,0
1,30,3,1,1,1,49.24,6,0,0,0,1
3,53,1,4,1,0,24.77,1,1,1,1,0
10,23,11,4,0,1,92.48,3,1,1,0,1
6,22,1,2,1,0,73.8,3,1,0,0,0
7,38,9,3,0,0,291.96,2,1,1,0,0
4,32,3,3,0,1,112.95,3,1,0,0,0
0,45,7,4,0,1,165.41,4,0,1,0,0
8,27,3,2,1,0,24.1,0,1,1,0,0
6,49,1,3,1,0,760.7,8,1,0,0,0
9,19,12,3,1,0,10.4,4,1,0,0,1
0,32,4,1,0,1,36.47,7,1,1,0,0
5,19,4,4,0,1,10.47,1,0,0,0,0
3,30,7,5,1,1,73.01,1,0,0,0,1
0,28,1,2,0,1,29.06,9,0,0,1,0
6,28,10,4,0,1,119.24,4,1,0,1,0
0,27,5,1,1,0,39.48,4,0,0,0,0
6,25,5,5,0,1,65.65,4,0,1,0,1
2,28,5,2,1,1,60.87,4,0,0,0,0
5,36,5,5,0,0,233.19,6,0,0,0,0
4,24,2,5,0,1,45.15,7,1,1,0,0
4,38,11,3,1,0,57.61,12,0,1,0,0
1,47,11,3,1,1,167.15,5,0,1,0,0
2,25,11,4,1,1,22.26,12,0,0,0,0
0,35,8,1,0,1,70.63,9,1,1,0,0
0,18,11,1,1,1,77.89,7,1,0,0,0
0,37,4,2,1,1,59.76,1,0,0,0,0
4,46,4,5,1,1,69.49,1,1,1,0,1
4,20,9,3,1,1,22.14,6,1,1,0,0
6,19,11,3,1,1,44.17,8,0,0,1,0
9,32,7,1,1,0,249.24,6,0,1,0,0
4,22,6,2,1,0,41.9,4,1,1,0,0
0,49,11,1,0,1,230.6,3,0,1,0,0
6,24,9,4,0,0,92.43,1,1,0,0,0
3,32,10,2,1,0,87.24,3,0,1,0,1
6,28,11,3,0,0,135.19,2,1,0,0,1
8,25,9,2,1,0,31.2,7,1,0,0,0
0,52,2,3,0,1,363.27,5,0,0,0,0
16,34,6,1,0,0,685.48,0,0,1,0,1
2,32,10,4,1,1,55.65,12,1,1,0,0
8,39,9,5,0,1,327.28,3,1,1,1,0
9,20,9,4,1,0,107.81,3,1,0,0,1
9,28,6,2,1,1,136.93,3,0,1,0,0
6,18,3,5,0,1,41.92,2,1,0,0,0
6,25,2,3,0,1,78.97,6,0,0,0,0
5,41,7,1,1,0,34.13,0,0,0,0,1
9,32,7,3,0,1,176.16,1,0,1,0,0
3,18,6,1,1,0,47.04,4,0,0,1,0
4,41,11,5,0,1,283.47,11,1,0,1,0
3,29,12,5,0,1,36.95,2,1,0,0,0
4,18,5,4,1,0,1.3,5,1,0,1,0
0,23,12,5,1,1,21.57,1,0,0,0,0
4,23,7,1,1,0,56.47,2,0,0,0,0
0,27,8,2,0,1,43.12,2,1,0,0,0
0,37,7,2,0,1,103.36,10,1,0,0,0
8,25,11,4,0,0,75.82,11,1,0,0,1
3,39,10,1,1,0,156,8,1,1,0,0
6,30,10,1,0,1,115.52,7,1,1,1,0
0,38,12,1,1,1,66.97,9,0,1,0,1
0,46,10,1,1,1,66.91,5,0,0,0,0
8,39,4,3,0,0,446.3,5,0,0,0,0
1,28,3,3,1,1,93,2,0,1,0,0
4,28,10,5,0,1,79.44,1,0,0,0,0
10,17,1,4,0,0,84.51,4,1,0,0,1
8,20,4,4,0,1,61.32,0,0,1,1,0
3,36,11,4,1,0,120.59,5,0,1,0,0
2,17,6,3,0,1,22.69,2,0,0,0,0
12,18,4,1,0,0,95.37,2,1,1,0,0
0,51,8,5,0,1,334.75,4,1,0,0,0
0,44,1,3,0,0,194.73,9,0,1,0,0
3,51,6,4,1,0,527.39,3,0,0,1,0
0,27,5,2,1,1,30.84,10,1,0,0,0
2,20,6,2,0,0,31.02,10,0,1,0,0
2,29,9,3,0,1,68.44,6,0,0,0,1
9,38,9,2,1,0,515.96,3,0,0,0,0
3,17,3,4,1,0,27.53,5,0,0,1,0
8,17,7,1,1,1,53.54,2,1,0,0,1
10,24,4,2,0,0,129.53,1,0,1,0,1
10,32,12,1,0,1,253.12,10,0,0,0,1
0,18,1,3,1,1,13.7,1,1,0,0,0
5,24,9,1,1,0,90.23,0,1,1,0,0
0,34,1,5,0,0,102.11,3,0,0,0,0
2,22,7,3,1,1,31.25,9,1,1,0,0
3,56,11,2,0,1,760.92,3,0,0,0,1
0,22,6,4,0,1,41.15,9,1,1,1,0
4,60,10,1,1,0,1051.49,13,1,1,0,0
4,36,7,2,0,1,163.68,1,0,0,0,1
2,19,12,5,0,1,22.12,9,1,1,0,0
6,24,1,2,1,0,88.36,5,1,0,0,0
0,30,12,3,1,1,66.7,13,1,0,0,0
1,54,12,4,0,1,498.67,14,1,0,0,1
6,29,5,4,1,0,141.18,2,1,0,0,1
2,37,4,1,0,1,134.2,6,1,0,0,0
0,32,12,3,0,1,67,10,0,0,0,0
3,19,7,3,0,1,31.79,13,1,0,0,1
6,41,11,4,0,0,330.89,6,0,1,0,0
11,21,9,4,0,0,112.61,7,0,1,0,1
11,22,2,5,0,0,148.28,5,1,0,0,0
0,32,10,3,0,1,54.41,2,1,1,0,0
0,38,10,2,1,1,40.37,5,0,0,1,0
6,34,6,5,1,1,167.89,3,1,0,1,0
8,22,4,3,1,0,43.93,0,0,1,1,0
5,22,12,3,0,1,49.68,3,1,1,1,0
5,28,12,2,1,1,67.35,2,1,1,1,0
8,37,1,2,0,1,62.87,8,1,1,0,1
1,29,8,3,1,1,45.08,3,1,0,0,1
1,17,3,4,1,1,12.14,7,1,1,0,0
13,25,9,1,1,0,346.15,4,1,0,0,1
7,24,11,3,1,0,105.67,11,0,0,0,0
1,25,5,4,1,1,10.38,3,0,0,0,0
0,41,2,5,1,1,104.03,4,1,0,0,0
1,40,6,1,1,1,92.79,5,1,1,0,0
7,18,12,4,0,1,11.74,5,1,0,0,0
0,21,6,3,1,1,14.62,3,1,1,0,0
4,26,11,4,0,1,66.5,0,1,0,0,0
2,19,8,1,0,1,22.12,3,1,1,0,0
6,34,2,1,1,0,173.47,1,1,1,0,0
6,25,11,2,0,1,78.97,4,1,0,0,0
6,29,5,2,1,0,33.07,5,0,0,0,0
10,20,9,3,1,0,70.97,2,0,0,0,0
2,27,2,2,0,1,45.46,5,1,1,0,0
1,26,6,2,1,0,34.04,9,0,0,0,0
2,23,1,2,1,1,8.93,7,0,0,0,1
0,22,1,5,0,1,27.55,0,1,0,0,0
1,30,12,3,0,0,82.01,1,1,0,0,0
6,23,7,2,0,0,84.48,6,1,0,0,0
3,34,10,5,1,0,103.84,5,0,1,0,1
9,30,12,4,0,1,182.05,2,1,0,0,0
8,26,12,5,1,1,118.05,7,1,0,0,0
5,20,11,2,0,1,44.15,1,1,0,0,0
1,52,9,1,1,0,397.78,4,1,0,0,0
1,32,8,5,1,1,57.31,0,1,0,0,0
12,31,1,3,0,0,435.24,2,1,0,1,0
3,26,2,2,1,1,48.26,6,1,0,0,0
8,18,10,2,0,0,56.57,13,1,1,0,0
6,22,10,5,0,1,48.96,2,1,1,0,0
6,57,12,4,1,0,1458.05,10,1,0,0,0
8,38,2,2,1,0,431.44,6,1,0,0,0
7,25,6,3,0,0,133.17,2,0,0,1,0
3,25,9,5,0,1,43.34,5,0,1,0,0
5,22,3,3,1,1,40.07,10,0,1,0,1
0,36,10,1,1,1,68.24,8,0,0,1,0
2,39,11,2,0,1,159.28,7,1,0,0,0
4,18,6,3,1,1,22.75,3,1,1,0,0
3,24,6,4,1,1,32.77,7,1,1,0,0
6,24,11,2,1,0,88.89,12,1,0,1,0
6,45,1,2,1,0,443.05,9,1,1,0,0
3,32,1,4,1,1,81.97,8,1,0,0,0
8,21,12,4,1,1,61.52,0,1,1,1,0
0,25,8,3,1,0,94.18,5,1,0,0,1
3,24,12,5,1,0,51.66,7,0,0,0,0
12,21,6,4,0,1,97.9,5,1,1,0,0
8,28,1,2,1,0,150.07,4,1,1,0,1
6,17,6,4,1,1,60.07,2,1,0,0,1
1,21,7,4,0,0,36.71,5,0,0,0,0
4,43,5,2,0,0,301.79,1,1,1,0,0
7,18,3,1,1,0,49.81,4,1,1,0,0
4,50,2,1,0,1,532.25,4,0,0,0,1
6,40,3,4,0,1,299.38,10,0,0,0,1
10,52,6,3,0,0,1983.74,0,1,0,1,0
3,23,2,4,1,0,32.74,3,0,0,0,0
1,19,11,1,0,0,30.61,8,1,0,0,0
0,32,10,5,0,0,85.78,6,1,0,0,0
6,25,3,3,1,1,77.29,11,1,0,0,1
1,23,1,1,1,1,25.95,12,0,0,1,0
5,25,6,5,1,1,43.71,3,1,1,0,1
0,27,8,3,1,0,40.43,8,1,0,0,1
2,22,5,5,1,0,36.08,5,0,0,0,0
7,43,8,4,1,0,564.86,4,1,0,0,1
2,23,6,5,0,0,51.31,4,1,0,0,1
0,23,3,4,1,1,19.5,7,0,1,0,0
2,20,5,5,1,1,24.07,4,1,0,0,1
8,37,2,5,0,1,275.74,5,1,1,1,0
9,47,6,3,1,0,1102.55,3,0,0,0,0
14,35,10,5,0,1,439.27,11,1,1,0,0
1,20,9,3,1,1,18.88,2,1,0,0,0
8,22,1,4,0,1,80.16,2,1,0,0,1
0,34,9,2,1,1,46.32,1,0,1,0,0
8,23,2,4,1,1,90.22,8,0,0,0,0
0,50,6,1,0,0,456.43,3,0,0,1,0
0,20,10,3,1,1,16.44,11,1,0,0,0
0,38,7,1,0,1,112.62,1,1,0,0,0
0,28,9,3,1,1,27.53,5,1,1,1,0
9,43,3,2,1,0,789.02,4,1,0,0,0
1,23,7,4,1,1,20.94,6,0,1,0,0
5,34,4,2,1,1,19.31,13,1,0,0,0
3,22,1,2,1,0,43.41,11,1,0,1,0
5,22,8,3,0,0,55.01,8,0,1,0,0
6,26,1,5,1,0,108.19,0,0,0,0,1
0,36,11,2,0,1,89.03,7,1,1,1,0
0,33,3,2,1,0,24.06,5,1,1,0,0
0,44,1,1,1,1,133.99,5,1,0,0,0
3,25,10,3,0,1,54.65,9,0,0,0,1
3,21,2,5,1,0,39.65,1,1,0,1,0
6,22,10,5,0,1,60.3,11,0,0,0,0
14,30,2,1,0,1,358.04,13,0,0,0,1
5,34,8,2,1,0,178.64,10,1,0,0,0
6,24,1,3,0,0,26.36,10,0,0,0,0
2,43,12,5,1,0,187.5,11,0,1,0,1
12,22,9,4,0,1,107.16,3,0,1,0,0
6,18,2,3,0,0,43.57,3,0,1,0,0
11,37,1,4,0,0,462.47,11,0,1,0,1
6,26,3,4,0,0,110.53,1,0,0,0,0
2,34,9,1,1,1,81.59,2,1,0,0,0
2,21,6,1,1,1,94.74,4,1,0,0,0
12,31,4,2,0,0,376.45,3,1,0,0,0
12,40,11,4,0,0,819.28,9,0,0,0,0
2,28,5,1,0,1,70.74,5,1,0,1,0
6,28,2,4,1,1,98.6,3,1,0,0,0
4,23,7,3,0,1,41.27,2,0,1,0,0
0,29,10,3,1,1,37.7,3,0,0,0,1
5,29,11,5,1,0,35.66,5,1,0,1,0
0,21,2,1,1,0,90.2,8,1,1,0,0
0,46,11,1,1,1,128.61,2,0,1,0,0
9,51,3,3,0,1,880.1,0,1,1,0,0
4,17,4,3,0,1,29.46,8,1,0,0,0
12,19,9,1,0,1,102.92,11,1,0,0,1
8,22,11,3,1,0,105.54,10,0,0,0,0
0,36,10,2,0,0,19.18,5,0,0,0,0
2,39,7,3,0,1,159.28,7,0,0,0,0
0,52,6,2,1,1,38.96,1,0,0,0,0
6,31,3,2,0,1,109.09,8,1,1,0,0
0,43,7,4,0,1,172.23,6,0,0,0,0
14,33,7,5,0,1,465.6,3,1,0,0,1
0,40,11,2,0,0,138.87,6,0,1,0,0
3,39,12,1,0,0,13.65,4,0,0,0,0
7,19,4,4,0,0,67,11,0,0,0,0
5,21,12,3,1,0,56.37,1,1,0,0,0
11,17,11,5,0,0,96.3,0,1,0,0,1
0,26,6,2,1,1,28.22,2,0,0,0,0
12,22,9,3,0,1,135.13,5,1,0,0,1
0,32,8,5,1,1,39.84,3,1,1,0,1
3,17,2,4,1,1,17.36,3,0,1,0,0
8,19,11,5,0,0,61.98,7,0,1,0,0
5,18,10,5,1,1,27.21,6,1,1,0,0
3,20,1,1,1,0,36,0,0,0,0,0
8,27,12,4,1,1,132.12,2,1,0,0,1
6,18,1,4,1,1,40.07,13,0,0,0,0
0,55,7,3,1,0,424.34,9,1,0,0,0
1,24,9,2,1,0,36.98,3,0,0,0,1
0,30,10,4,0,1,56.22,10,1,0,0,0
12,27,12,4,0,1,206.57,2,1,0,0,0
0,25,4,1,1,1,12.09,0,1,0,0,0
6,23,12,4,0,1,67.57,4,1,0,0,1
1,22,2,2,0,1,32.14,1,0,0,0,1
1,29,7,2,1,1,36.61,2,1,1,0,1
0,39,7,5,1,1,87.75,4,1,0,0,0
1,26,7,5,1,0,35.07,10,0,1,0,0
10,21,1,4,0,0,118.88,3,0,0,0,0
4,25,5,3,1,0,54.86,5,0,1,0,0
4,21,7,1,0,1,34.45,5,1,1,0,0
2,25,9,1,1,0,43.97,8,1,1,0,1
0,26,6,1,1,0,36.12,10,1,0,0,0
0,31,6,1,1,0,76.96,9,1,0,0,0
12,20,4,3,1,0,11.64,2,1,0,1,0
0,32,7,2,1,1,49.07,11,0,0,0,1
11,25,5,1,0,1,151.68,6,0,0,0,0
6,33,9,1,1,0,57.98,3,1,0,0,0
1,45,4,5,1,0,223.06,4,1,0,0,0
16,20,8,5,0,0,243.28,5,0,0,0,1
3,38,10,3,0,1,58.12,2,0,0,0,0
0,26,4,2,0,1,63.38,10,0,0,0,1
0,23,1,3,1,0,27.61,2,1,0,0,0
4,20,3,2,1,0,34.95,10,0,1,0,0
0,20,6,5,1,1,13.43,1,0,1,1,0
0,23,8,1,0,1,30.15,12,1,0,0,0
0,19,3,1,0,1,17.04,3,1,1,0,0
0,29,1,1,0,1,51.48,2,1,0,0,0
2,18,6,1,0,0,25.85,2,0,1,0,0
0,28,9,4,1,0,15.58,4,0,0,0,0
2,25,12,1,0,1,46.84,0,1,0,0,0
0,19,11,5,1,0,15.97,5,1,1,0,1
8,18,11,2,0,1,44.19,0,1,1,0,0
4,18,1,3,0,0,38.8,3,0,1,1,0
2,21,8,1,0,1,32.68,4,1,0,0,0
0,19,10,5,1,1,15.01,10,0,0,0,0
0,41,7,1,1,1,104.65,0,0,0,1,0
6,31,7,3,0,1,111.7,9,1,1,0,1
0,18,3,1,0,1,19.15,1,0,0,0,0
4,18,2,2,0,0,22.35,5,1,0,0,0
10,27,10,1,0,1,183.95,1,0,0,1,0
0,26,6,4,1,1,28.22,9,0,0,0,0
2,19,1,5,0,0,28.32,5,0,1,0,0
7,24,10,1,0,0,71.44,8,0,1,0,0
6,17,9,4,1,0,38.01,1,1,1,0,0
2,26,2,5,0,0,65.57,9,0,0,0,0
4,30,7,3,0,1,94.78,5,0,0,0,0
0,29,8,2,0,1,51.48,1,0,0,0,0
12,23,7,4,0,0,150.13,1,0,1,0,0
6,31,12,3,0,1,134.36,2,1,0,0,0
0,54,1,2,1,0,317.78,11,0,1,0,0
2,42,2,5,1,0,207.29,6,0,0,0,0
2,27,8,4,1,0,56.47,12,0,0,0,0
2,24,9,3,1,1,13.54,0,1,1,0,0
6,28,1,5,0,1,103.14,12,1,0,0,0
12,27,11,5,0,1,206.57,6,0,0,0,0
2,22,8,3,1,0,11.67,2,0,1,1,0
0,30,5,5,0,1,56.22,2,1,0,0,0
9,31,4,4,1,1,93.89,2,1,1,0,0
2,26,5,3,0,1,59.22,7,0,0,1,0
10,20,12,3,0,0,83.63,2,0,0,1,0
10,28,1,2,0,1,178.01,6,1,0,0,1
4,46,2,1,0,1,382.22,4,0,0,0,1
2,24,8,5,1,0,43.2,3,0,0,0,0
0,44,12,4,0,1,175.87,2,0,1,1,0
3,23,1,3,1,1,24.78,2,1,1,1,0
0,31,10,1,1,0,75.47,10,1,1,0,0
15,20,6,2,0,0,44.95,4,0,0,0,0
6,38,7,5,1,0,246.42,0,1,1,1,0
3,21,4,4,1,0,39.41,9,0,0,0,0
1,42,3,2,1,1,15.62,12,0,1,1,0
6,23,10,4,1,0,80.76,0,1,0,0,0
4,25,7,3,0,0,64.73,6,0,1,0,1
9,20,6,2,0,1,86.05,5,1,0,1,0
6,17,5,1,1,1,45.55,6,1,0,0,0
9,33,11,4,0,0,251.96,7,0,1,0,1
4,25,8,4,0,0,77.86,2,1,0,0,0
0,41,11,4,1,1,56.31,13,1,0,0,0
2,47,6,2,0,1,319.93,7,1,0,0,1
10,19,5,3,0,0,99.11,6,1,0,0,0
12,45,10,2,1,0,1596.19,1,1,0,0,0
0,33,4,4,1,1,52.29,7,1,0,0,0
0,38,4,4,1,1,65.41,2,0,1,0,0
2,20,5,5,1,1,32.61,1,1,0,0,0
0,25,4,2,0,1,41.71,14,1,0,1,0
4,20,11,3,1,0,35.79,6,1,1,0,1
0,19,10,1,1,1,15.01,3,1,0,0,0
6,19,7,2,0,0,60.2,2,1,0,0,1
6,38,12,1,1,0,85.58,4,1,1,0,0
9,17,7,1,1,0,80.06,3,0,0,0,0
2,34,11,1,0,1,103.56,5,0,0,0,0
7,22,9,3,1,0,88.25,7,1,0,0,0
0,37,11,3,1,0,87.11,7,1,0,0,0
6,43,6,5,1,1,77.91,6,1,0,0,0
4,35,7,5,0,1,72.3,8,1,1,0,1
8,19,10,4,0,1,59.63,2,1,0,0,0
4,36,11,2,0,0,204.65,7,0,0,0,0
2,31,1,4,1,0,65.66,12,1,1,1,0
0,37,3,2,1,1,73.93,1,0,0,0,0
0,38,10,4,1,1,90.07,6,1,1,0,0
7,18,10,4,1,1,49.07,3,0,0,0,1
0,27,12,4,0,0,55.2,2,0,0,0,0
16,19,3,5,0,1,21.67,7,1,1,0,1
9,17,5,3,0,1,45.95,2,0,1,0,0
4,32,7,3,0,0,144.6,0,1,0,0,0
7,32,7,3,1,1,167.66,4,1,0,0,0
0,22,10,2,1,1,16,2,1,1,0,0
2,39,10,2,1,1,95.64,0,1,0,0,0
4,42,8,3,0,0,283.99,7,1,1,0,1
12,20,11,1,0,0,140.95,3,1,0,0,0
5,21,6,3,1,0,62.93,0,1,1,0,0
0,46,4,2,1,1,47.9,3,1,1,0,1
3,21,2,2,0,1,30.23,11,1,1,0,0
0,23,6,4,0,0,31.34,8,0,1,0,0
6,26,12,5,0,1,48.72,7,1,1,0,0
3,42,6,3,1,0,202.5,0,1,1,1,0
1,35,3,5,1,0,92.42,1,1,1,0,0
0,30,2,2,1,1,40.21,6,0,0,0,0
2,29,12,5,1,1,96.6,2,0,0,1,0
17,33,5,5,0,0,716,5,1,1,0,1
5,25,8,5,1,1,51.25,3,0,1,0,0
1,22,3,3,1,1,23.57,8,1,0,0,0
0,58,6,2,1,1,421.78,1,1,0,0,0
6,29,1,5,1,0,137.89,3,1,0,0,0
0,61,9,1,1,1,54.94,3,1,0,0,0
2,27,11,3,0,1,57.32,0,1,0,0,1
0,21,10,4,1,1,14.62,7,0,1,0,0
5,33,1,2,1,1,128.69,3,0,0,1,0
5,18,4,5,1,1,64.2,3,1,1,0,0
8,23,12,5,0,0,109.69,3,1,0,0,0
5,18,11,2,0,0,21.31,9,1,0,0,0
6,19,7,5,1,1,44.17,4,0,0,1,0
6,25,2,5,1,0,96.64,3,1,0,0,0
8,48,10,5,1,1,782.44,2,0,0,0,0
1,28,4,1,1,1,40.31,4,1,0,0,0
9,23,11,2,0,1,97.63,8,1,0,0,0
3,32,8,5,0,0,126.9,7,0,0,0,0
9,32,1,3,0,0,277.75,1,1,0,0,0
3,50,6,4,0,1,456.22,4,0,0,0,0
1,36,6,1,0,1,108.06,10,0,0,0,0
4,21,3,3,0,0,44.1,5,0,1,0,0
2,36,12,4,1,1,51.65,6,1,0,0,1
6,22,10,3,1,1,57.65,6,0,0,0,0
0,27,7,3,1,1,25.04,3,1,1,0,0
4,33,1,1,1,1,92.6,2,1,0,0,1
6,22,9,1,0,0,62.68,1,0,1,0,0
1,28,2,5,1,1,32.92,4,0,1,1,0
3,27,5,4,0,1,73.76,5,1,0,1,0
4,25,7,3,1,0,67.57,8,1,0,0,0
0,45,5,3,1,1,118.31,4,0,1,0,0
1,50,7,3,1,0,83.62,11,1,1,0,0
3,40,8,4,0,1,185.55,1,1,1,1,0
6,34,6,2,1,1,136.32,4,1,1,1,0
8,28,8,1,1,1,34.02,4,1,0,1,0
2,29,6,5,1,1,52.66,5,0,0,0,0
10,29,1,5,0,1,189.94,1,0,0,0,0
0,17,6,5,0,1,17.89,7,1,0,0,1
0,39,5,2,1,0,60.9,10,1,0,1,0
13,28,4,2,1,0,452.11,10,0,0,0,1
4,26,11,2,0,1,66.5,5,1,0,0,0
9,27,1,3,1,0,41.74,5,0,1,0,0
5,22,5,3,1,1,3.84,4,1,1,0,0
0,24,3,3,0,0,39.64,12,1,1,1,0
0,34,7,1,0,1,79.76,5,1,0,0,0
8,33,5,2,0,1,207.77,4,1,0,0,0
1,21,8,1,0,1,26.92,3,0,1,1,0
2,36,2,3,0,0,157.62,10,1,0,0,0
0,23,10,2,1,0,79,5,1,0,0,0
0,23,6,5,1,1,84.64,2,1,0,1,0
0,20,4,5,0,1,19.11,6,0,1,0,1
4,26,9,4,1,1,57.71,2,1,0,0,0
12,29,9,1,0,0,315.7,3,0,0,0,0
3,36,8,5,0,0,179.61,1,0,0,0,0
0,45,10,1,1,1,149.18,5,1,0,0,1
9,22,10,3,0,0,114.21,2,0,0,0,0
10,20,8,5,0,0,108.56,1,0,0,0,0
4,19,6,1,1,1,30.88,5,0,0,1,0
8,27,2,4,0,1,125.46,0,1,0,0,1
7,24,9,3,1,0,105.67,1,1,0,0,0
0,20,12,4,1,1,25.44,0,1,0,1,0
4,23,8,3,0,1,50.83,1,1,0,0,0
7,27,1,2,0,1,87.32,10,1,1,0,0
0,48,6,4,1,1,151.85,2,1,1,0,0
0,25,7,2,1,1,20.95,9,0,1,0,0
8,19,10,3,1,1,50.99,1,1,1,0,0
12,40,11,3,0,1,639.98,4,0,0,0,0
3,24,9,1,0,1,48.8,4,1,0,0,0
7,32,3,1,0,0,213.92,0,0,0,0,0
2,18,2,4,0,1,20.67,4,1,1,0,1
6,35,10,5,0,0,243.72,12,1,0,0,0
6,41,2,5,1,1,304.31,8,0,0,0,0
2,23,9,5,1,0,39.48,4,1,0,0,0
3,30,9,2,1,1,57.18,6,1,1,0,1
5,34,9,1,0,1,153.2,1,1,0,0,0
3,32,9,3,0,1,83.12,2,0,0,0,0
2,34,9,4,0,1,37.59,2,1,0,0,0
4,25,7,1,1,0,69.18,4,1,0,0,1
12,23,5,4,1,0,66.23,5,1,0,1,0
6,26,10,5,0,0,88.07,7,1,0,0,0
0,22,3,4,0,1,27.55,13,0,0,0,0
5,26,9,1,0,0,70.61,4,1,0,0,1
3,19,8,1,1,1,6.53,6,1,0,1,0
5,41,4,3,1,0,92.94,11,0,0,1,0
2,21,2,3,1,1,21.4,5,1,1,0,1
4,27,4,2,0,0,95.28,12,1,0,0,1
4,49,11,5,1,1,31.44,2,1,0,1,0
9,38,7,1,0,1,373.38,6,1,0,0,1
7,53,11,5,0,1,46.38,3,1,0,0,0
12,21,2,1,0,1,55.17,2,0,1,0,1
9,21,2,5,0,0,84.71,7,1,1,0,0
2,26,4,4,0,1,59.22,9,1,0,1,0
17,21,9,4,1,0,493.91,3,0,0,0,1
0,44,5,1,0,1,216.59,13,0,0,1,0
12,45,10,3,0,1,999.14,3,1,0,0,1
2,21,9,4,0,0,33.97,8,1,1,0,0
2,35,12,1,1,0,52,8,1,1,0,0
8,17,4,5,1,1,47.58,1,0,1,0,1
2,25,12,2,1,0,47.53,2,1,0,1,0
1,46,4,3,0,1,1.32,0,1,0,0,0
2,24,2,1,0,1,43.85,6,1,0,0,1
7,33,8,1,0,0,233.43,4,1,0,0,0
4,25,10,4,1,1,52.78,9,0,0,0,0
6,18,8,1,1,0,51.3,3,0,0,0,0
4,53,2,3,0,0,690.57,9,1,1,0,0
0,54,1,1,0,0,547.19,3,1,0,0,0
4,19,12,5,1,0,31.91,10,1,1,0,0
10,18,7,3,0,1,72.35,12,1,0,0,1
7,19,1,2,1,0,67.22,2,0,0,0,0
0,23,3,1,1,0,27.61,8,0,0,0,0
7,41,1,1,1,1,302.55,1,0,1,0,1
0,35,3,3,1,1,62.59,12,1,0,1,0
2,28,6,2,0,1,62.64,7,0,0,0,1
1,19,3,1,1,1,17.95,5,1,0,0,0
5,26,3,3,1,1,69.02,8,1,0,0,0
0,50,4,3,1,1,220.56,2,0,0,0,0
0,27,8,4,0,1,34.67,10,0,0,1,0
0,64,10,3,1,0,888.12,4,0,0,0,1
4,50,12,5,0,0,92.51,4,0,0,0,0
0,43,7,2,1,1,8.04,3,0,0,0,0
3,29,10,2,0,1,88.05,7,1,0,1,0
6,19,12,3,0,1,53.1,3,1,0,1,0
6,17,11,5,0,1,76.18,1,1,0,1,0
5,39,4,3,0,1,191.34,3,0,1,0,0
9,20,9,2,1,1,40.64,5,1,0,0,1
5,30,3,2,0,0,112.26,7,1,1,0,0
3,26,10,3,1,1,86.95,9,1,0,0,1
8,18,4,5,1,1,57.31,6,1,0,0,0
10,18,8,4,0,0,18.05,13,0,0,0,1
0,44,10,3,0,1,187.34,5,1,0,0,0
6,38,5,5,1,0,40.06,4,0,0,0,1
4,23,11,1,0,0,24.93,7,1,0,0,0
3,32,10,5,1,0,104.93,8,1,0,0,0
4,25,11,5,1,1,60.83,2,0,0,0,0
11,41,9,5,1,0,65.37,9,0,1,0,0
4,28,1,4,0,0,76.27,2,1,0,0,0
1,22,2,3,1,1,5.67,13,1,0,1,0
0,32,2,3,0,1,77.47,2,1,0,1,0
5,32,4,3,0,1,148.8,5,1,0,1,0
0,30,10,4,1,1,17.98,7,0,0,0,1
5,22,1,3,1,1,48.2,0,0,0,0,0
1,37,7,3,0,1,117.78,1,1,0,0,0
6,20,1,1,1,0,49.99,6,1,1,0,0
2,45,2,2,1,0,266.76,6,0,0,0,0
1,46,9,1,1,1,5.88,0,1,0,0,0
7,26,5,2,0,0,125.95,2,0,0,0,0
2,27,8,3,0,1,64.73,4,1,0,1,0
14,22,6,3,0,0,178.12,4,0,1,0,0
6,23,1,2,1,1,64.59,0,1,0,0,1
1,28,3,5,1,1,32.92,9,1,1,1,0
0,28,3,5,1,1,27.53,0,1,1,1,0
3,25,3,2,0,0,68.33,4,0,0,0,0
0,19,9,1,0,1,20.98,1,0,0,0,0
2,17,7,3,0,0,23.59,3,0,1,0,0
13,18,12,2,0,0,133.83,1,1,0,0,0
7,18,10,2,0,1,47.77,3,1,0,0,0
4,35,9,5,0,1,146.63,4,0,0,0,0
2,28,9,1,1,1,39.14,2,1,1,0,0
0,20,8,3,0,1,22.98,1,1,0,0,0
12,23,5,4,0,0,150.13,3,1,1,0,0
6,17,7,3,1,0,38.01,8,1,1,0,0
11,23,5,5,0,0,166.15,5,1,0,0,1
0,30,5,1,0,1,57.57,5,1,0,0,1
0,21,4,4,0,1,25.17,3,0,0,0,0
0,36,12,2,1,1,98.85,7,0,1,0,0
0,33,9,3,1,0,54.36,5,1,1,0,0
0,27,8,1,1,1,30.84,1,1,0,0,0
1,25,5,5,1,1,31.05,6,1,0,1,0
3,56,7,4,0,0,951.4,6,0,0,0,0
4,30,7,2,1,1,82.25,4,1,0,0,0
4,38,8,1,1,0,79.15,7,0,0,0,1
0,21,10,5,0,1,25.17,5,0,0,0,0
6,35,7,2,1,1,186.34,3,0,0,0,1
4,27,1,2,0,1,68.24,7,1,1,1,0
1,32,3,4,0,1,71.67,9,1,1,1,0
0,19,3,4,1,1,12.19,3,1,1,0,0
12,26,1,3,0,0,247.7,5,0,0,0,1
0,22,6,3,0,0,35.27,10,1,0,0,0
9,44,10,5,1,0,10.33,1,0,1,0,1
8,39,5,1,0,1,283.07,4,0,1,0,0
6,43,5,1,1,0,85.13,10,1,1,0,1
3,32,2,4,1,0,62.06,11,0,0,0,0
1,24,4,1,1,1,22.91,7,1,1,0,0
6,41,10,3,0,1,258.48,2,1,1,0,0
7,25,9,2,0,1,92.13,3,0,0,0,1
0,29,3,5,1,1,30.52,2,0,0,0,0
0,17,3,1,1,1,12.5,5,1,0,0,0
3,46,7,1,1,1,81.69,1,1,0,0,0
0,25,6,2,0,1,66.81,8,1,0,0,0
2,36,3,5,1,1,2.55,8,0,0,0,0
0,23,8,4,0,1,30.15,7,1,0,0,0
8,23,12,3,0,0,91.19,9,0,1,0,1
2,21,3,4,1,1,41.7,6,1,0,0,0
2,22,9,2,1,1,58.3,4,0,0,0,0
0,39,4,5,0,0,127.52,9,1,1,0,0
8,22,12,5,1,1,83.54,1,0,0,1,0
9,25,2,5,1,0,165.29,4,0,0,0,0
4,24,6,1,1,0,62.15,9,0,0,1,0
1,19,12,1,1,1,18.38,11,1,0,0,1
8,31,4,4,0,0,33.68,12,0,0,1,0
0,56,11,1,1,1,359.29,2,0,0,0,0
6,28,9,4,0,0,107.21,8,1,1,0,0
2,29,6,1,0,1,62.75,6,1,1,1,0
5,26,12,1,1,0,11.56,9,0,0,0,0
0,48,3,5,1,0,240.86,8,0,0,1,0
0,25,10,1,1,1,54.44,10,0,0,0,0
0,52,6,1,0,0,436.57,5,1,1,1,0
0,40,7,3,0,1,56.6,1,1,1,0,0
7,32,12,5,0,1,167.1,1,0,0,0,0
5,29,3,5,0,1,98.88,0,1,0,0,0
0,36,4,2,1,1,55.07,1,0,1,0,0
3,21,10,1,0,1,38.12,3,1,0,0,1
10,24,11,3,0,1,121.71,10,1,0,0,0
6,21,7,3,1,0,63.79,5,0,0,1,0
3,26,3,2,1,0,50.16,2,1,1,0,0
5,38,11,1,0,0,320.19,7,1,0,1,0
2,18,8,1,0,1,24.87,4,1,0,0,0
0,30,8,4,1,1,40.21,1,0,0,0,0
13,34,3,5,1,0,20.97,0,0,1,0,0
8,21,9,5,0,0,37.28,3,0,1,0,0
13,30,11,1,0,0,326.62,3,0,1,0,1
0,30,1,1,0,1,26.56,9,1,0,0,0
3,31,1,5,1,1,7.18,7,1,0,1,0
2,19,6,3,1,1,21.59,3,1,0,1,0
0,38,3,1,0,1,11.22,0,0,0,0,0
0,30,8,2,1,1,40.21,6,1,0,0,0
7,38,5,1,0,1,20.18,6,1,0,1,0
2,24,9,5,1,1,33.74,6,0,0,0,0
9,23,9,5,0,1,97.63,8,0,0,0,0
3,22,11,2,1,0,40.4,6,0,0,0,0
4,19,3,4,1,1,30.7,0,0,0,0,0
0,30,7,2,1,1,40.46,4,1,0,1,0
8,43,12,1,1,0,81.85,15,0,1,0,1
0,59,7,2,1,0,588.28,13,1,0,1,0
4,21,4,5,0,0,50.99,0,1,1,1,0
6,22,9,2,0,1,50.13,1,0,1,0,1
5,17,12,4,1,0,31.78,1,0,1,0,0
2,37,5,5,0,1,125.98,11,1,1,1,0
5,18,1,1,0,1,36.79,8,1,0,0,0
3,55,1,1,1,1,580.47,0,1,0,0,1
0,49,3,1,1,0,260.04,1,1,0,0,0
9,24,5,4,0,1,88.8,9,1,1,0,1
0,33,11,5,1,1,52.29,7,1,0,0,0
0,46,11,3,1,1,63.48,1,1,0,0,0
0,43,12,4,0,1,172.23,12,1,0,0,0
0,28,10,5,1,0,43.15,7,1,0,0,0
6,38,5,4,1,1,241.27,4,1,0,0,1
0,25,8,5,1,1,51.26,1,0,0,0,0
1,31,10,5,1,0,36.73,4,0,0,0,0
1,23,8,1,1,0,26.81,8,0,1,0,0
2,20,1,3,0,1,30.55,6,1,0,0,1
6,19,4,5,0,1,37.29,1,1,1,0,0
0,17,2,5,0,1,14.19,9,1,1,0,0
1,30,1,2,0,1,39.77,7,0,1,0,0
3,23,5,4,1,1,37.11,4,0,0,1,0
0,21,12,2,1,1,45.4,5,0,0,0,0
2,35,6,5,0,0,117.39,5,0,1,0,0
6,21,12,3,0,1,94.07,3,0,0,0,0
6,20,7,2,1,0,61.94,2,1,0,1,0
5,19,7,3,1,0,47,10,1,0,0,0
6,17,6,5,0,1,38.25,4,0,0,0,0
6,23,11,1,0,0,84.48,0,1,0,0,0
6,37,11,4,0,1,261.55,6,0,0,1,0
0,21,5,5,1,1,18,1,1,0,0,0
5,17,5,2,0,0,42.97,6,0,0,0,0
0,20,7,4,0,1,21.58,4,1,1,1,0
4,33,4,4,1,1,106.96,1,1,0,0,0
6,26,8,3,1,0,80.03,6,0,1,0,1
5,19,7,2,0,0,48.44,0,0,1,1,0
2,41,1,1,1,1,120.8,5,1,1,0,0
7,17,2,4,1,1,43.73,7,1,0,0,0
4,35,12,1,1,0,162.91,2,1,0,0,0
6,26,12,3,0,0,110.53,2,1,0,0,0
5,36,5,5,0,1,182.16,0,0,0,0,0
0,58,7,4,1,0,18.1,6,1,1,0,0
5,20,9,2,1,0,89.32,2,1,0,0,0
0,28,9,3,0,1,38.26,2,0,1,0,0
5,17,10,5,0,0,42.97,1,1,0,0,0
4,37,1,1,0,1,174.24,1,0,0,0,0
0,26,7,4,0,1,45.61,1,0,0,1,0
5,36,8,1,0,1,6.59,2,0,0,1,0
1,22,5,2,0,1,32.14,1,1,0,0,1
0,51,11,4,0,1,334.75,1,1,0,0,0
2,21,7,5,1,1,20.9,0,0,1,0,0
5,36,9,4,1,1,165.92,5,0,0,0,0
0,41,10,3,0,1,145.44,3,1,0,0,0
6,32,7,2,0,1,169.55,4,0,0,1,0
0,21,6,3,0,1,25.17,1,1,0,0,0
9,34,2,3,0,1,264.43,2,0,0,0,1
6,31,1,4,1,0,95.54,9,0,0,0,0
3,28,5,1,0,0,89.25,2,1,0,0,0
2,38,9,3,0,0,187.2,11,0,0,0,0
0,20,9,2,0,1,22.98,8,0,0,0,0
1,31,8,2,0,0,72.71,5,0,1,0,0
10,18,2,4,1,0,85.2,9,1,1,0,0
10,18,3,3,0,0,90.46,10,0,0,0,0
0,30,9,5,0,1,56.22,11,1,0,0,0
0,17,9,3,0,1,17.48,1,0,0,0,0
0,31,6,2,1,1,8.45,3,1,0,0,1
2,31,9,1,0,1,79.7,3,1,0,0,0
6,32,9,4,0,0,187.74,3,1,0,0,0
2,45,5,1,1,1,209.64,5,1,0,1,0
0,22,7,3,0,1,28.21,13,0,0,0,1
0,30,9,1,1,0,51.48,4,0,0,0,0
12,25,11,1,0,0,226.53,4,0,0,0,1
4,39,10,3,0,1,211.75,11,0,0,0,1
2,32,3,5,1,0,87.74,13,0,0,0,0
1,44,4,1,0,1,213.46,0,1,0,0,0
5,19,10,1,0,1,40.31,3,1,0,0,0
3,34,8,1,0,1,136.43,4,1,0,1,0
0,27,1,1,1,1,30.84,6,0,0,0,0
8,44,9,3,0,0,553.36,3,1,1,0,0
5,30,11,4,1,0,126.68,2,0,0,1,0
2,49,3,5,0,0,545.76,1,1,0,1,0
6,23,6,2,0,1,65.99,8,0,0,0,0
2,46,6,1,1,0,5.15,12,1,1,0,0
2,20,6,4,0,1,29.84,2,1,0,0,0
6,32,12,5,1,1,140.19,1,0,0,0,0
2,24,6,1,0,1,42.83,6,0,0,0,0
6,21,1,2,0,0,70.52,7,0,0,0,0
2,42,1,1,0,0,263.1,0,0,0,0,0
4,19,5,5,0,0,45.29,10,1,0,0,0
2,28,7,5,0,0,78.32,2,0,0,0,0
6,32,3,5,1,1,141.04,4,0,0,1,0
1,38,8,2,0,1,104.2,5,1,1,0,0
3,18,1,2,0,0,36.27,7,0,0,0,0
7,18,10,1,1,0,49.81,7,1,1,0,0
0,47,7,2,1,1,97.95,7,0,0,0,0
0,19,8,4,1,1,23.18,2,1,0,0,0
5,31,2,1,0,0,150.95,2,1,0,0,0
1,17,5,5,0,1,47.66,4,0,0,0,0
1,19,4,3,0,0,30.61,1,0,0,0,0
0,36,7,1,1,1,55.07,4,0,1,0,0
2,26,1,3,1,0,51.66,3,1,0,0,0
0,31,12,2,1,1,43.91,3,0,0,0,0
0,23,1,3,1,0,22.42,13,1,1,0,0
12,22,7,2,1,1,83.94,9,0,0,0,0
8,34,7,5,1,1,193.79,1,1,1,0,0
8,39,8,5,0,1,348.62,0,0,0,0,0
3,21,11,5,1,0,39.41,1,1,0,0,0
4,25,7,5,1,1,53.1,6,1,0,1,0
6,45,9,4,0,0,659.91,3,0,0,1,0
3,30,9,3,1,0,88.05,13,1,0,0,0
6,19,6,3,0,1,45.93,4,1,0,0,0
12,17,1,4,0,0,109.73,5,1,0,0,1
0,17,2,4,0,1,48.85,5,1,1,1,0
9,36,8,3,0,0,319.19,11,1,1,0,0
1,54,7,5,1,0,468.03,7,1,0,0,0
9,28,10,5,0,1,123.89,12,1,1,0,0
8,29,12,1,1,0,201.91,8,1,0,0,1
0,25,1,1,0,0,38.4,2,0,1,0,1
3,27,7,4,1,1,54.01,5,1,0,0,1
1,55,4,3,0,0,781.6,6,1,0,1,0
6,54,3,1,0,1,777.74,1,0,1,0,1
6,38,10,1,0,0,315.56,4,1,0,0,0
4,43,1,2,0,0,371.68,6,1,0,0,0
1,28,8,1,1,1,40.55,9,0,0,1,0
5,32,11,4,1,1,117.23,4,1,0,0,0
3,33,12,5,0,1,108.17,9,1,0,0,0
0,19,12,2,1,1,12.19,4,1,1,0,0
6,43,3,2,0,0,494.09,10,0,0,0,1
10,37,4,4,0,0,396.41,13,0,1,0,0
1,28,10,5,1,0,51.6,7,1,0,0,0
1,31,5,2,0,1,71.62,5,1,0,0,1
6,23,11,4,0,0,84.48,1,1,0,0,0
3,17,9,2,0,1,20.99,7,1,1,0,0
5,33,9,4,0,0,179.79,7,1,0,0,0
10,42,8,3,0,0,765.51,12,0,0,0,1
2,21,10,4,1,0,32.96,1,1,0,0,0
8,25,9,2,1,1,108.61,8,0,0,1,0
0,38,2,3,1,0,103.12,0,1,0,0,0
6,32,5,3,1,1,140.19,12,1,0,0,0
6,36,2,2,1,1,161.11,2,1,1,0,0
0,45,2,1,0,1,235.52,8,0,0,1,0
13,28,5,5,1,0,444.23,2,1,0,1,0
4,34,5,2,0,0,143.1,7,1,1,0,1
0,35,7,5,0,0,78.2,1,0,0,0,0
11,38,3,2,1,1,576.42,11,1,0,0,0
0,28,12,4,1,0,46.28,3,0,0,0,0
3,38,6,3,1,0,143.21,4,0,1,0,0
14,22,11,3,1,0,250.69,7,1,1,0,0
0,32,8,2,1,1,47.92,10,1,0,0,0
12,29,11,2,0,1,246.61,7,0,0,0,0
5,21,8,5,1,0,57.72,4,1,0,0,1
0,45,10,4,0,1,41.91,1,0,0,0,1
12,37,3,1,1,1,27.67,8,1,0,0,0
11,37,2,5,1,0,681.3,7,1,0,1,0
0,29,7,2,0,1,51.48,6,0,0,0,0
0,19,1,3,0,1,20.98,1,0,0,0,0
10,27,3,3,1,0,64.38,2,1,0,0,0
0,20,10,2,1,1,16.44,3,1,0,0,0
0,29,6,1,1,0,70.31,9,1,0,0,0
6,21,1,5,0,0,58.63,1,0,1,0,1
0,35,11,3,0,1,89.06,12,0,0,0,1
8,43,9,4,0,1,489.42,2,0,0,0,0
0,19,2,3,1,0,86.37,13,1,1,0,0
6,29,10,4,1,1,107.71,3,0,0,0,0
5,35,4,4,0,0,173.67,1,1,1,0,0
13,41,4,4,0,0,825.21,9,0,1,0,0
1,20,1,2,1,1,19.66,3,0,0,0,0
1,30,9,3,1,0,61.56,5,1,0,0,0
0,40,6,4,1,1,13.38,5,0,0,0,0
9,55,2,2,0,1,1500.63,3,1,0,0,0
8,18,12,3,0,0,84.41,1,0,0,0,0
8,45,12,4,1,0,65.78,12,1,0,0,0
6,21,7,3,0,1,55.09,9,1,0,0,0
3,33,9,1,0,1,87.83,3,1,1,0,0
2,31,12,2,1,0,80.39,2,0,0,0,0
2,50,4,3,1,0,85.06,4,0,1,0,0
5,36,6,5,1,0,172.46,8,1,1,0,0
2,19,10,1,0,1,22.65,0,1,1,0,1
6,21,1,3,1,1,43.02,1,0,1,1,0
2,45,1,4,0,1,214.76,1,0,1,0,0
6,26,1,5,0,1,67.23,12,0,0,1,0
7,41,2,3,0,0,464.35,8,1,0,0,0
2,26,12,2,1,1,41.32,7,0,0,0,1
1,35,7,5,0,0,126.88,3,0,0,0,0
0,34,5,1,0,1,64.76,3,1,1,0,0
4,43,4,3,0,1,290.33,9,1,0,0,0
5,33,2,1,0,1,114.03,0,0,1,0,0
10,33,10,1,0,0,399.27,2,1,0,1,0
6,23,9,2,1,0,95.8,4,1,1,0,0
4,27,2,3,1,0,80.76,7,1,0,0,0
0,17,3,1,1,1,10.15,7,1,1,0,0
0,37,10,2,0,1,6.39,3,0,0,0,0
2,25,9,4,0,1,38.04,8,1,1,0,0
1,17,10,4,0,0,25.49,9,1,0,0,0
6,17,8,3,0,0,48.97,0,1,0,0,0
0,36,1,4,1,0,39.4,12,1,1,0,0
0,19,4,2,1,0,19.21,7,0,0,0,0
12,21,9,4,0,0,154.34,10,0,0,0,0
0,29,5,4,0,1,51.48,3,1,0,0,0
0,22,7,2,1,1,20.18,3,0,0,0,1
0,22,9,4,0,0,28.64,9,1,1,0,0
8,19,9,1,0,0,51.34,0,1,0,0,0
0,19,2,4,0,1,28.82,1,0,0,0,0
0,38,12,4,0,1,112.62,2,1,0,0,0
0,45,4,4,0,1,10.01,8,1,1,0,0
4,21,3,2,1,1,37.7,0,0,0,0,1
3,25,2,3,0,1,53.38,3,1,0,0,0
1,20,4,2,0,0,33.53,1,0,0,0,0
0,34,5,5,0,0,98.27,0,0,0,0,0
5,18,1,2,1,0,43.16,6,0,0,1,0
8,38,4,5,1,1,280.18,2,1,1,0,1
6,23,5,4,0,0,57.44,3,1,0,0,1
8,32,12,5,1,0,262.8,11,1,0,0,1
0,24,6,2,1,1,19.27,6,0,1,1,0
2,20,11,1,0,1,34.5,1,1,0,1,0
3,17,11,5,0,0,26.87,7,0,1,0,0
2,28,12,5,0,1,49.68,1,0,1,0,0
5,31,10,4,1,1,109.96,4,0,0,0,1
0,41,11,4,0,0,186.19,13,0,0,0,0
4,18,4,4,0,1,32.29,2,1,0,0,0
0,28,11,5,0,1,38.26,5,1,1,0,0
2,30,12,4,0,0,93.45,3,0,0,0,0
8,31,5,4,0,0,181.33,5,1,1,0,0
5,23,12,5,1,1,46.05,6,1,1,0,1
0,17,1,4,1,1,12.5,12,1,0,0,0
3,21,3,3,0,1,37.23,4,1,0,0,0
8,35,6,5,1,0,272.19,1,0,1,1,0
6,18,3,1,1,0,52.53,4,1,0,0,1
1,21,4,1,0,0,42.45,7,1,0,1,0
0,47,9,1,0,1,48.2,3,0,0,1,0
9,42,4,5,1,0,725.18,5,0,0,0,0
4,17,12,4,0,0,38.61,9,1,0,0,1
4,18,12,4,0,1,32.29,4,1,0,0,0
0,36,11,1,0,0,100.93,13,1,1,0,1
1,32,8,4,1,0,73.81,1,1,0,1,0
8,21,12,1,1,1,75.31,2,0,0,0,0
5,37,3,4,0,1,229.54,3,1,0,1,0
4,42,6,4,0,0,341.6,1,0,0,0,0
9,32,2,1,1,1,76.8,13,1,1,1,0
7,21,6,1,1,1,73.03,6,1,1,0,0
0,19,1,4,1,1,34.54,8,0,0,0,0
12,21,3,1,0,0,154.34,6,0,0,0,0
2,25,4,2,1,0,47.25,3,0,0,0,0
15,31,5,4,0,0,452.21,7,1,1,0,0
0,29,8,4,1,1,29.9,3,0,1,0,0
1,53,10,4,1,0,434.14,10,1,0,1,0
3,35,9,4,1,0,137.04,6,1,0,1,0
4,23,11,4,1,0,46.13,4,0,1,1,0
0,52,6,2,1,0,270.07,4,0,1,0,0
3,42,6,4,1,0,201.28,1,0,1,0,0
0,58,11,2,1,1,37.8,6,0,0,0,0
5,19,3,4,0,1,7.22,10,0,0,0,0
0,29,11,4,0,1,59.52,9,1,0,1,0
0,26,5,1,0,1,37.03,1,0,1,1,0
1,35,7,1,0,1,99.11,4,0,0,0,0
2,41,10,5,0,1,188.84,4,0,0,0,0
4,47,1,2,1,0,450.73,2,1,0,0,0
9,21,8,5,0,0,97.94,2,1,1,1,0
0,22,2,3,1,0,25.83,9,1,0,0,1
7,18,9,1,0,0,49.65,5,1,1,0,0
4,38,10,1,1,0,48.28,5,1,0,0,0
0,44,12,2,0,0,277.28,6,1,0,1,0
6,26,5,2,1,1,94.34,12,0,1,0,1
6,40,1,3,1,0,357.84,1,1,0,0,0
0,19,4,4,1,1,14.25,1,0,0,0,0
5,19,9,2,0,0,51.6,1,1,0,0,0
1,18,4,4,1,0,20.97,7,0,0,0,0
4,58,12,4,0,1,994.09,9,1,0,0,0
2,21,7,1,0,0,31.22,4,0,0,0,0
2,31,1,5,1,0,82.31,1,0,0,0,1
6,17,8,2,0,1,38.25,14,1,0,0,0
4,27,5,5,1,1,63.47,10,0,0,1,0
2,30,5,3,0,1,78.44,6,1,0,0,0
0,26,5,4,0,1,39.45,13,1,0,0,0
1,28,12,2,0,1,43.6,2,1,1,0,0
7,19,2,3,0,0,68.6,3,1,0,0,1
8,26,11,4,0,1,93.2,0,0,1,0,1
0,20,12,3,0,1,21.58,4,0,1,1,0
4,35,11,2,0,1,146.63,6,0,0,0,0
5,24,11,3,1,0,73.88,1,1,0,0,0
8,23,8,3,0,1,1.74,9,1,1,0,0
12,52,6,2,0,0,2227.72,1,0,0,0,0
12,21,3,2,0,0,154.34,6,1,0,0,0
2,29,11,3,0,0,85.57,4,0,0,0,0
5,23,4,2,1,1,52.75,4,0,0,0,0
4,27,6,2,0,1,72.69,2,0,0,0,0
1,26,12,2,0,0,57.54,3,0,0,0,0
3,47,3,3,0,0,526.99,6,1,0,1,0
6,36,7,4,1,0,255.54,4,0,0,1,0
5,51,2,4,1,1,585.66,3,1,0,0,0
0,25,2,4,0,1,41.71,1,0,0,1,0
9,23,5,3,0,1,97.63,10,0,0,0,0
0,39,3,2,0,0,157.05,1,1,0,0,0
5,53,2,4,1,1,563.23,2,0,1,1,0
0,18,12,1,0,1,17.48,3,0,0,0,0
8,24,9,5,0,1,50.12,3,0,1,1,0
0,31,11,1,1,1,27.12,3,1,0,0,0
4,58,5,3,1,1,29.41,2,0,0,1,0
4,29,10,4,0,1,86.78,11,1,0,0,0
3,17,11,1,0,1,20.99,6,0,1,0,0
4,18,2,5,0,1,26.84,2,1,1,0,1
4,44,11,1,1,0,58.63,2,0,0,0,1
2,18,9,1,0,0,31.83,1,1,0,0,0
2,23,8,5,1,1,91.88,2,0,0,0,0
0,29,2,5,1,1,36.82,2,1,0,0,0
0,18,8,2,1,0,14.24,4,0,1,0,0
1,48,9,2,0,1,241.92,3,0,1,0,0
1,19,6,2,0,1,19.42,6,0,1,0,0
2,62,9,4,1,0,1060.46,7,1,0,0,0
0,19,3,5,1,1,15.37,10,1,0,0,1
4,41,9,3,0,0,43.04,5,0,0,0,1
6,23,12,4,1,0,81.25,0,1,0,1,0
4,22,7,1,1,1,40.31,8,1,0,0,0
10,38,2,1,1,0,43.7,4,0,1,0,0
5,43,2,4,0,1,41.56,0,1,1,0,0
6,33,7,2,0,1,129.94,7,1,1,0,0
0,40,6,1,1,1,77.26,3,1,0,1,0
5,18,10,4,0,1,84.72,6,1,0,0,0
4,46,12,1,0,0,388.04,1,1,1,0,0
6,20,11,3,0,0,52.29,3,1,1,0,0
2,19,3,5,0,1,40.14,8,1,0,0,0
7,34,9,1,0,1,165.37,1,1,1,0,1
0,41,6,3,0,1,145.44,12,1,0,0,0
7,50,7,1,0,1,769.06,4,0,0,0,0
5,19,8,4,1,0,47.28,0,1,0,1,0
3,36,4,2,1,1,96.75,0,0,0,0,0
12,28,9,4,1,0,369.23,5,1,0,0,0
8,25,7,3,0,1,83.25,8,0,1,0,0
1,30,8,4,1,1,48.09,1,0,0,0,0
7,27,10,1,0,0,111.79,1,1,1,0,0
10,19,7,2,0,0,99.11,2,1,0,0,0
4,26,5,1,0,1,61.95,3,1,0,0,0
3,30,2,5,0,1,36.23,1,1,0,0,0
4,18,6,3,0,1,32.29,5,0,0,0,0
1,35,6,5,0,1,99.11,8,1,0,0,0
5,22,8,2,0,1,10.06,10,1,0,0,1
6,29,11,1,0,1,115.36,11,0,0,0,1
3,31,11,1,1,0,54.31,6,0,0,0,0
4,32,1,2,0,0,144.6,2,1,0,0,0
6,19,6,5,0,1,45.93,7,1,0,0,0
3,23,8,1,1,1,36.88,3,0,0,0,0
3,19,8,2,0,1,25.21,0,1,1,0,0
9,58,7,2,1,0,2701.56,3,1,0,0,0
0,33,12,5,0,1,73.12,2,0,0,0,0
0,34,10,4,0,1,41.46,1,1,0,0,0
0,49,6,5,1,0,8.44,1,1,0,1,0
0,20,12,3,1,1,13.43,5,1,1,1,0
2,21,10,1,0,0,41.83,8,0,0,0,0
1,34,2,4,0,1,75.56,1,1,1,0,1
0,34,6,1,0,1,79.76,10,0,0,0,0
3,38,9,4,1,0,72.82,5,1,1,0,0
5,21,6,1,0,0,50.25,4,0,1,0,0
4,40,6,4,1,1,60.06,9,1,0,0,0
0,24,12,5,0,1,32.99,1,0,0,0,0
10,30,11,3,1,0,9.56,4,1,0,1,0
6,25,5,4,1,0,35.72,6,0,1,0,0
2,46,1,2,0,1,269.92,2,1,1,1,0
6,42,3,2,1,1,44.25,9,1,0,0,0
10,23,12,4,1,0,165.19,1,0,0,0,0
0,61,7,2,1,1,535.29,2,1,0,0,0
0,28,6,5,1,1,34.51,2,0,0,0,1
5,20,8,4,0,0,56.52,3,1,0,0,0
0,25,11,4,1,1,44.92,5,1,0,0,0
4,25,5,4,1,1,43.88,3,1,1,0,1
0,58,3,2,1,1,57.57,3,1,0,0,0
6,38,3,1,0,1,284.99,13,0,0,1,0
10,19,3,5,1,1,83.94,7,1,0,0,1
6,45,6,4,1,0,26.39,5,1,0,0,1
5,48,10,5,0,1,514.24,11,0,0,0,1
3,27,1,4,1,1,42.83,2,0,1,0,0
0,35,11,2,1,0,79.64,8,1,0,0,0
2,47,7,2,0,0,77.69,1,1,0,1,0
5,18,9,5,1,0,78.38,3,1,1,0,0
5,22,2,3,0,0,67.75,7,1,0,0,0
8,17,3,2,0,1,50.85,4,1,0,0,1
6,17,6,1,0,1,38.25,11,0,0,0,0
1,38,5,1,0,0,164.29,1,1,0,0,0
0,51,7,3,0,1,334.75,1,1,0,0,0
7,46,12,4,1,1,58.67,5,0,1,0,0
6,19,5,4,0,1,45.93,1,1,0,0,0
2,38,9,1,0,0,191.66,8,1,0,0,1
12,38,11,3,0,0,51.22,5,0,0,0,0
5,26,3,1,0,1,75.78,0,1,0,0,0
2,23,9,5,0,0,50.12,4,1,0,0,0
0,29,5,5,0,1,48.91,4,1,1,0,0
6,41,8,2,1,0,316.32,12,0,1,0,0
9,23,11,3,0,0,103.9,10,0,1,0,1
0,22,3,5,1,1,85.74,5,0,0,0,0
0,23,4,5,1,1,67.33,1,0,0,0,0
10,25,7,3,0,0,4.13,2,1,0,1,0
7,19,8,4,0,0,68.6,5,1,0,0,1
5,19,11,5,1,0,47,2,1,0,0,0
9,27,1,2,1,0,197.55,4,0,0,0,0
0,30,6,4,0,1,78.76,2,0,1,0,0
1,23,4,1,1,0,33.02,12,1,0,0,0
0,53,4,1,0,1,320,4,0,1,0,0
9,25,4,4,1,1,50.28,2,1,0,0,0
3,24,8,1,1,0,51.66,1,1,0,0,0
8,26,6,5,0,0,62.48,3,1,0,0,0
4,37,8,4,0,1,79.44,4,0,0,0,0
7,49,10,1,0,0,906.71,10,1,0,0,0
4,54,6,1,0,0,59.58,6,1,0,0,0
11,24,10,5,0,1,138.68,8,0,0,0,0
0,31,3,2,1,1,43.91,3,1,0,0,0
11,21,4,1,1,1,107.09,2,0,1,0,1
2,28,4,1,0,1,49.68,6,1,1,0,0
6,20,1,5,1,0,63.03,0,1,0,0,1
7,18,9,1,0,1,38.78,4,1,1,0,0
0,55,5,3,1,0,90.59,0,0,1,0,0
1,43,2,2,1,0,93.59,9,1,1,0,0
4,31,4,1,0,0,107.57,0,0,1,0,0
4,43,11,1,1,0,268.16,6,1,1,0,1
0,18,2,2,1,1,39.22,3,1,0,0,0
3,30,12,2,0,1,69.15,1,1,1,0,1
8,37,8,2,0,0,305.31,13,0,1,0,0
0,38,9,1,1,1,80.55,8,0,0,0,0
5,42,1,4,0,1,246.88,8,0,1,0,0
0,44,3,1,1,1,20.43,8,1,1,0,0
3,22,9,1,1,0,47.49,7,0,0,0,0
2,32,5,4,0,1,36.25,15,1,0,0,0
11,22,11,5,0,1,115.83,4,0,0,0,0
2,20,10,2,0,0,72.92,1,1,1,0,0
1,39,3,5,1,1,87.24,4,0,1,0,1
1,52,10,2,1,0,25.61,1,1,0,0,1
0,42,3,4,1,1,94.12,3,1,1,0,1
6,20,3,3,0,1,51.51,8,1,0,0,1
12,34,6,4,0,0,500.8,6,0,0,0,1
8,46,2,2,1,0,848.33,3,1,0,0,0
0,47,12,4,0,1,39.21,5,0,0,0,0
1,41,2,4,0,1,165.73,1,1,0,0,0
0,21,9,3,0,1,25.17,0,0,0,0,0
7,41,12,5,0,1,294.52,14,0,1,0,0
2,39,8,5,1,0,160.65,7,0,0,0,0
14,26,2,5,0,1,245.36,3,1,0,0,0
10,29,2,1,1,0,2.94,7,1,1,0,0
7,41,11,4,0,0,464.35,3,1,0,0,0
0,36,9,3,0,0,121.4,1,1,0,0,0
6,19,8,4,1,1,44.95,6,1,0,0,1
6,28,9,3,0,0,132.03,4,0,0,0,0
0,35,5,4,1,0,79.64,6,1,0,0,0
10,38,4,4,0,0,544.65,1,0,0,0,1
11,38,7,4,0,1,384.45,5,0,1,0,0
0,21,11,3,1,0,34.3,1,1,0,1,0
12,22,12,1,0,0,140.46,8,1,1,0,1
11,38,5,3,0,0,13.47,1,0,1,0,1
3,20,4,2,1,1,28.29,4,1,0,1,0
4,27,7,5,1,1,57.85,3,1,1,1,0
15,17,12,3,0,1,26.57,8,1,0,0,1
0,32,6,4,1,1,47.92,11,1,0,0,0
6,23,12,4,1,0,82.69,2,1,0,0,1
5,33,7,3,0,1,114.03,10,0,1,0,0
3,22,1,2,0,1,40.76,4,0,0,0,0
0,18,11,4,1,1,11.12,2,1,1,0,0
12,19,1,5,0,0,1.28,11,1,0,0,1
6,17,6,1,1,1,29.87,10,0,1,1,0
7,22,3,2,0,0,87.96,3,1,0,0,0
3,28,10,3,1,0,59.92,6,1,1,0,0
6,38,7,2,0,0,57.35,3,0,0,0,0
6,17,10,4,1,0,13.06,1,0,1,0,0
8,17,12,5,0,0,63.57,11,0,0,0,0
5,17,11,1,0,1,33.57,1,1,0,0,0
0,31,11,5,1,1,43.91,4,0,0,0,0
8,18,10,5,0,1,55.73,10,0,0,0,1
4,24,5,4,1,1,72.2,2,1,1,0,0
4,29,9,2,0,1,86.78,5,1,0,0,0
6,39,3,4,0,1,268.51,2,1,0,0,0
4,33,4,2,1,0,136.93,7,1,0,0,0
9,23,4,2,1,0,64.83,7,0,1,0,0
0,31,7,4,1,1,47.38,1,1,1,0,0
5,28,3,5,0,1,92.68,2,1,0,0,1
0,31,3,2,1,1,1.98,1,0,1,0,0
0,45,1,5,1,0,190.98,4,1,0,0,1
0,56,3,2,1,0,44.85,6,0,0,0,0
3,23,7,5,0,0,57.1,7,0,0,0,0
0,48,4,1,1,1,187.02,12,0,0,0,0
3,27,2,5,0,0,81.67,1,1,0,0,0
9,20,9,4,0,0,95.28,6,1,0,0,0
4,44,11,4,0,0,467.41,3,1,0,1,0
9,32,2,3,1,1,239.78,4,0,0,0,0
0,31,4,1,1,0,56.21,6,0,0,0,0
3,37,3,5,0,0,158.95,1,1,1,0,0
4,28,10,2,1,1,84.07,1,1,0,1,0
1,20,6,4,0,1,23.63,6,1,1,0,0
0,49,7,1,1,1,203.13,3,1,0,0,0
6,30,7,2,0,1,99.92,8,0,1,0,0
8,23,3,3,1,1,75.01,6,0,1,0,1
0,33,1,4,1,0,17.89,9,1,0,0,0
0,39,8,3,0,1,122.68,11,1,0,0,0
0,23,5,5,0,1,13.98,1,1,0,1,0
10,22,7,2,1,0,151.85,7,1,0,1,0
3,46,2,5,0,0,340.55,3,1,1,0,0
2,36,8,1,0,0,157.62,7,0,0,0,0
8,20,7,2,1,1,15.92,1,1,1,0,1
5,18,1,1,0,1,36.79,1,1,0,0,0
10,27,1,5,0,0,208.54,1,0,0,0,1
6,30,4,1,0,1,15.95,4,0,1,0,0
6,37,8,5,0,0,334.83,2,1,0,1,0
0,42,11,4,0,1,89.81,6,1,1,0,0
0,37,6,1,1,0,94.64,5,0,0,0,0
4,24,11,1,0,0,71.19,0,1,0,0,0
8,19,5,3,1,0,82.31,1,1,0,0,1
2,20,12,1,1,1,24.07,2,1,0,0,1
5,45,11,1,0,0,579.15,4,1,0,1,0
6,20,10,4,1,0,78.34,12,0,0,0,1
6,26,4,3,1,0,106.3,0,0,0,1,0
7,24,3,1,0,1,15.41,2,0,0,0,0
4,32,3,5,1,1,100.36,7,0,0,0,1
7,29,4,5,1,1,128.81,4,0,0,0,0
0,18,4,5,0,1,15.55,11,0,1,0,0
2,18,11,4,1,0,85.58,10,0,0,0,0
18,22,2,5,0,0,369.79,4,0,0,0,0
9,33,3,1,1,0,86.01,2,1,0,0,1
4,21,10,4,0,0,69.18,2,0,1,0,0
8,49,3,1,0,0,1033.16,12,1,0,0,0
6,22,12,4,0,0,77.2,7,0,0,0,0
9,19,5,3,1,0,53,7,1,0,0,1
4,37,6,4,0,0,257.89,3,1,0,1,0
1,18,11,5,1,1,13.3,5,1,1,0,0
0,37,9,2,1,1,41.09,2,1,1,0,0
0,51,11,5,0,1,17.1,2,1,0,0,1
3,26,10,2,1,1,39.18,7,0,1,0,0
9,33,4,5,0,0,303.07,4,1,0,0,0
5,24,8,5,1,1,83.55,7,1,0,0,0
2,30,5,4,1,1,79.43,8,1,0,0,0
2,29,8,2,1,0,67.82,3,0,0,1,0
2,28,10,1,1,1,4.73,3,0,1,1,0
6,19,6,5,1,0,56.55,2,0,0,1,0
12,38,12,3,0,1,448.52,0,0,1,0,1
4,40,9,2,1,1,35.05,1,0,1,0,0
4,33,10,3,1,1,88.93,10,0,1,0,1
4,17,10,3,1,1,25.57,8,1,0,0,0
8,29,8,3,0,1,118.78,7,0,1,0,0
7,28,4,2,1,1,117.91,1,1,0,0,0
1,30,9,2,1,0,49.33,7,1,1,0,0
7,37,12,4,0,1,75.57,8,0,1,0,0
4,54,1,3,1,1,640.24,3,1,0,0,1
2,22,9,2,1,1,28.18,9,0,0,0,0
3,25,4,4,0,1,61.71,4,1,0,1,0
0,41,3,1,1,0,133.17,8,0,0,0,0
4,31,4,4,0,1,103.48,7,1,0,0,0
0,24,6,5,0,0,34.29,14,1,1,0,0
5,17,3,5,1,1,30.58,10,0,0,0,0
3,30,2,5,1,1,70.42,3,0,0,0,1
3,28,10,5,0,1,69.71,1,1,0,0,0
8,27,3,1,0,0,24.03,5,0,0,1,0
0,19,10,3,0,1,20.98,7,1,0,0,0
0,41,2,4,0,0,186.19,3,1,0,0,0
8,24,12,4,1,1,28.17,1,1,0,0,0
3,28,6,1,1,1,57.99,6,1,0,1,0
0,31,7,2,0,1,61.39,11,0,0,0,0
2,24,10,2,1,1,16.09,10,1,0,0,0
3,53,1,3,1,1,482.11,4,0,0,0,0
4,18,2,4,0,0,41.33,2,0,0,0,0
3,25,7,1,0,1,61.71,1,1,0,1,0
15,17,2,4,0,0,128.74,7,1,1,0,0
11,40,9,2,0,0,674.99,1,0,1,1,0
0,29,9,1,1,0,47.14,5,1,0,0,0
4,42,10,4,1,1,94.66,5,1,0,0,0
4,19,12,4,0,0,36.77,3,0,1,0,0
5,21,10,3,0,1,48.34,7,0,0,0,0
11,30,12,2,0,0,302.59,2,0,0,0,0
0,31,4,4,1,1,48.9,3,0,0,0,0
8,18,2,1,0,1,54.43,7,1,0,0,0
12,31,10,1,0,1,294.06,1,0,0,0,0
9,24,3,2,0,0,111.03,2,0,1,0,0
7,40,8,4,1,0,63.41,10,1,0,0,0
6,18,11,2,0,0,53.66,6,0,0,0,0
4,23,7,1,0,1,50.83,4,0,0,0,0
0,29,5,1,1,1,37.7,7,1,0,0,1
7,27,7,1,1,0,114.83,4,0,1,0,1
0,25,6,2,0,0,37.5,5,1,1,0,0
11,27,12,2,0,0,232.08,6,1,0,0,0
0,23,8,5,0,1,24.48,7,1,1,0,0
0,43,7,5,1,1,100.02,7,1,1,0,0
14,22,7,1,0,1,171.36,1,1,0,0,0
0,50,3,3,1,1,14.04,3,0,0,0,0
12,21,8,4,0,0,154.34,1,0,0,0,0
0,28,5,2,0,1,47.12,6,0,0,0,0
3,24,9,1,0,1,48.8,1,0,0,0,0
3,29,6,3,0,0,97.5,12,1,0,0,0
3,21,11,5,1,1,30.79,6,0,0,0,0
2,23,3,1,1,1,30.84,4,0,0,0,0
5,40,6,3,0,0,23.94,6,1,0,1,0
4,45,4,3,0,0,508.27,5,1,0,1,0
3,23,3,2,0,0,78.96,8,0,1,0,0
0,40,1,1,0,1,108.48,1,1,1,0,0
6,27,7,2,0,0,139.69,2,0,0,1,0
3,30,1,1,1,1,68.78,0,1,0,0,0
3,21,8,2,1,1,42.51,7,1,0,1,0
0,50,4,3,0,0,394.78,2,1,0,0,0
0,29,12,3,1,1,71.9,2,1,0,0,0
6,37,4,5,0,0,289.61,12,1,0,0,0
12,31,2,4,0,0,376.45,3,1,0,0,0
5,33,4,5,0,0,145.98,4,0,1,0,0
0,22,9,5,1,0,3.33,3,1,0,0,0
2,27,12,3,1,1,44.38,1,0,0,1,0
6,18,1,3,1,1,40.07,8,0,0,0,0
4,53,1,4,0,0,983.3,2,1,0,1,0
3,40,5,3,0,0,259.06,10,0,0,0,1
4,26,6,3,0,1,10.72,13,0,0,0,0
1,38,5,5,1,1,96.33,5,1,0,0,0
2,48,10,1,1,1,267.47,5,1,0,0,0
9,36,8,5,1,0,36.58,14,1,0,0,0
6,30,7,4,0,0,127.91,4,1,1,0,0
3,30,6,1,0,1,80.36,2,0,0,0,0
2,19,8,1,1,0,53.29,9,0,1,1,0
1,23,2,5,1,1,10.02,3,0,0,0,0
6,34,5,2,1,0,177.61,8,0,1,0,1
6,21,3,5,0,0,70.52,0,1,0,0,0
2,21,9,1,0,1,63.56,6,1,0,0,0
9,34,2,3,0,0,330.62,5,0,0,0,0
2,40,8,3,1,0,31.47,2,1,0,0,0
11,19,12,4,1,0,87.08,3,0,0,0,1
5,28,9,1,1,1,66.94,3,1,1,0,0
0,22,10,4,1,1,16.38,6,1,1,0,1
2,29,1,2,0,1,62.75,2,1,1,1,0
0,30,2,3,0,1,45.65,7,0,1,0,0
9,22,5,4,0,0,107.21,8,0,1,1,0
6,35,11,3,1,0,232.98,5,1,0,0,0
0,33,11,3,1,0,66.95,4,0,0,0,0
1,19,5,2,0,1,23.91,13,1,0,0,0
4,28,4,2,0,0,54.67,2,0,0,0,0
6,47,4,2,1,0,644.63,9,0,0,0,0
12,27,11,2,0,0,264.44,5,1,0,0,0
1,27,11,1,0,1,49.14,9,1,0,0,0
4,29,11,4,0,1,86.78,4,1,0,0,0
4,32,8,1,1,0,125.49,2,1,0,0,0
6,21,5,4,1,1,6.78,5,1,0,0,0
3,18,6,3,0,1,39.05,4,0,0,0,0
13,22,3,3,0,0,53.9,6,1,0,0,0
8,18,9,5,0,1,51.09,8,1,1,1,0
0,27,12,4,1,1,25.04,14,1,1,0,0
10,28,5,5,0,0,185.04,1,0,1,0,1
0,47,8,4,0,0,308.1,1,0,0,0,0
2,25,9,1,0,0,48.69,8,0,1,0,0
6,30,1,3,0,1,123.06,1,0,0,0,0
4,34,12,5,0,0,161.58,12,1,1,1,0
8,22,10,2,0,1,68.54,4,1,0,0,0
3,32,11,2,0,1,91.57,2,0,0,0,0
8,20,7,2,0,1,54.3,5,0,1,0,1
9,21,12,4,1,1,37.24,13,1,0,0,0
2,45,1,4,0,1,86.96,0,0,0,0,0
5,23,2,1,1,1,52.75,13,0,0,0,0
6,31,4,4,0,0,142.99,2,0,1,0,1
0,39,10,5,0,1,141.84,7,1,0,1,0
6,21,6,4,0,0,70.52,4,1,0,0,0
0,20,2,5,1,1,13.35,8,1,1,0,0
0,17,2,4,1,1,12.5,5,0,0,0,0
3,18,4,3,1,1,23.43,13,0,0,0,0
3,40,9,4,1,1,59.18,2,1,1,1,0
6,22,2,2,1,1,57.99,1,0,0,1,0
0,53,9,1,0,0,409.66,13,0,1,0,0
6,36,11,1,0,0,265.71,1,0,0,0,0
0,22,2,1,1,0,20.48,2,1,1,0,0
2,24,8,4,1,1,33.74,2,0,0,0,0
7,24,8,2,1,0,85.8,10,1,1,0,0
0,25,2,2,1,0,4.39,5,1,0,0,0
7,20,12,1,1,1,46.7,3,1,1,0,0
3,26,11,2,0,0,74.71,1,0,0,0,0
6,22,5,2,1,1,57.65,3,0,0,0,0
2,35,5,5,0,0,44.35,1,1,1,1,0
8,24,9,2,1,1,99.3,7,1,0,1,0
1,40,10,3,0,0,194.88,9,0,0,0,0
9,26,10,3,1,0,180.73,10,1,0,0,0
5,22,10,5,0,0,48.77,4,1,1,0,0
3,20,7,4,0,0,44.57,6,0,0,0,1
0,28,9,4,1,1,27.37,6,1,1,0,0
3,27,10,4,0,0,83.62,2,1,0,0,1
12,47,4,3,0,0,1475.89,4,0,0,0,0
0,23,8,5,1,1,1.65,6,0,1,0,0
3,30,11,1,1,1,68.78,1,1,0,0,0
8,28,11,3,1,1,141.01,3,0,0,0,0
4,18,4,2,0,0,41.33,1,1,0,0,0
2,21,7,1,0,1,30.68,3,1,1,1,0
2,30,11,1,0,0,93.45,11,1,0,0,0
6,29,2,5,0,0,117.12,2,0,1,0,0
6,21,6,4,1,0,95.53,1,1,0,1,0
3,18,12,3,1,1,23.43,6,1,0,0,0
5,17,9,1,0,1,74.77,1,1,1,0,1
8,27,4,1,0,0,160.62,4,0,0,0,1
3,34,4,5,1,0,127.89,2,1,0,0,1
3,46,6,2,0,1,327.62,3,0,0,0,0
6,29,5,1,1,0,111.96,7,1,1,0,0
8,17,1,5,1,0,68.54,9,1,0,0,1
3,21,1,4,1,0,39.41,4,1,0,0,0
9,18,9,1,1,0,71.24,4,1,1,0,0
7,29,11,2,1,0,44.07,12,1,0,0,0
8,29,10,5,0,0,175.81,2,1,1,1,0
11,28,7,4,0,0,253.61,2,0,0,0,0
3,47,2,1,0,0,455.81,7,0,0,0,0
0,38,8,4,1,1,80.55,2,1,0,0,0
3,51,5,3,0,0,514.78,4,1,1,0,0
6,31,12,4,0,0,70.51,7,1,0,0,0
6,18,1,3,1,0,51.3,5,0,0,0,0
0,45,7,1,1,1,118.31,2,0,1,0,0
3,17,5,3,1,0,22.22,1,1,1,0,0
5,33,10,5,1,0,98.65,3,1,0,0,0
2,19,1,5,0,0,35.71,2,1,0,0,1
4,34,3,4,1,0,149.38,6,1,0,0,0
6,50,1,4,1,1,645.22,3,1,0,0,0
6,42,12,5,0,0,360.13,15,0,1,0,0
2,25,2,2,0,1,46.84,5,1,0,0,0
6,47,10,2,0,1,427.7,5,1,1,0,0
4,21,11,3,0,1,43.44,4,0,0,0,1
9,18,5,5,0,0,79.39,9,1,0,0,0
2,25,5,5,0,0,59.97,2,0,0,0,0
2,19,6,1,0,0,34.88,2,1,0,0,0
1,49,12,4,1,0,318.4,6,0,0,0,1
0,45,4,2,1,1,28.05,3,0,0,0,0
8,26,4,5,1,1,118.05,3,0,0,0,0
4,26,8,1,0,0,85.13,7,0,0,0,0
7,26,2,4,1,1,101.07,4,0,0,0,1
6,28,4,5,1,1,80.06,6,1,1,0,0
2,26,10,2,1,0,51.66,4,1,0,0,0
6,42,8,4,0,0,368.72,7,0,1,0,1
3,29,7,5,1,1,62.98,13,0,0,0,0
4,21,12,4,1,1,37.04,3,0,0,1,0
0,20,5,5,0,1,22.98,2,0,0,0,0
1,25,5,1,0,1,38.59,1,1,1,1,0
0,53,6,4,0,1,394.1,12,0,0,0,0
0,18,2,4,1,1,32.59,4,0,0,0,1
6,18,8,4,0,1,34.04,8,1,1,0,0
5,30,7,2,1,0,102.86,3,0,1,1,0
6,23,1,4,1,0,11.9,13,1,1,0,0
3,17,3,1,0,1,20.99,11,0,1,0,0
4,22,2,4,1,0,42.9,13,0,1,0,1
6,18,2,5,0,0,50.38,4,1,1,1,0
2,39,5,5,0,0,235.76,5,1,0,1,0
3,33,5,1,1,1,89.44,1,1,0,0,0
9,28,12,1,0,0,158.6,7,0,1,0,0
4,20,6,1,1,1,37.39,4,1,0,0,0
5,46,2,4,0,1,74.03,3,0,0,0,0
3,28,6,2,0,1,56.61,4,0,1,0,0
4,21,6,4,1,0,47.14,7,1,0,0,0
0,31,2,2,1,0,45.91,4,1,1,1,0
1,23,7,3,1,1,25.79,2,1,0,0,0
3,31,1,5,1,1,60.97,5,0,1,0,0
2,41,3,3,1,1,148.78,8,1,0,0,0
2,39,12,1,0,0,235.76,2,0,0,1,0
0,19,11,2,0,0,31.06,5,0,0,1,0
10,23,2,5,0,0,118.39,2,1,1,0,1
2,40,9,1,0,0,28.49,7,1,0,0,0
4,30,7,4,0,0,98.52,5,1,1,0,0
6,22,6,5,0,1,60.3,2,1,0,0,0
2,30,4,4,1,1,54.62,2,0,0,0,1
1,32,4,5,0,1,76.35,2,0,0,0,0
6,34,11,4,0,0,181.46,7,0,1,0,0
3,31,1,3,1,1,91.53,14,0,1,0,0
0,22,3,5,1,1,25.38,5,1,0,0,1
4,25,5,2,0,1,94.25,7,0,0,0,1
3,17,12,5,1,0,38.17,0,0,1,0,0
3,30,8,2,0,1,83.18,5,0,0,0,0
0,53,12,2,0,0,1.58,8,1,1,0,0
0,26,7,5,0,0,50.5,4,1,0,0,0
3,31,12,3,0,1,90.82,1,1,0,0,0
7,26,12,3,1,0,14.77,0,0,0,0,0
0,26,8,1,1,0,36.12,8,0,0,0,0
2,20,12,5,1,0,30.1,4,1,0,0,0
8,20,2,1,0,1,65.32,3,1,0,0,0
6,43,5,4,1,0,376.83,9,1,1,1,0
4,31,11,4,1,0,95.58,12,0,1,0,1
13,38,5,5,0,0,654.26,3,1,1,0,1
8,34,11,4,0,1,226.65,1,1,0,0,0
0,21,2,2,1,1,14.97,10,0,1,0,1
3,40,12,2,1,0,62.41,11,0,0,0,0
4,28,2,1,0,1,91.84,1,1,0,1,0
10,19,5,5,1,1,89.81,1,1,0,0,0
7,42,5,2,1,1,405.54,5,0,0,0,1
6,18,6,4,1,1,40.31,9,0,0,1,0
0,19,5,1,1,1,12.48,2,1,1,0,1
0,37,3,5,0,1,119.5,10,0,0,1,0
12,24,7,3,0,1,182.7,10,1,0,1,0
6,21,9,5,1,0,67.41,5,1,0,0,0
2,17,6,1,1,0,18.58,8,0,1,0,0
0,46,6,4,0,1,256.04,4,0,0,1,0
9,18,10,5,0,0,79.39,0,0,0,0,0
8,44,5,4,1,0,91.05,1,1,0,0,0
10,21,2,5,0,1,107.36,6,1,0,1,0
0,20,6,5,1,1,75.77,6,0,1,0,0
14,44,12,5,1,0,2099.35,1,1,0,0,0
1,36,7,1,1,1,9.61,5,0,0,0,0
2,18,8,4,0,1,24.87,1,1,0,0,0
0,54,6,5,0,0,632.64,7,0,0,1,0
2,40,2,3,0,0,34.92,10,1,0,0,0
0,18,12,3,0,1,19.15,3,1,0,0,0
7,32,1,5,1,0,178.43,0,1,1,0,1
12,22,11,3,0,1,131.98,1,1,0,0,0
8,29,11,5,0,0,187.28,13,0,0,0,0
3,34,2,1,0,1,118,1,0,0,0,0
8,26,1,1,1,0,122.71,4,1,1,0,0
1,31,1,5,1,1,42.63,8,0,1,0,0
8,22,5,5,1,0,106.18,0,1,0,1,0
1,33,5,1,0,1,96.32,4,1,0,1,0
10,27,3,3,0,0,203.68,1,1,0,0,0
3,32,2,1,1,0,85.2,3,0,1,0,0
11,23,3,4,0,1,146.55,0,0,0,1,0
5,18,10,2,0,1,42.53,8,1,0,1,0
6,23,3,1,0,0,9.45,0,1,0,0,0
0,49,12,3,1,0,260.04,3,1,0,0,0
12,25,6,3,1,1,226.1,1,0,0,0,1
5,18,9,1,1,1,33.51,3,0,0,0,0
10,17,12,1,0,1,66.02,2,1,0,0,1
8,17,11,3,0,1,49.66,4,1,0,0,0
9,21,2,4,0,0,120.62,1,1,0,1,0
0,30,4,3,0,1,10.61,7,0,0,0,0
2,18,10,1,1,0,57.5,5,0,0,0,0
5,20,9,4,1,0,51.48,2,0,0,0,0
0,21,10,1,1,0,78.59,12,1,1,1,0
6,52,9,1,0,1,53.48,7,1,0,0,0
6,20,10,5,0,1,50.31,9,0,0,0,0
3,22,8,4,0,1,33.89,11,1,1,0,1
6,46,3,1,0,1,496.26,8,1,0,0,1
4,25,8,3,1,1,54.04,2,1,0,0,1
0,22,7,1,0,1,6.45,3,1,0,0,0
11,36,8,3,1,0,625.09,6,0,0,1,0
1,21,5,2,0,0,95.38,4,0,0,0,0
3,20,8,1,0,1,34,5,1,0,0,0
3,41,11,2,1,1,145.34,1,0,1,1,0
3,21,11,1,1,1,30.79,2,1,0,0,0
5,22,7,3,1,1,75.86,8,0,0,0,0
6,34,5,1,0,1,141.75,11,1,1,0,0
0,26,3,5,1,1,28.22,9,1,0,0,0
0,29,5,2,0,1,4.81,2,0,0,0,0
0,19,2,5,1,1,96,9,0,1,0,1
6,24,1,4,1,1,15.06,7,0,1,0,1
0,57,12,4,1,1,59.81,5,1,0,0,1
12,26,12,4,0,1,193.49,8,1,0,0,1
9,22,7,2,0,0,92.73,1,1,1,0,0
2,31,2,1,0,1,81.6,6,0,0,0,1
4,30,9,5,1,0,105.3,8,0,0,0,0
6,35,9,2,0,0,243.72,2,1,0,0,0
2,19,1,4,0,1,22.12,7,0,1,0,0
8,41,6,5,1,1,353.39,6,1,1,0,0
3,19,7,3,1,1,4.84,0,0,1,0,0
1,52,11,4,0,1,413.93,3,0,0,0,0
0,36,11,5,1,0,70.93,9,0,1,1,0
6,32,8,5,1,0,180.55,1,1,0,1,0
5,34,8,1,1,1,113.31,1,1,1,0,0
4,18,10,2,1,1,22.75,3,1,1,0,0
3,23,4,5,0,1,37.08,5,1,1,0,1
1,18,5,1,1,1,17.03,9,1,0,0,0
5,23,3,4,0,1,47.03,6,1,1,0,0
9,25,3,2,0,1,119.61,9,1,0,0,1
5,38,1,1,1,0,252.25,0,1,0,0,0
1,46,5,4,1,1,65.95,8,0,0,1,0
0,45,2,2,0,1,203.71,5,0,0,0,0
1,34,10,2,1,1,69.85,13,1,0,0,1
2,30,2,5,1,0,59.78,7,1,1,0,0
2,29,6,4,1,0,67.41,8,0,0,0,0
8,26,4,5,1,1,118.05,8,1,0,0,0
9,32,11,5,1,0,306.96,4,0,0,0,0
7,21,4,3,0,1,62.77,2,1,0,0,0
4,17,1,2,1,0,32.73,6,1,0,0,0
4,26,6,4,0,0,85.13,1,1,0,0,0
0,45,9,1,0,0,46.03,0,1,1,0,0
6,24,12,4,0,0,92.43,10,1,0,0,0
4,55,9,3,0,0,812.07,0,1,1,0,0
2,43,11,4,1,1,91.87,3,0,0,0,0
4,18,8,1,0,0,38.8,6,0,1,1,0
0,35,11,4,1,1,62.21,3,1,0,0,0
1,22,5,1,1,1,85.82,3,0,1,0,0
4,23,8,4,0,1,50.83,2,1,0,0,0
6,18,8,4,1,0,42.65,4,0,1,0,1
2,30,10,1,0,0,93.45,5,1,0,0,0
0,43,8,3,1,0,157.7,6,0,0,0,0
8,35,2,3,0,1,247.18,5,0,0,0,0
1,17,2,4,1,1,17.01,1,1,0,0,0
2,36,10,1,1,0,100.83,1,0,1,0,0
5,21,1,4,0,1,63.91,4,0,1,0,1
0,30,9,2,1,1,40.21,3,1,0,0,0
8,20,9,4,0,1,53.03,10,0,1,0,0
4,22,10,2,0,0,59.46,14,1,0,0,0
18,26,10,4,0,1,21.91,1,1,1,0,0
0,57,8,1,1,1,316.13,2,1,1,0,0
6,20,9,2,0,0,65.94,2,1,0,0,1
6,20,2,4,0,0,52.29,6,0,1,0,0
6,27,7,5,1,1,1.14,2,0,1,0,0
5,34,6,1,0,0,196.13,11,0,0,0,0
13,25,4,3,0,0,204.7,9,1,1,0,0
6,49,8,5,1,0,4.68,1,1,1,0,1
6,31,7,2,0,1,134.36,3,1,0,0,0
10,24,1,5,0,0,155.81,8,1,0,0,0
3,32,3,1,0,0,119.13,8,0,1,1,0
7,36,6,4,0,1,80.24,9,1,0,0,0
6,18,7,4,1,1,32.54,4,0,1,0,0
0,42,3,4,1,1,81.4,7,1,0,0,0
6,22,3,4,1,0,75.56,1,1,0,0,1
16,18,7,4,1,1,241.23,4,1,0,1,0
8,17,1,2,0,1,97.62,8,0,0,0,0
7,27,4,5,0,1,107.54,10,0,0,0,0
4,39,1,3,1,1,28.39,2,1,0,0,1
6,33,7,3,1,1,152.98,3,0,0,0,0
0,24,2,3,0,1,7.01,8,1,0,0,0
3,45,1,4,0,1,282.92,8,1,1,1,0
8,38,12,2,0,0,409.71,8,1,0,0,0
4,33,5,4,0,1,39.94,6,1,0,0,0
1,36,5,4,0,1,87.74,12,1,1,0,0
12,30,3,1,0,0,344.79,4,1,0,0,0
6,30,5,2,0,1,69.39,4,1,0,0,0
4,19,1,3,0,0,45.29,9,0,0,0,0
9,25,11,4,0,0,153.12,9,1,0,0,1
0,49,2,1,0,1,328.35,3,0,0,1,0
13,25,6,3,1,0,274.51,8,1,1,0,0
2,23,7,5,0,0,40.69,6,0,1,0,0
0,20,8,1,1,1,51.91,7,0,0,0,0
4,20,8,5,0,0,49.6,14,0,0,0,0
6,25,2,2,1,1,62.76,3,1,1,0,1
4,35,10,3,0,1,119.06,7,0,1,0,0
3,21,10,3,1,1,26.4,1,0,0,1,0
0,40,2,1,0,1,133.6,5,1,0,0,0
3,20,8,2,1,0,41.07,3,0,0,0,0
0,17,1,5,1,1,12.8,5,1,0,0,1
1,20,12,4,0,1,21.27,2,1,1,0,0
3,30,3,4,0,1,67.54,6,0,1,0,0
8,51,9,3,0,0,1217.76,4,1,0,0,0
0,48,4,2,0,0,334.74,6,0,0,0,0
0,31,12,1,1,1,50.18,11,1,1,1,0
3,37,5,5,0,1,124.16,10,0,1,0,0
6,36,10,4,0,0,265.71,6,0,0,0,0
16,24,6,5,0,1,266.38,1,0,0,0,0
7,17,6,5,1,1,51.2,6,0,0,0,1
12,30,11,2,1,0,53.14,6,1,0,0,0
1,46,12,1,1,1,189.42,8,1,0,0,0
9,41,6,5,1,0,682.21,5,1,0,0,1
5,22,5,2,1,1,41.71,3,1,0,0,0
6,19,8,1,0,0,48.88,4,1,1,0,1
9,19,7,5,0,1,78.56,1,1,0,1,0
6,22,6,3,1,0,10.04,8,1,1,0,1
0,58,6,5,1,1,342.47,1,0,1,0,0
5,40,7,5,0,1,208.37,3,1,1,0,0
6,23,6,5,0,1,53.58,7,1,1,0,0
10,18,10,5,1,1,81.97,2,1,0,0,0
5,33,4,4,0,0,184.08,11,1,0,0,1
7,25,9,3,0,1,65.98,5,0,0,0,1
8,27,6,3,0,0,156.87,11,1,0,0,0
0,37,11,1,0,0,132.32,7,0,0,0,0
7,27,7,2,1,0,141.43,7,0,0,0,1
6,20,9,1,1,0,61.56,0,1,0,0,0
0,21,4,3,0,1,25.17,1,0,0,0,0
0,30,12,4,0,1,52.78,3,1,1,1,0
2,26,1,2,1,1,32.77,5,0,1,0,0
1,39,4,3,1,1,107.44,9,1,0,0,1
2,28,4,1,1,1,89.59,1,1,1,0,0
0,27,4,4,0,0,63.82,0,0,0,1,0
6,18,1,1,0,0,53.66,6,1,0,0,0
4,32,6,3,1,0,125.49,11,0,0,0,0
0,57,3,4,1,0,407.14,7,0,1,1,0
3,42,1,4,1,0,201.28,13,0,1,0,0
12,20,6,5,0,0,35.65,7,1,0,0,1
1,31,3,4,0,1,56.8,6,0,1,0,0
2,32,2,2,0,0,40.74,6,1,0,0,0
4,17,4,1,1,0,32.73,4,0,0,0,0
6,41,1,3,0,1,258.48,13,1,1,0,0
8,21,9,1,0,0,91.56,11,1,0,0,0
4,24,7,4,0,1,55.61,14,1,0,0,0
7,31,11,3,1,0,39.72,2,0,0,0,0
10,30,3,3,0,1,72.78,6,0,1,0,1
0,25,9,3,0,0,41.56,5,1,0,0,0
5,43,7,2,0,1,268.62,11,0,1,0,0
6,17,7,3,1,1,30.4,1,0,1,0,1
6,19,10,2,1,0,45.64,11,0,1,0,0
8,38,1,4,0,0,409.71,8,1,0,0,0
7,43,9,3,0,1,87.69,3,1,0,0,0
4,22,12,1,1,0,29.52,7,1,1,0,0
3,28,10,4,1,0,75.56,12,0,0,0,1
0,39,12,2,0,0,92.35,5,0,0,0,0
0,37,10,5,1,1,60.03,1,1,1,0,0
4,19,3,1,0,1,28.72,3,0,1,0,0
3,24,7,5,1,0,51.66,3,0,0,0,0
6,19,12,5,1,0,72.31,4,1,0,0,0
8,25,2,5,0,0,109.12,5,0,1,0,1
0,29,11,1,1,1,37.7,1,1,0,0,1
9,20,12,5,1,0,54.83,2,1,0,0,1
1,40,10,1,0,1,152.23,0,1,0,0,0
3,26,11,1,1,1,79.53,4,0,1,0,1
0,22,2,3,1,0,25.23,10,1,0,0,0
5,24,4,3,1,1,46.86,4,0,1,0,0
8,21,10,1,0,0,74.34,7,0,1,0,0
3,33,8,1,0,1,101.55,0,0,1,1,0
7,33,2,1,1,0,2.43,1,0,0,0,0
1,31,3,5,1,1,52.51,1,1,0,0,0
10,19,6,5,0,0,82.4,10,0,1,0,1
1,35,3,4,0,1,114.59,12,1,0,1,0
2,36,8,4,1,0,124.18,1,1,0,0,0
11,20,3,5,0,0,100.44,11,0,1,0,0
7,32,2,5,1,1,77.56,1,0,0,0,0
0,28,11,4,1,1,28.85,1,1,1,0,0
8,20,5,5,0,1,65.32,10,0,0,0,0
1,40,6,5,1,1,114.27,12,0,0,0,0
1,23,10,1,0,0,41.29,6,0,1,1,0
4,17,9,2,0,1,29.46,3,1,0,0,0
0,33,9,1,1,0,54.69,2,1,1,1,0
7,20,7,3,0,1,58.69,0,1,0,0,1
0,48,11,4,0,1,55.44,7,0,1,0,0
10,22,3,4,0,0,130.13,3,1,0,0,0
4,32,6,2,0,0,120.21,0,1,1,0,1
6,23,8,2,1,1,63.09,11,1,0,0,0
0,36,12,1,0,0,16.18,6,0,0,0,0
2,18,4,4,1,0,77.81,8,1,1,0,1
0,17,12,2,0,1,14.19,6,0,1,0,0
9,30,11,3,0,0,269.45,1,0,0,1,0
0,22,2,3,1,1,50.53,3,1,0,0,1
0,26,9,1,1,1,28.89,7,0,0,0,1
9,30,3,5,1,1,33.26,3,1,1,0,1
6,22,10,2,0,1,60.3,5,1,0,0,0
6,20,1,1,0,0,52.29,3,1,1,0,0
2,59,12,1,1,1,653.28,6,1,0,0,0
4,50,3,1,0,1,532.25,6,1,0,0,1
6,24,12,4,0,0,106.86,7,1,0,1,0
2,21,8,2,1,1,43.74,7,0,0,0,1
12,38,4,5,1,0,90.97,8,1,0,0,1
6,52,4,4,1,0,973.01,9,1,0,0,0
0,48,9,1,0,0,334.74,1,1,0,0,0
0,18,1,1,1,0,39.71,7,0,1,0,0
6,29,4,4,1,1,44.15,2,1,0,0,0
0,30,10,5,0,1,45.65,5,1,1,0,0
1,20,12,4,0,1,22.17,0,1,0,0,0
6,39,10,2,1,0,11.08,1,1,1,0,0
2,27,8,4,1,1,22.91,9,1,1,0,0
14,18,1,3,1,0,174.27,7,0,1,0,0
5,18,8,1,0,1,36.79,5,1,0,0,0
3,32,9,3,0,0,126.9,4,1,0,0,0
5,34,4,3,0,0,184.12,2,1,1,1,0
11,24,6,5,0,0,177.53,9,1,0,0,0
8,22,12,2,1,1,16.95,6,0,0,0,1
10,42,1,5,1,1,563.19,1,0,1,0,1
6,40,6,1,1,0,63.4,7,1,1,0,0
12,20,8,5,1,0,184.4,0,1,0,0,1
0,29,3,1,0,1,41.8,2,0,1,0,0
1,20,7,4,0,0,33.53,2,1,0,0,0
0,24,10,4,0,1,26.78,2,1,1,0,0
12,27,3,5,0,1,206.57,6,1,0,0,0
3,20,3,2,1,0,30.41,6,1,0,0,0
9,28,3,1,1,1,136.93,1,1,1,0,0
4,32,8,3,0,1,91.71,11,1,1,0,0
9,23,11,4,0,1,12.99,2,1,0,1,0
8,19,12,2,1,0,80.39,7,1,0,0,0
4,37,9,2,0,0,223.06,7,1,0,0,0
6,44,7,3,0,1,410.02,3,0,0,0,0
8,17,3,4,0,1,49.66,8,1,0,0,0
3,21,4,4,1,1,30.97,4,1,0,1,0
4,23,11,3,0,1,66.05,1,0,0,0,0
7,32,1,2,1,0,174.27,9,0,1,0,0
2,31,4,1,0,1,92.15,2,0,0,1,0
5,24,8,4,0,0,65.86,3,0,1,0,0
3,20,1,4,1,0,46.4,5,0,1,0,0
11,35,8,2,0,0,468.14,11,0,0,0,0
0,44,5,2,0,1,216.59,1,1,0,1,0
1,25,11,4,0,1,41.11,7,1,0,0,0
2,21,10,1,0,1,57.92,2,1,1,0,0
3,20,11,3,0,1,34,10,0,0,0,0
12,22,11,3,0,1,84.16,1,1,1,0,1
12,20,11,5,0,1,91.54,13,0,1,0,1
3,20,12,3,1,1,28.79,6,1,0,0,1
7,28,5,2,1,0,150.95,0,0,0,0,0
10,37,6,5,0,1,381.36,5,1,0,0,0
0,30,3,5,1,0,42.8,8,1,1,0,1
7,26,7,2,1,0,102.6,11,0,1,0,0
5,25,9,2,1,1,64.63,4,0,0,0,1
5,29,8,3,1,0,118.05,4,0,0,0,1
1,31,3,5,1,0,67.22,0,0,0,0,0
0,52,4,3,1,1,51.09,0,1,1,0,0
6,24,1,2,1,0,88.36,3,1,0,0,0
0,36,1,3,1,1,69.45,1,1,0,0,1
12,25,10,4,1,0,282.7,0,1,0,0,0
6,25,11,3,1,1,75.49,1,0,0,0,0
6,20,8,3,1,1,48.09,3,0,0,0,0
2,29,8,5,0,1,42.97,0,0,0,0,0
4,19,6,2,1,1,24.93,3,1,1,0,0
2,35,6,2,1,1,45.11,1,0,0,0,0
0,32,9,2,0,1,70.37,7,1,1,0,0
2,19,11,4,0,1,22.12,0,1,1,0,0
4,26,3,4,0,1,66.5,4,1,0,0,0
4,25,3,5,1,1,43.32,12,1,0,0,0
0,24,1,2,0,0,95.24,2,0,1,0,0
3,19,3,3,0,0,32.27,7,0,1,0,0
3,37,10,2,1,1,16.06,9,0,1,0,0
3,21,10,2,1,1,31.52,9,1,0,0,1
6,24,6,5,0,0,75.05,4,1,1,0,0
0,26,6,3,1,1,28.39,1,1,0,1,0
1,45,4,4,0,1,232.12,1,1,0,0,0
6,56,5,2,1,0,1345.53,1,0,0,0,0
0,36,4,5,1,0,86.83,6,1,0,0,0
2,24,10,3,0,0,54.83,13,1,0,0,0
3,48,6,5,1,1,259.72,6,1,1,0,0
0,35,12,3,1,1,50.52,8,1,1,0,0
2,27,5,3,1,1,45.16,2,0,0,0,1
4,26,3,5,1,0,73.88,4,0,0,0,0
1,37,2,4,0,1,117.78,7,1,0,0,0
6,34,4,4,0,1,163.88,10,0,1,1,0
1,18,12,3,1,1,81.81,6,0,0,0,0
6,23,6,3,1,1,64.59,3,1,0,0,1
5,21,1,1,0,1,40.19,1,0,1,0,1
0,26,8,4,1,1,28.22,6,1,0,0,0
2,19,6,2,1,0,22.31,3,0,1,0,0
2,18,9,2,1,0,55.38,12,1,1,0,0
5,18,5,1,0,0,47.1,3,1,0,0,0
4,22,3,4,0,0,59.46,11,1,0,0,0
0,24,7,1,0,1,44.59,5,1,1,0,0
2,21,8,4,1,1,92.39,14,0,0,0,0
0,21,12,1,0,0,32.22,0,0,0,0,0
3,28,7,3,1,1,57.65,9,1,0,0,0
12,22,4,5,0,0,168.96,11,0,0,0,0
0,32,2,4,1,1,38.91,1,0,1,0,0
6,35,8,5,0,1,190.38,10,0,0,0,0
0,33,6,1,1,1,53.54,6,1,0,0,1
4,38,12,2,0,1,189.85,11,1,0,0,0
6,25,8,4,0,0,84.04,2,0,1,0,1
2,26,5,4,1,1,41.32,9,1,0,0,1
2,21,1,5,1,1,12.4,12,1,0,0,1
4,26,11,5,1,1,58.06,2,1,0,1,0
12,26,11,5,0,0,241.92,5,0,0,0,0
8,18,9,5,1,0,73.37,11,0,0,0,0
4,18,3,4,1,1,22.75,2,0,1,0,0
6,31,7,5,1,0,164.42,2,0,0,0,0
3,18,2,1,0,0,41.94,7,1,0,1,0
3,59,5,2,1,0,1000.15,7,0,0,0,0
6,19,5,5,1,1,39.5,8,1,1,0,1
14,23,7,4,0,0,199.58,4,0,1,0,1
4,32,12,3,0,1,130.59,2,0,0,1,0
0,28,3,4,0,1,51.24,2,1,0,0,0
5,18,9,5,1,1,33.51,3,0,0,0,0
4,23,5,2,1,0,45.85,6,1,1,0,0
8,57,7,1,0,0,51.69,1,0,1,0,0
0,21,2,1,1,0,23.04,3,1,0,0,0
0,20,7,1,0,1,23.53,2,1,0,0,1
11,36,4,2,0,0,424.31,9,1,1,0,1
1,34,1,4,1,1,13.78,12,1,0,0,0
0,43,10,5,1,1,123.93,10,1,0,1,0
2,23,4,5,1,1,30.84,7,1,0,0,0
0,36,8,1,1,0,86.83,1,1,0,0,0
0,31,9,2,1,1,79.36,7,1,0,0,0
2,21,6,1,0,1,32.68,10,0,0,0,0
11,21,9,1,1,0,164.9,11,0,0,0,0
4,30,2,5,1,0,55.47,1,1,0,1,0
0,51,7,1,1,0,306.5,12,1,0,0,0
5,47,9,1,0,0,591.8,6,0,0,0,0
6,37,7,2,0,0,271.88,2,0,1,1,0
7,28,7,1,0,0,150.45,8,1,0,0,0
3,41,4,3,0,1,215.17,5,1,0,0,0
1,31,5,1,1,1,52.51,3,1,0,0,0
6,32,8,4,0,1,17.82,3,1,1,0,0
3,28,5,1,0,1,49.58,3,0,0,0,0
8,24,10,2,0,1,7.36,8,1,0,1,0
0,22,5,5,1,1,19.71,2,0,0,0,0
2,31,10,3,0,0,74.11,3,0,0,1,0
3,19,10,2,0,1,31.04,5,1,0,0,0
5,30,5,5,0,1,52.05,2,1,0,0,0
2,19,7,4,1,0,22.31,9,0,1,0,0
0,34,6,4,1,1,46.6,5,1,1,1,0
11,36,1,3,1,0,81.74,5,0,1,0,0
2,33,9,3,0,1,97.2,1,1,0,0,1
2,40,12,5,0,1,92.8,5,1,0,0,1
1,42,10,1,0,0,33.05,7,0,1,0,0
0,55,3,2,1,1,17.46,2,0,0,0,0
0,21,11,2,1,1,55.96,2,0,0,1,0
13,39,10,5,0,0,857.26,11,1,0,0,0
6,22,4,4,1,0,73.8,5,0,0,0,0
6,31,1,4,0,0,172,14,0,0,0,0
0,35,6,2,1,1,63.7,3,1,0,0,1
6,31,8,2,0,0,172,9,1,0,0,0
4,27,12,2,0,0,95.28,6,1,0,0,1
3,18,6,1,0,1,29.01,3,1,0,0,1
7,25,1,5,0,1,104.03,7,0,0,1,0
6,30,6,5,1,0,125.2,14,0,1,0,1
6,27,4,4,0,0,123.71,1,0,0,0,1
8,26,11,2,0,0,19.28,9,1,0,0,0
6,24,12,1,1,0,88.36,5,0,0,0,0
0,35,4,4,0,1,86.98,1,0,0,0,0
8,34,8,3,0,1,1.08,4,1,1,0,0
1,38,12,5,1,0,64.31,0,0,1,0,0
12,33,8,1,1,1,447.51,0,0,0,0,0
3,38,11,5,1,1,141.06,2,1,0,0,1
6,19,4,1,0,1,45.93,4,1,0,0,0
6,27,10,3,0,1,76.63,1,0,1,0,0
0,17,10,4,1,1,12.5,3,0,0,0,0
1,29,8,4,0,1,60.06,4,0,0,0,1
4,44,2,2,0,0,55.71,9,1,0,0,0
5,36,7,3,1,0,212.4,2,1,0,0,0
0,23,10,5,1,1,21.7,2,0,0,1,0
5,37,9,4,1,0,24.3,5,0,1,0,0
5,22,7,4,1,0,50.1,2,0,1,0,0
1,29,6,2,1,1,81.37,12,0,1,1,0
4,25,3,1,1,1,52.78,3,0,0,0,0
0,25,2,4,1,0,26.82,8,1,1,0,0
1,32,6,3,1,0,75.12,2,0,0,0,1
1,27,5,1,0,0,62.9,13,0,0,0,0
0,34,5,3,1,0,21.72,2,1,1,0,0
3,36,11,1,1,0,149.41,1,1,0,1,0
9,24,6,5,0,0,158.09,0,0,0,1,0
5,20,8,5,1,1,40.21,4,1,0,0,0
0,22,2,2,1,1,19.71,6,0,0,0,0
5,23,3,2,0,0,60.2,5,1,1,0,0
6,26,6,5,1,0,96.05,7,1,1,0,0
6,18,1,3,0,0,53.66,3,1,0,0,0
4,21,12,5,0,1,39.83,4,1,1,1,0
8,37,7,5,1,0,31.9,2,0,0,0,0
6,24,10,4,0,1,72.2,4,1,0,0,0
0,32,12,1,0,0,28.89,1,0,0,0,0
4,34,5,1,1,0,121.29,9,1,1,0,0
10,27,1,2,1,0,236.25,7,0,0,0,0
4,35,12,2,0,1,119.06,3,1,1,0,0
0,34,5,2,1,1,46.62,8,0,0,0,0
0,24,2,5,1,1,23.74,7,0,0,1,0
9,20,9,2,0,0,44.03,10,1,0,1,0
2,50,11,1,1,1,317.34,6,1,0,1,0
4,19,11,2,1,1,24.93,6,0,1,0,0
0,38,9,2,0,1,115.31,6,1,0,0,1
0,32,12,2,1,1,44.2,3,1,0,0,0
3,22,1,3,1,1,27.37,1,1,1,0,0
4,19,12,4,1,1,72.22,1,1,0,0,0
7,18,4,1,0,0,70.7,3,1,0,1,0
6,28,11,3,1,0,126.22,8,0,0,0,0
4,23,5,4,1,1,73.56,0,0,0,0,0
4,24,1,4,0,0,40.08,2,0,0,0,0
7,23,4,4,1,0,59.24,11,1,0,0,1
0,29,1,1,0,0,53.51,6,1,1,0,0
6,52,6,4,1,0,973.01,2,0,0,0,0
4,19,12,4,1,0,39.3,3,1,0,0,0
8,27,9,3,0,0,160.62,6,0,0,0,1
10,34,3,5,0,0,435.55,3,0,0,1,0
9,22,7,5,1,0,129.23,1,0,0,0,1
6,21,9,3,1,1,83.51,0,0,0,0,1
6,17,1,1,1,0,27.88,2,1,0,0,1
2,18,1,3,0,1,79.13,3,1,0,0,0
4,33,11,4,0,0,157.78,4,1,0,0,0
0,27,11,4,1,1,25.19,4,1,1,1,0
1,52,12,1,0,1,336.1,0,1,1,0,0
0,26,9,3,1,0,33.07,10,0,0,0,0
0,22,3,3,1,1,68.45,4,1,0,0,0
3,20,6,2,0,0,43.53,11,1,0,0,0
2,21,12,4,1,1,18.86,5,1,1,0,0
2,31,4,1,1,0,65.27,2,1,1,0,0
12,27,4,2,0,1,171.73,2,0,1,0,1
10,21,3,2,0,1,92.86,1,0,0,0,0
6,36,6,1,0,0,265.71,3,1,0,0,0
5,23,7,1,1,0,56.14,7,1,1,0,1
4,41,8,1,0,1,251.03,2,0,0,0,1
6,20,7,1,1,0,6.77,7,0,0,0,1
12,23,3,2,0,1,147.88,1,1,0,0,1
6,23,8,1,0,1,65.99,2,0,0,0,0
1,29,10,2,0,1,58.66,10,1,0,0,0
4,33,12,4,1,1,94.57,8,1,1,0,1
3,20,4,4,0,0,50.33,4,1,0,1,0
0,28,9,4,1,1,33.91,1,0,0,1,0
7,25,8,5,0,1,89.98,5,1,0,0,0
1,42,9,3,1,0,48.25,1,0,0,0,0
3,35,3,4,1,1,108.95,8,1,0,0,1
3,32,11,2,0,1,99.13,3,0,0,0,0
7,23,5,4,0,1,76.99,3,1,0,0,1
6,21,2,5,1,0,42.86,7,0,1,1,0
0,31,4,3,1,1,44.17,0,1,0,1,0
6,33,3,2,0,1,160.03,3,1,0,0,0
10,22,2,1,1,0,96.69,0,1,0,0,0
6,26,9,2,0,1,99.83,2,0,0,1,0
4,30,6,5,1,0,84.58,8,1,0,0,0
8,18,9,5,1,0,61,7,0,1,0,1
0,45,4,4,1,0,72.77,10,0,0,0,0
2,31,3,4,0,0,95.78,5,1,1,1,0
9,24,9,3,1,1,118.05,8,1,0,0,0
0,21,2,5,1,1,33.96,6,1,0,0,1
6,21,9,5,1,0,67.82,11,1,0,1,0
1,20,11,3,0,1,30.28,1,0,0,1,0
8,21,2,4,0,0,105.86,2,1,0,1,0
4,54,6,5,1,0,653.91,0,1,1,1,0
6,26,8,1,1,0,106.3,5,1,0,1,0
4,28,1,5,0,0,95.47,5,1,1,1,0
5,45,9,3,0,0,500.92,7,1,0,0,0
6,24,5,3,0,0,75.05,1,1,1,0,0
8,47,1,2,0,1,555.31,14,1,1,0,0
2,23,8,3,1,0,39.48,9,0,0,0,0
0,21,8,2,1,1,14.62,1,1,1,0,0
10,36,5,2,0,0,363.7,1,1,1,0,0
8,22,2,5,1,1,82.44,2,1,0,0,0
0,28,5,2,1,0,43.15,9,0,0,0,0
0,26,6,3,0,1,32.03,3,1,1,0,0
8,30,7,3,0,1,69.27,14,1,0,0,0
2,24,11,3,0,1,42.83,1,1,0,0,0
6,19,3,3,1,0,56.21,9,0,0,0,0
6,26,4,3,1,0,26.09,3,1,0,0,0
0,56,6,4,0,1,580.79,4,1,0,1,0
0,19,10,4,1,0,80.78,3,1,0,0,0
0,23,11,5,1,1,21.57,11,1,0,0,0
14,40,3,2,1,0,1244.65,8,0,1,0,1
1,45,3,1,0,1,232.12,6,0,0,0,0
6,18,5,4,0,1,41.92,4,1,0,0,0
5,30,3,1,0,1,73.36,2,1,0,1,0
6,30,12,5,1,0,150.6,1,0,0,0,0
6,23,9,3,1,1,65.74,5,1,0,0,1
1,27,5,1,0,0,62.9,4,1,0,0,0
0,51,7,4,0,1,334.75,1,0,0,0,0
4,38,9,4,0,1,189.85,1,1,0,0,0
0,24,9,5,1,0,9.79,2,1,0,0,0
2,53,10,1,0,0,670.68,1,1,0,0,1
5,20,10,1,1,1,19.71,2,1,0,0,0
6,32,9,3,1,0,39.57,5,0,0,1,0
6,22,12,3,1,0,84.27,9,1,0,0,1
0,40,7,1,1,0,122.33,3,0,0,0,0
2,36,11,4,1,0,124.18,0,1,0,0,0
4,26,6,4,0,0,18.76,10,1,1,0,1
11,21,11,3,0,0,135.45,12,1,0,0,0
8,20,8,2,1,0,71.49,9,1,1,0,0
2,30,1,3,0,1,49.54,12,1,0,1,0
6,49,7,3,1,1,22.68,9,0,1,0,0
7,25,1,5,1,1,8.92,8,1,1,0,0
8,18,9,1,0,0,69.68,7,0,0,0,0
14,30,9,3,1,0,69.36,7,0,1,0,0
3,18,1,3,1,0,58.53,2,1,0,0,0
0,20,11,4,1,1,35.31,7,0,1,1,0
2,24,11,4,0,1,35.61,1,1,1,0,1
8,36,2,5,0,0,280.12,5,0,1,0,0
0,26,12,5,0,1,39.45,14,1,0,0,0
4,26,10,1,1,1,57.71,14,1,0,0,0
2,24,9,1,0,0,81.35,11,0,0,0,0
7,24,3,3,0,1,82.27,1,0,0,0,0
0,29,7,1,1,0,38.27,2,1,1,0,0
5,22,3,1,1,0,50.1,1,0,1,0,0
6,33,9,5,1,0,195.84,12,0,0,0,0
1,30,6,1,0,1,64.06,7,1,0,0,0
4,24,11,4,0,1,55.61,13,0,0,0,0
9,37,6,3,0,0,15.96,3,0,1,0,1
8,17,8,3,0,1,46.62,4,0,1,1,0
5,18,4,2,0,0,54.45,8,0,0,1,0
4,17,12,5,0,0,46.94,9,1,1,0,0
0,24,7,1,1,1,64.75,1,0,0,0,0
2,19,4,3,0,1,31.5,2,1,0,1,0
0,36,1,5,1,0,86.83,1,1,0,0,0
10,24,3,4,0,0,155.81,1,0,0,0,0
0,30,5,5,0,1,52.78,0,1,1,1,0
4,21,10,2,0,0,44.1,3,1,1,0,0
0,22,4,1,0,1,27.55,9,0,0,0,0
2,22,6,2,0,0,45.79,8,0,0,0,0
5,32,1,1,0,1,128.7,1,0,0,0,0
3,29,1,1,1,1,63.36,11,1,0,1,0
6,24,1,3,0,0,77.06,8,0,0,0,0
0,24,5,4,1,1,73.92,1,0,0,1,0
0,20,11,1,1,1,13.35,8,0,1,0,0
6,27,12,1,0,1,94.38,8,0,0,0,0
13,40,5,2,0,1,606.25,12,0,1,0,1
0,28,11,1,1,0,27.92,2,1,0,1,0
0,33,9,4,0,1,59.37,3,0,1,0,0
0,37,2,4,1,1,76.65,4,1,1,0,1
6,43,3,1,0,0,482.57,4,1,0,0,0
10,41,6,3,1,0,815.86,5,0,0,0,1
0,39,3,3,1,0,92.5,3,1,0,0,0
0,23,10,3,1,0,12.58,5,0,1,0,0
8,22,7,2,1,0,108.06,3,1,0,0,1
0,36,8,3,0,1,34.58,6,1,0,0,0
6,18,3,5,1,0,51.61,3,0,0,1,0
9,23,7,3,1,0,112.83,4,1,1,1,0
2,39,11,2,1,1,126.25,1,1,0,1,0
9,25,6,2,1,0,19.49,4,0,0,1,0
0,33,9,1,1,1,52.29,4,1,0,0,0
12,21,11,5,1,0,160.13,4,1,1,0,0
10,26,1,4,0,0,151.29,2,1,1,0,0
4,20,1,4,0,0,46.9,3,1,0,1,0
3,43,9,4,0,1,254.8,0,1,0,0,0
1,27,9,4,0,0,62.9,8,1,0,0,0
9,36,3,2,1,1,339.37,5,1,0,0,0
1,37,11,3,0,1,72.6,4,0,0,0,0
5,21,12,2,0,1,50.66,1,0,1,0,1
1,20,6,1,1,0,25.17,3,0,0,0,0
6,30,3,4,1,0,150.6,3,0,0,0,0
3,20,8,1,0,1,31.92,0,1,1,1,0
8,34,11,2,0,0,272.39,2,1,1,1,0
6,24,2,3,0,1,83.47,3,1,0,1,0
7,27,2,4,0,0,111.79,9,0,1,0,0
6,59,11,5,0,1,1397.8,5,1,0,0,0
9,29,11,1,0,0,173.27,4,0,1,0,0
13,49,4,4,0,0,1611.36,8,1,1,0,0
1,29,8,1,1,1,18.3,7,1,0,0,1
6,27,1,3,0,1,94.38,1,1,0,0,0
0,41,8,1,1,1,88.4,4,1,0,1,0
2,22,10,3,1,0,36.08,3,1,0,0,0
1,21,6,4,1,1,47.17,2,0,1,1,0
1,27,5,1,0,1,46.13,5,0,1,1,0
6,42,8,5,0,0,443.52,9,1,0,0,0
8,19,7,2,0,0,61.98,1,0,1,0,0
0,18,7,3,1,1,12.65,2,1,0,0,0
1,17,6,5,1,1,59.39,1,0,0,0,0
3,25,8,3,0,0,79,3,1,0,1,0
9,22,10,1,0,0,39.47,4,1,0,0,0
6,29,5,1,0,1,105.77,1,1,1,1,0
6,25,4,5,0,1,64.12,2,1,1,0,0
4,18,2,3,0,0,38.8,1,1,1,1,0
9,22,2,4,0,1,89.21,5,0,0,0,0
6,24,4,5,1,1,69.02,8,1,0,0,0
3,18,11,2,1,1,1.67,13,1,1,0,0
5,32,4,5,1,1,117.23,10,1,0,0,0
0,36,8,4,0,1,77,4,0,1,0,0
8,22,4,3,0,0,100.23,3,0,0,0,0
2,22,12,3,1,0,48.7,2,1,1,0,0
0,29,10,2,1,1,29.9,8,0,1,0,0
0,43,4,1,0,0,254.92,13,0,0,1,0
6,41,7,1,0,1,264.65,8,0,1,0,1
6,35,4,2,0,0,243.72,0,0,0,0,0
0,24,10,4,1,1,23.74,1,1,0,1,0
1,38,3,1,0,0,133.39,10,1,1,0,0
7,17,10,4,0,1,43.58,2,1,0,0,0
7,30,9,3,0,1,113.85,11,0,1,0,0
14,20,10,2,0,0,85.89,8,1,0,1,0
10,19,1,5,1,1,38.02,5,1,0,0,1
0,39,11,2,0,0,157.05,3,0,0,0,0
10,31,9,5,0,0,296.87,9,1,0,0,1
4,18,11,1,1,1,28.02,5,1,0,0,0
9,27,11,1,0,0,178.75,2,1,0,0,0
6,19,12,3,1,1,89.51,1,0,0,0,0
3,50,1,2,1,0,494.46,2,1,0,0,1
7,25,12,2,0,1,73.06,0,1,1,0,0
2,35,12,1,1,1,78.73,12,1,0,1,0
6,26,10,1,0,0,110.53,9,1,0,0,0
4,55,9,5,1,0,867.96,8,1,0,0,0
1,34,4,4,0,1,90.88,8,0,0,0,0
6,24,5,1,0,0,86.77,7,1,1,1,0
0,45,7,5,0,1,203.71,4,0,0,0,0
2,21,4,1,0,0,41.83,4,0,0,0,0
6,39,1,4,1,1,256.69,7,0,0,0,0
2,29,10,4,0,0,87.61,3,0,0,0,1
6,44,2,1,1,1,391.97,10,0,0,0,0
2,27,1,4,1,1,35.82,5,1,1,0,0
4,44,11,3,0,1,256.42,8,1,1,0,0
3,47,2,3,1,1,294.41,1,1,0,0,0
6,27,8,4,1,1,90.22,8,1,0,0,0
6,24,8,5,1,1,51.2,2,0,1,0,1
2,29,4,2,1,1,42.76,10,1,1,0,0
0,29,9,4,1,1,36.82,1,1,0,0,0
7,45,5,3,0,0,650.38,8,0,0,0,0
1,21,4,5,0,0,29.81,2,1,1,0,0
3,27,2,1,0,0,83.62,2,1,0,0,1
12,53,8,3,0,0,2416.81,5,0,0,0,0
6,22,9,3,1,1,46.81,7,0,1,0,0
0,32,5,4,0,1,54.41,8,1,1,0,0
0,28,3,5,0,0,69.75,8,0,0,1,0
1,37,10,1,0,0,150.77,3,0,0,0,0
9,32,3,2,1,0,308.81,4,0,0,1,0
12,37,4,5,1,0,14.18,7,0,1,1,0
6,20,10,4,1,1,48.09,2,0,0,0,0
0,26,5,2,1,1,22.91,2,0,1,0,0
0,24,1,1,0,0,42.23,2,0,0,0,0
3,31,11,1,0,1,73.74,1,1,1,0,0
14,38,11,2,0,0,918.13,4,1,0,0,1
4,28,11,3,0,0,79.73,1,1,0,1,0
16,30,8,5,0,0,25.44,6,0,0,0,1
6,17,6,5,1,0,38.01,11,0,1,0,0
0,20,10,2,1,0,21.55,5,0,0,0,1
0,32,4,5,0,0,99.17,7,1,0,1,0
12,21,2,1,0,0,178.45,6,1,0,1,0
3,31,10,4,0,1,90.82,4,1,0,0,0
6,49,8,3,1,0,29.3,8,0,1,0,0
6,25,6,4,0,0,82.08,5,1,1,0,0
2,41,12,1,1,0,14.36,1,0,1,0,0
6,34,4,3,0,1,174.57,14,1,0,0,0
0,25,9,5,0,1,41.71,3,0,0,1,0
13,17,5,1,0,1,97.67,8,0,0,0,1
3,29,12,1,1,1,51.13,7,1,1,0,0
0,45,11,4,0,1,203.71,9,1,0,0,0
0,43,11,3,1,1,123.18,7,1,0,0,0
8,32,9,2,1,1,200.5,7,0,0,0,0
13,36,11,4,0,0,678.48,5,1,0,0,1
0,18,7,1,1,0,40.9,6,1,0,0,0
0,35,2,1,1,1,51.72,3,0,1,0,1
2,33,10,1,1,1,38.33,4,0,0,0,0
0,22,5,2,0,1,31.85,1,0,0,1,0
6,25,10,4,0,1,64.12,1,0,1,0,0
1,22,7,5,0,1,25.49,12,1,1,0,0
1,18,11,4,1,1,16.48,1,0,0,1,0
11,25,12,3,0,1,14.62,1,1,1,1,0
3,39,10,3,1,0,192.12,11,0,0,0,0
6,29,2,4,1,0,112.64,0,0,1,1,0
3,21,9,1,0,1,43.05,4,0,0,1,0
0,27,12,3,1,1,30.84,4,0,0,0,0
3,45,8,5,0,1,301.38,1,1,0,0,0
3,33,8,4,1,1,14.85,3,1,0,0,0
0,27,4,3,1,1,30.84,2,1,0,0,0
4,18,7,2,0,0,33.56,5,1,1,0,0
6,29,9,4,1,1,107.71,6,0,0,0,0
1,19,3,3,0,1,27.64,1,0,0,1,0
4,21,9,4,0,1,34.45,1,0,1,0,0
1,42,5,1,0,0,230.9,2,0,0,0,0
11,26,2,3,0,1,58.38,5,0,0,0,0
0,20,8,4,0,1,22.98,3,1,0,0,0
0,24,11,4,0,1,32.99,2,0,0,0,0
2,25,1,1,1,0,47.25,1,1,0,0,0
7,31,9,5,1,0,97.39,7,0,0,0,0
10,21,6,3,0,0,118.88,3,1,0,0,0
2,25,12,3,1,1,56.21,7,1,0,0,0
8,41,9,1,1,0,557.16,0,1,0,0,0
5,43,3,5,1,1,244.67,0,1,1,0,0
0,42,12,2,0,0,58.83,7,1,0,0,0
9,23,5,4,0,1,97.63,11,0,0,0,0
0,22,3,5,1,1,94.32,4,0,0,1,0
3,18,3,1,1,1,23.57,5,1,0,1,0
10,21,1,4,0,0,118.88,1,0,0,0,0
0,28,11,2,0,0,60.33,5,0,0,0,0
5,26,5,2,0,1,75.78,9,1,0,0,0
4,27,9,3,0,1,84.04,11,1,0,1,0
6,18,9,5,0,1,34.04,1,1,1,0,0
3,34,6,2,1,1,97.57,9,1,0,0,0
0,37,3,2,1,0,76.84,14,1,1,0,0
5,29,2,2,0,1,114.33,3,1,0,1,0
1,41,4,5,0,0,212.16,5,0,0,0,0
4,40,9,4,1,0,203.16,10,0,1,0,0
0,37,6,1,1,0,78.68,1,0,1,0,1
1,30,5,5,1,0,61.56,5,1,0,0,0
7,22,7,2,0,1,55.79,4,1,1,0,0
13,23,2,2,0,1,136.82,1,1,1,0,1
3,20,2,1,0,1,91.19,4,0,0,0,0
2,32,2,5,1,1,70.18,5,1,0,0,1
6,27,4,5,0,1,94.38,12,0,0,0,0
8,21,8,3,0,1,71.52,2,1,0,0,0
12,22,8,2,0,0,140.46,8,1,1,0,1
2,36,6,5,1,0,101.44,3,0,1,1,0
6,45,6,1,1,0,49.86,9,1,0,0,0
6,34,7,5,0,0,223.48,7,0,0,0,0
5,40,11,4,0,1,208.37,6,1,1,0,0
0,26,12,4,1,1,22.91,3,0,1,0,0
0,31,3,5,1,1,43.91,1,0,0,0,0
1,19,2,4,1,1,14.57,2,1,1,0,0
0,34,9,4,0,1,79.76,12,0,0,0,0
0,20,6,1,0,1,8.37,5,0,0,0,0
7,19,1,5,1,0,54.58,11,1,1,0,0
4,22,10,5,0,1,47.55,0,0,0,0,1
0,31,3,5,0,1,61.39,1,0,0,0,0
2,18,6,4,0,0,31.83,5,1,0,0,0
0,25,9,3,1,1,20.95,1,1,1,0,0
4,22,7,1,0,1,38.61,0,1,1,0,1
0,40,10,4,0,1,108.48,0,0,1,0,0
0,18,8,2,0,1,15.55,9,1,1,0,0
2,19,1,1,0,0,72.07,4,0,0,0,0
0,21,6,3,0,1,25.17,9,1,0,0,0
0,17,8,5,1,1,66.8,0,0,0,1,0
12,36,7,2,0,1,454.28,9,0,0,0,0
3,34,11,4,1,0,124.91,4,1,0,0,0
0,26,12,1,0,1,39.45,3,1,0,0,0
2,26,2,3,0,1,52.44,3,0,0,0,1
9,57,10,4,0,1,1654.69,7,1,1,1,0
6,44,5,1,0,0,537.43,7,1,0,0,1
0,31,3,1,0,1,70.97,3,0,0,1,0
5,28,11,4,1,1,82.44,6,0,0,0,0
12,29,6,2,0,0,315.7,4,0,0,0,0
1,44,2,4,0,1,173.33,13,0,1,0,0
2,35,9,2,0,1,112.94,2,1,0,0,0
10,28,2,3,1,0,264.33,6,1,0,0,1
9,21,3,2,0,0,84.71,4,1,1,0,0
3,22,4,2,1,1,33.7,7,0,0,0,0
14,19,12,4,0,0,167.08,4,1,0,0,0
4,19,6,4,1,1,67.68,2,0,0,0,0
4,36,7,3,1,0,34.6,1,0,0,0,0
10,37,10,5,1,0,90.34,6,0,1,0,0
10,38,12,3,1,0,31.35,1,0,1,1,0
1,20,4,5,0,1,26.19,6,1,0,0,0
10,30,12,5,0,1,212.39,9,1,0,0,1
6,23,9,3,1,0,45.9,1,1,1,0,0
2,30,1,4,1,1,57.86,1,1,0,1,0
6,27,9,4,0,1,76.63,1,0,1,0,0
9,34,12,3,1,1,25.93,1,0,0,1,0
1,22,7,2,1,0,94.79,6,0,1,0,0
0,26,2,1,0,1,39.45,3,1,0,0,0
13,25,6,5,0,0,45.59,3,1,1,0,1
1,38,7,3,0,1,148.37,11,0,0,1,0
5,17,1,3,1,0,31.78,1,0,1,0,0
8,38,6,3,1,1,280.18,1,1,1,0,1
11,36,10,5,0,0,590.09,1,0,0,1,0
8,34,7,3,0,1,7.83,7,1,0,0,0
7,21,11,3,1,0,92.6,2,0,1,0,0
0,40,8,5,0,1,108.48,4,1,1,0,0
7,27,12,4,1,1,87.61,4,0,1,0,0
6,33,10,1,1,1,85.6,8,1,1,0,0
8,32,5,3,0,0,243.75,6,1,0,0,0
1,28,12,5,0,0,68.74,1,1,0,0,0
7,23,10,3,1,0,69.37,0,1,0,0,0
4,29,10,2,0,1,100.33,2,1,0,1,0
8,49,7,4,0,1,807.05,4,1,0,0,0
1,20,4,1,1,0,38.27,5,0,0,1,0
4,26,2,2,1,1,46.86,6,0,1,0,0
5,18,12,3,0,1,36.79,1,0,0,0,0
12,29,8,5,0,0,54,2,1,1,0,1
0,49,6,4,0,1,284,3,0,0,0,0
3,18,6,1,0,1,32.76,1,0,0,1,0
0,22,9,1,1,1,15.7,3,1,1,0,1
1,17,8,3,0,1,16.17,0,0,1,0,0
8,22,11,5,1,1,66.94,5,1,1,0,0
0,22,5,4,1,1,19.82,6,1,0,1,0
4,46,11,1,1,1,323.98,3,0,0,0,0
0,45,10,3,1,1,94.26,6,1,0,0,0
7,29,7,4,0,0,164.36,2,0,0,0,0
1,29,9,2,1,1,44.03,8,1,0,0,0
0,22,9,1,0,1,25.86,8,1,1,1,0
6,21,6,1,0,1,55.09,13,0,0,0,0
0,28,2,2,1,0,9.89,3,1,1,0,0
5,24,2,1,1,0,73.88,8,1,0,0,0
5,34,11,5,0,0,71,9,1,0,0,0
0,58,4,4,1,0,91.83,12,0,1,0,0
10,27,10,5,0,1,26.24,5,0,0,0,0
2,43,5,1,1,1,146.46,9,0,1,0,1
8,23,8,5,0,0,89.06,2,0,1,0,0
5,25,11,5,0,0,102.57,10,0,0,1,0
0,54,9,1,1,0,84.96,6,0,0,0,0
9,21,4,5,1,0,66.48,2,1,1,0,0
2,36,12,2,1,0,100.83,10,1,1,0,0
2,23,8,2,0,0,50.12,9,0,0,0,0
5,36,4,1,0,1,147.91,3,1,1,0,0
4,19,12,3,0,0,42.51,0,1,1,1,0
4,28,4,4,0,0,117.57,2,0,0,1,0
7,27,5,2,1,1,19.43,7,1,0,0,1
0,26,5,1,1,1,22.91,1,1,1,0,0
0,33,10,2,0,1,73.12,14,1,0,0,0
6,26,5,2,0,1,86.34,1,0,0,0,0
7,21,12,5,1,1,63.36,6,1,0,1,0
7,31,5,4,0,1,156.75,0,1,0,0,1
1,42,10,3,0,1,96.83,6,1,0,0,1
0,50,9,5,1,0,49.89,5,0,0,0,0
4,20,1,4,0,0,46.56,5,1,1,1,0
3,37,8,4,1,1,126.44,3,0,0,0,0
0,23,6,2,1,0,27.61,12,1,0,0,0
6,20,1,4,1,0,49.99,3,1,1,0,0
5,22,10,2,1,0,50.1,2,1,1,0,0
2,23,5,1,1,1,25.04,5,0,1,0,0
0,23,11,4,1,0,12.69,9,0,0,0,0
6,17,11,5,1,0,82.83,6,1,0,0,0
0,39,9,3,1,1,43.39,7,0,0,0,0
2,20,11,4,0,1,30.55,10,1,0,0,1
1,31,9,5,1,1,21.09,7,1,0,0,0
10,31,4,2,1,1,262.71,0,0,0,0,0
0,35,9,1,1,0,90.42,6,0,0,0,0
2,37,7,3,0,1,64.96,1,0,1,0,1
3,21,1,3,1,1,77.49,0,1,1,0,0
3,31,4,1,1,0,96.71,13,1,0,1,0
6,18,3,3,0,1,41.92,6,0,0,0,0
3,40,1,4,0,0,292.54,2,1,0,1,0
4,42,5,4,1,1,69.8,8,1,0,0,1
6,18,2,4,1,1,41.66,6,1,0,0,0
7,38,5,1,1,1,49.64,8,0,1,0,1
3,56,7,1,0,0,951.4,0,0,0,0,0
8,25,8,5,0,1,102.53,3,0,0,0,0
7,18,9,5,0,1,47.77,9,0,0,0,0
8,37,12,1,0,1,293.72,6,0,0,0,0
5,20,8,3,1,1,32.65,10,0,1,0,0
7,41,7,4,1,0,465.89,3,0,0,0,0
0,44,1,5,1,1,108.8,1,0,1,0,0
7,22,3,2,0,1,35.27,4,1,1,0,0
13,17,2,4,0,1,97.67,3,1,0,0,1
5,18,5,2,0,0,48.22,12,0,0,0,1
3,30,3,4,1,1,68.78,9,1,0,0,0
2,37,1,4,0,1,134.2,3,1,0,0,0
3,18,2,5,1,0,24.5,8,1,1,1,0
6,27,2,4,0,0,139.69,4,1,0,1,0
6,19,2,4,0,0,47.74,3,1,1,0,0
9,27,5,5,0,1,139.63,8,1,0,0,0
1,32,4,4,0,0,100.07,8,0,0,0,1
6,32,6,4,0,0,41.77,5,1,0,0,1
10,37,1,4,0,1,37.97,3,0,0,0,0
9,57,12,2,1,1,1994.52,0,1,0,0,1
16,22,2,5,0,0,236.78,5,0,1,0,1
4,43,10,1,1,0,322.56,5,0,0,0,0
2,26,4,5,0,0,53.24,7,0,1,0,0
0,28,4,3,1,1,67.23,5,0,0,0,0
4,27,4,4,0,1,72.69,1,1,0,0,0
0,34,5,5,1,0,73.03,1,1,0,0,0
7,28,11,3,1,1,79.88,2,1,0,0,0
8,18,6,3,1,0,59.93,5,0,1,1,0
0,34,10,5,1,0,73.03,12,1,0,0,0
5,39,1,2,1,1,214.64,10,1,0,0,0
1,29,5,5,0,0,60.97,2,1,1,0,0
6,27,9,2,0,1,94.38,1,1,0,0,0
0,37,3,5,0,1,93.88,3,0,0,1,0
14,24,11,5,0,0,76.29,1,1,0,0,1
2,34,12,1,0,0,132.57,3,1,0,0,0
2,25,6,1,1,1,33.45,2,1,0,1,0
7,18,2,1,0,0,61.15,2,1,0,0,0
5,37,5,4,1,0,69.32,1,1,0,0,1
2,41,11,2,1,1,120.8,6,0,1,0,0
1,19,10,2,0,0,46.18,3,1,1,0,0
0,26,2,1,0,1,52.14,15,1,0,0,0
6,22,3,4,1,0,85.22,3,1,0,0,0
3,20,6,4,0,0,57.22,7,0,1,0,0
0,26,9,2,1,1,7.05,0,1,1,0,0
1,27,12,3,1,0,47.22,2,1,0,0,0
3,20,8,1,1,1,28.12,3,0,0,0,0
4,37,7,2,1,0,193.58,8,1,0,0,0
0,26,7,1,1,1,28.39,4,1,0,1,0
2,22,10,2,0,1,68,5,1,1,1,0
3,35,1,2,1,0,10.66,0,0,0,0,0
0,17,6,1,1,1,17.33,9,0,0,0,1
7,30,7,5,0,0,145.75,2,1,1,0,0
0,36,1,4,1,1,58.81,1,1,1,1,0
8,23,3,2,0,0,109.69,1,0,0,0,0
13,17,11,2,0,0,122.12,11,0,0,0,0
0,46,7,4,0,1,256.04,5,0,0,1,0
6,23,3,5,0,1,53.58,0,0,1,0,0
6,18,10,3,1,1,9.5,14,1,0,1,0
12,31,11,5,0,0,353.4,1,1,1,1,0
0,32,4,2,1,1,38.78,2,0,1,0,0
7,18,6,1,1,0,50.12,1,0,1,1,0
0,21,4,1,0,0,32.22,14,1,0,0,0
0,42,3,4,1,1,113.22,7,1,0,0,0
7,27,1,4,0,0,111.79,6,1,1,0,0
0,37,3,3,1,1,73.93,2,1,0,0,0
10,20,2,2,1,0,104.69,2,1,1,0,1
4,20,9,1,0,0,94.08,8,0,0,0,0
0,20,8,1,1,1,16.44,7,1,0,0,0
3,20,12,4,0,0,44.57,9,0,0,0,1
5,18,12,4,1,1,27.21,4,0,1,0,0
2,19,1,4,0,1,22.12,10,1,1,0,0
2,17,12,3,0,1,22.69,0,0,0,0,0
12,25,12,2,1,1,4.53,9,0,0,1,0
7,29,6,1,0,0,164.36,4,1,0,0,0
6,41,5,4,0,1,258.48,1,1,1,0,0
3,52,5,3,1,1,50.19,9,1,0,0,0
1,28,3,3,1,1,32.73,1,1,1,0,0
6,22,6,5,1,1,46.81,15,0,1,0,0
3,27,12,2,0,1,63.8,9,1,0,0,0
8,48,1,3,0,1,617.73,1,1,1,0,1
6,19,10,4,0,0,58.8,3,1,0,0,0
3,27,5,2,1,1,16.87,5,1,1,0,1
2,24,4,2,0,1,42.83,11,1,0,0,0
0,20,8,4,1,1,14.42,1,0,1,0,0
6,24,10,1,1,1,69.02,10,1,0,0,0
6,26,8,4,0,1,67.17,5,0,0,1,0
0,24,11,5,0,1,26.78,5,1,1,0,0
2,26,2,5,0,1,51.22,5,1,0,0,0
6,25,7,3,1,0,96.64,1,1,0,0,0
3,47,12,2,1,1,301.44,3,1,0,0,1
6,26,1,1,0,1,81.06,10,0,1,1,0
2,28,11,5,1,0,61.71,0,0,0,0,0
7,31,7,4,1,0,83.73,8,1,0,0,0
6,18,8,5,0,0,44.61,12,0,1,0,1
2,38,5,5,1,0,56.15,5,0,0,0,0
0,49,8,3,0,1,284,7,1,0,0,0
6,39,9,3,0,0,18.34,1,0,0,0,0
6,28,2,5,0,1,105.6,6,0,0,0,1
1,33,12,3,0,0,123.31,4,1,0,1,0
3,34,2,3,1,0,125.66,0,1,0,1,0
12,37,2,4,0,1,506.96,10,1,0,0,1
0,21,6,2,1,0,18.82,3,1,1,1,0
0,27,11,4,0,1,35.85,9,1,1,0,1
0,23,7,3,1,1,21.57,1,0,0,0,0
3,39,10,4,1,0,85.11,6,1,0,0,0
3,41,7,5,0,1,215.17,6,0,0,0,0
8,30,1,4,1,0,86.17,1,0,1,0,0
6,23,10,1,0,1,53.58,6,1,1,0,0
0,29,7,1,0,0,76.2,9,0,0,1,0
7,23,2,1,1,0,96.58,6,1,0,0,0
5,49,10,5,0,0,698.35,7,0,0,0,0
16,38,12,2,0,0,1164.27,9,0,0,0,0
0,20,5,2,1,1,16.44,8,0,0,0,0
0,21,10,4,0,1,25.17,6,0,0,0,0
6,25,3,3,0,0,82.08,2,1,1,0,0
5,39,10,2,0,0,308.87,0,1,0,0,1
4,31,1,3,0,0,135.64,13,1,0,0,1
2,26,2,5,1,0,51.66,4,1,0,0,0
9,19,8,3,0,0,86.98,13,1,0,0,0
5,23,11,3,0,0,75.91,9,0,0,0,1
3,29,12,1,1,1,62.98,10,1,0,0,0
0,24,1,1,1,1,24.16,11,1,0,0,1
0,18,9,3,1,1,15.82,4,0,0,0,0
1,46,11,5,1,0,196.89,5,1,1,0,0
0,26,11,2,1,0,36.12,4,0,0,0,0
1,32,6,4,1,0,73.37,6,1,0,0,0
9,17,12,4,0,0,74.17,1,0,0,0,1
0,49,5,1,1,0,211.14,6,1,1,0,0
5,17,3,4,0,1,29.41,7,1,0,0,0
0,37,2,1,0,1,119.5,4,0,0,1,0
10,25,1,3,1,1,126.13,3,1,1,1,0
4,42,5,2,1,0,303.54,7,0,0,0,1
0,47,10,2,0,0,308.1,2,1,0,0,0
7,38,1,4,0,0,291.96,13,1,1,0,0
10,28,10,3,1,1,19.68,3,0,0,0,0
7,19,3,3,1,0,52.52,7,0,0,0,0
6,21,10,5,0,1,44.73,6,0,1,0,0
9,55,4,4,0,0,1921.06,13,0,0,0,0
8,23,2,4,1,0,115.5,5,0,0,0,0
7,47,5,2,0,0,16.96,9,1,0,0,1
0,37,4,1,0,0,132.32,7,1,0,0,0
0,19,8,5,0,1,17.04,9,1,1,0,0
0,29,12,2,0,1,47.97,2,0,1,0,0
4,25,6,4,1,0,67.57,6,1,0,0,0
12,22,11,2,0,0,172.99,5,0,0,0,1
3,36,5,2,1,1,118.78,9,1,0,0,1
2,43,1,4,1,0,31.29,13,1,1,0,0
0,20,6,1,0,1,26.57,4,0,0,1,0
1,38,4,3,0,0,133.39,7,1,1,0,0
4,20,12,3,0,0,49.6,6,1,0,0,0
0,18,11,1,1,1,13.7,1,1,0,0,0
12,18,12,5,0,1,86.13,11,1,1,1,0
5,38,10,2,0,0,276.94,6,1,0,0,0
9,18,12,3,0,0,79.39,4,1,0,0,0
2,19,3,2,1,1,21.98,9,1,0,0,1
2,18,5,1,0,1,24.87,8,1,0,0,0
6,34,4,4,1,1,68.6,5,1,0,1,0
0,21,5,1,0,0,6.4,11,1,0,0,0
4,37,12,3,1,0,158.13,4,0,1,1,0
16,24,4,1,0,0,283.5,11,0,1,0,1
0,32,2,4,1,1,38.91,1,0,1,0,0
9,22,5,3,0,0,92.73,7,1,1,0,0
3,31,12,3,1,0,75.99,5,0,0,0,1
4,25,9,3,0,1,60.82,7,0,0,0,0
12,24,8,5,1,0,22.77,6,0,0,0,0
3,25,5,3,1,0,35.26,9,0,0,0,0
3,20,9,2,0,1,48.46,7,1,0,0,0
4,29,6,2,1,1,75.31,3,1,0,0,0
3,21,1,1,0,1,34.95,3,0,1,1,0
0,48,5,1,0,1,261.48,1,1,0,0,0
0,36,1,3,0,1,77,1,0,1,0,0
0,26,3,2,1,1,22.91,9,1,1,0,0
6,25,8,2,0,1,80.85,4,1,0,0,1
8,41,4,4,1,1,361.82,7,0,1,0,1
1,23,11,4,0,0,43.98,7,1,0,0,0
1,26,8,4,1,0,43.2,1,0,0,0,0
4,57,10,1,1,1,11.99,2,0,1,0,0
4,18,2,4,0,1,65.74,3,0,0,0,0
0,45,6,2,1,1,145.7,10,0,0,0,0
7,17,7,4,1,1,43.99,8,0,0,1,0
1,35,4,2,1,1,61.85,5,1,1,0,1
5,33,4,5,0,0,39.68,1,1,0,1,0
0,51,3,1,1,1,240.86,1,1,0,1,0
2,33,2,3,1,1,75.24,1,1,0,1,0
6,33,10,5,0,1,129.94,3,1,1,0,0
2,20,4,3,1,1,19.09,5,0,1,0,0
6,31,7,5,0,1,155.34,9,0,0,1,0
16,25,7,3,0,0,381.88,1,0,0,0,1
2,19,8,1,0,1,27.25,0,1,0,0,0
7,39,8,1,0,1,353.74,7,1,0,1,0
1,30,1,4,1,0,61.56,10,1,0,0,0
12,22,11,4,0,1,131.98,3,1,0,0,0
2,42,4,2,0,1,170.86,1,1,1,0,1
1,32,10,3,0,0,81.26,3,0,1,0,1
0,36,11,3,1,1,16.57,7,0,0,0,0
5,43,6,4,0,1,268.62,12,1,1,0,0
2,36,5,2,0,0,57.86,10,0,0,0,0
12,25,6,3,0,0,221.25,6,1,0,0,0
0,46,2,2,0,1,179.81,7,1,1,0,0
0,38,3,4,1,0,84.24,2,1,1,1,0
4,21,1,5,1,0,14.86,4,0,0,0,0
10,18,5,5,0,1,72.35,9,0,0,0,1
12,18,6,5,0,1,93.94,2,1,0,0,1
0,23,7,5,0,1,24.48,7,0,1,0,0
11,18,10,4,0,0,96.77,13,0,1,1,0
14,33,11,5,1,0,838.9,14,0,0,0,1
0,18,7,5,0,0,24.52,8,1,0,0,0
2,29,1,1,0,1,68.44,9,1,0,0,1
0,25,1,1,1,1,20.95,5,0,1,0,0
0,34,5,1,0,1,79.76,13,1,0,0,0
4,35,4,3,0,1,137.65,5,1,1,1,0
7,20,11,3,1,1,46.98,1,1,1,1,0
5,21,8,3,0,1,39.25,2,1,1,0,0
6,50,3,4,1,0,670.68,5,1,1,0,0
1,22,7,5,1,0,30.17,5,0,0,0,0
1,50,10,1,0,0,449.83,9,0,0,0,0
3,18,9,2,0,1,23.01,11,0,1,0,0
0,20,11,2,0,0,29.42,1,0,0,0,0
8,20,6,4,1,0,71.49,8,0,1,0,0
8,50,8,3,0,1,711.54,8,1,1,0,0
0,21,8,3,0,1,20.92,4,1,1,0,1
4,23,12,5,1,1,44.11,11,1,0,0,0
3,18,10,1,1,1,19.02,3,1,1,0,0
0,35,10,4,0,1,86.98,10,0,0,0,0
6,31,12,5,1,1,104.29,8,1,1,0,0
4,47,3,5,0,0,600.48,1,0,0,1,0
1,23,4,4,1,1,20.94,4,0,1,0,0
3,24,12,4,0,1,39.63,2,1,1,0,0
3,34,2,3,1,0,125.66,7,0,0,1,0
0,38,10,5,1,1,25.93,9,0,1,0,0
0,32,9,1,1,1,49.07,1,0,0,0,1
10,23,2,3,1,0,166.18,3,0,0,1,0
10,17,10,2,1,0,78.21,1,0,1,1,0
2,24,5,5,0,1,89.18,1,1,1,0,1
8,20,9,4,1,1,15.05,12,1,1,0,1
5,20,6,4,0,0,56.52,2,0,0,0,0
6,35,11,3,0,1,190.38,5,1,0,0,0
9,30,2,1,0,1,95.65,6,1,0,0,0
12,56,2,3,0,1,2000.57,5,0,1,0,1
5,24,9,1,0,1,89.72,4,1,0,0,0
6,24,7,4,1,0,90.47,7,0,0,0,1
6,48,8,4,1,0,6.24,2,1,1,0,1
6,34,12,2,0,0,228.81,9,1,0,0,1
2,19,8,3,0,0,28.32,4,0,1,0,0
5,26,4,5,1,1,69.02,6,1,0,0,0
3,43,5,3,0,1,254.8,0,0,0,0,0
1,29,4,5,1,1,88.02,2,0,1,0,1
0,19,7,4,1,0,19.33,5,0,0,1,0
0,20,4,2,1,1,13.35,6,1,1,0,0
0,22,8,3,0,1,25.86,1,1,1,1,0
1,26,3,5,1,1,33.74,2,1,0,0,0
1,19,8,4,0,1,19.42,7,0,1,0,0
8,25,3,4,0,1,102.53,2,1,0,0,0
2,29,3,4,1,0,54.62,11,1,1,0,0
8,40,10,3,1,1,65.03,5,1,0,0,0
4,22,5,1,1,1,40.31,10,0,0,0,0
6,21,12,3,0,0,57.26,3,0,1,0,0
0,19,12,3,1,1,15.1,12,0,0,1,0
0,19,9,4,1,0,15.6,4,0,1,0,0
1,34,8,2,0,1,105.08,9,0,0,1,0
4,25,1,4,1,1,52.78,0,0,0,0,0
2,21,10,3,1,0,26.76,8,1,1,0,0
0,29,6,1,1,1,29.9,2,1,1,0,0
7,23,9,5,1,0,98.89,3,0,0,0,1
9,18,7,1,1,1,80.16,7,1,0,1,0
10,28,5,3,1,0,37.32,1,0,1,0,0
5,34,7,1,1,1,113.31,1,0,1,0,0
1,30,8,5,0,0,83.97,6,1,0,0,1
4,22,8,2,1,1,33.51,8,0,1,0,1
8,29,3,1,0,0,152.06,3,1,1,0,0
1,25,2,2,1,1,80.7,5,0,0,1,0
7,20,9,3,0,1,57.32,1,0,0,0,0
3,20,6,4,1,1,22.83,3,1,1,0,0
3,23,2,2,0,0,66.22,1,0,0,0,0
1,24,2,4,1,0,36.12,12,1,0,0,0
9,18,12,1,1,0,88.27,2,1,0,1,0
4,30,4,4,0,1,88.98,5,1,1,1,0
9,23,5,3,0,1,97.63,1,0,0,0,0
3,24,1,1,0,0,63.97,8,0,0,0,1
4,23,8,1,1,1,44.11,7,1,0,0,0
5,23,10,5,0,0,60.2,4,1,1,0,0
0,21,6,2,1,1,53.95,0,0,0,1,0
10,28,8,3,0,1,178.01,5,0,0,0,1
8,29,9,4,0,1,146.29,1,1,0,0,0
0,32,6,1,0,1,54.41,13,1,1,0,0
3,17,6,5,1,1,21.38,2,0,0,0,0
2,48,9,4,1,1,269.08,1,1,0,1,0
3,34,12,4,1,1,79.22,3,1,1,0,0
6,20,11,4,0,0,64.4,2,1,0,0,0
1,17,10,1,1,1,14.95,0,0,0,0,0
3,19,6,5,0,1,25.21,6,1,1,0,0
2,24,6,2,0,1,42.83,6,0,0,0,0
0,45,11,5,1,1,146.58,8,1,0,1,0
3,47,10,1,0,0,455.81,4,1,0,0,0
7,22,8,5,1,0,55.82,11,1,0,1,0
7,43,10,2,1,1,349.92,6,0,1,0,0
5,51,11,4,0,1,603.62,5,1,1,1,0
5,21,10,1,1,0,56.37,9,0,0,0,0
12,21,3,3,0,0,154.34,3,0,0,0,0
5,36,4,3,0,1,147.91,10,1,1,0,0
6,40,1,3,1,0,366.38,2,1,0,0,1
0,35,3,4,0,1,70.63,1,0,1,0,0
15,24,8,2,1,0,367.52,2,0,1,0,1
6,23,11,3,0,0,68.6,5,1,1,0,0
5,33,8,5,0,0,56.13,5,0,1,0,0
9,23,9,5,0,1,97.63,10,0,0,0,0
5,55,12,2,1,0,28.14,5,1,1,0,0
0,56,1,2,1,0,459.96,2,1,0,0,0
2,22,7,1,0,1,35.77,2,1,0,0,0
0,23,7,1,1,1,21.57,10,0,0,0,0
0,23,1,2,1,1,86.14,12,0,0,0,0
7,21,2,1,1,1,63.36,3,1,0,1,0
0,17,8,2,0,1,17.48,10,1,0,0,0
6,19,6,3,1,0,56.21,2,0,0,0,0
0,37,8,2,0,1,103.36,1,0,0,0,0
8,44,8,2,0,1,442.58,2,1,1,0,1
6,21,3,5,1,1,27.88,7,1,0,1,0
3,19,4,1,0,1,25.21,2,1,1,0,0
8,42,12,1,0,0,575.85,3,0,0,0,0
4,21,8,5,1,1,29.9,12,1,1,0,0
2,22,1,2,0,1,81.46,5,1,0,0,1
2,20,9,5,0,0,38.2,3,0,0,0,0
6,21,12,5,0,1,63.57,4,1,0,0,0
4,18,9,3,0,1,4.62,6,0,0,0,0
6,29,1,5,1,1,37.63,10,1,0,0,1
8,42,3,5,1,0,20.53,10,1,0,0,1
10,26,9,3,0,0,151.29,3,1,1,0,0
4,21,12,5,0,1,42.43,4,1,0,0,0
1,23,10,1,1,1,43.79,2,0,1,0,1
1,29,5,4,0,0,75.09,3,0,0,0,0
10,27,9,5,1,1,184.55,10,0,0,0,0
9,38,7,1,0,1,66.65,8,0,1,0,0
7,28,4,1,0,1,120.33,9,0,0,0,1
6,28,8,2,0,1,105.6,3,1,0,0,1
3,39,1,3,1,0,192.12,2,1,0,0,0
7,18,3,3,0,1,48.91,4,1,0,0,1
0,61,4,4,1,0,685.26,1,0,0,0,0
4,38,8,1,0,0,243.05,8,0,0,0,0
10,28,7,2,0,1,173.86,2,1,0,0,0
3,39,7,2,0,1,67.21,5,0,0,0,1
2,27,3,3,1,1,44.11,7,1,0,0,0
0,27,4,5,1,1,25.04,3,1,1,0,0
3,21,1,2,1,1,41.68,4,1,1,0,0
1,25,8,2,0,1,41.11,10,1,0,0,0
0,19,10,3,1,1,15.37,6,0,0,0,1
9,19,4,2,1,1,62.43,4,1,1,0,1
9,36,1,3,0,0,319.19,11,1,1,0,0
0,42,5,2,1,1,115.92,1,1,0,0,1
4,23,7,5,1,0,46.95,2,0,1,0,1
0,27,5,3,1,1,30.84,5,0,0,0,0
1,27,9,4,0,0,51.07,6,0,1,0,0
0,40,9,1,1,1,95.55,8,0,0,0,0
0,28,11,4,1,1,14.56,13,0,1,0,0
12,61,5,5,0,1,3585.13,9,1,0,0,0
6,39,4,4,1,0,91.73,11,0,1,0,0
0,29,8,1,0,1,59.52,4,1,0,1,0
0,19,10,2,1,0,20.11,3,1,1,0,0
7,22,3,3,0,0,87.96,7,1,0,0,0
6,21,6,1,0,1,2.06,1,1,0,1,0
0,24,2,1,1,1,20.42,5,0,0,0,0
1,30,4,1,0,1,52.02,0,1,1,0,0
2,18,1,5,0,1,25.46,11,1,0,0,1
0,44,1,5,0,1,187.34,8,0,0,0,0
8,25,11,4,0,0,134.38,0,1,0,0,1
0,56,12,4,1,0,95.09,12,1,0,0,0
8,25,2,3,1,1,16.52,7,0,0,0,1
10,17,11,1,1,1,96.23,8,1,1,0,1
7,39,4,1,1,1,308.82,2,1,0,1,0
2,36,4,1,1,1,78.77,12,0,1,0,0
11,20,11,1,0,0,143.02,1,1,0,1,0
7,23,1,2,1,0,78.42,7,0,1,0,0
2,44,2,1,0,1,243.23,7,1,0,0,0
0,48,3,2,0,1,267.72,0,0,0,0,1
6,34,12,4,0,1,178.74,5,0,0,0,1
0,43,10,3,0,0,220.48,6,0,0,0,0
0,31,2,2,1,0,56.21,1,1,0,0,0
2,34,8,2,1,0,104.45,10,1,0,0,0
0,52,5,3,1,1,212.24,2,1,1,1,0
2,17,2,4,0,1,58.85,11,1,0,0,0
1,29,8,3,0,0,60.97,1,1,1,0,0
6,42,8,2,1,0,423.99,9,0,0,0,0
13,29,1,4,0,0,292.09,2,1,1,0,0
8,28,9,5,1,0,180.52,8,0,0,0,0
6,22,2,5,0,0,89.25,5,0,0,1,0
5,30,3,3,1,1,79.87,6,0,1,0,0
3,35,10,5,1,0,111.27,7,0,1,1,0
0,31,4,3,1,0,56.55,1,0,0,1,0
6,38,11,2,1,0,32.03,7,0,0,1,0
6,31,4,2,1,0,23.85,4,0,0,1,0
6,18,10,3,1,1,19.94,10,1,0,0,0
2,37,11,4,0,1,134.2,10,0,0,0,0
0,33,5,2,1,1,52.29,1,1,0,0,0
1,20,6,5,0,1,26.19,6,1,0,0,0
9,28,5,5,0,0,162.39,4,1,1,0,1
0,40,7,3,0,1,133.6,3,1,0,0,0
5,22,10,5,1,0,61.71,15,1,0,0,0
4,19,5,5,0,1,16.66,3,1,0,0,0
2,41,12,4,1,1,148.78,5,0,0,0,0
0,18,9,2,0,1,15.55,2,1,1,0,0
0,30,7,1,1,0,41.8,1,0,1,0,0
1,29,5,4,1,1,44.03,6,0,0,0,0
4,28,11,1,0,0,84.54,2,0,1,0,1
2,17,10,2,1,0,22.88,3,1,0,0,0
4,20,12,5,0,0,21.62,3,1,1,0,0
0,23,10,2,1,0,17.99,4,1,0,0,0
0,18,9,1,1,0,17.54,1,1,0,0,0
6,18,2,5,0,1,41.92,3,1,0,0,0
1,24,11,3,1,1,90.38,10,0,1,0,0
10,31,6,5,0,0,235.43,5,1,1,0,0
4,47,6,4,1,0,41.25,10,0,1,1,0
4,34,8,3,1,0,32.75,9,0,0,0,0
4,23,8,2,0,1,52.04,5,0,0,0,1
7,29,8,3,1,1,128.81,4,0,0,0,0
4,49,1,3,1,0,2.33,4,0,0,0,0
0,20,9,2,1,1,16.44,2,0,0,0,0
6,28,8,5,1,1,100.95,7,1,0,0,1
1,21,4,5,1,1,23.86,5,1,0,0,0
0,58,2,4,0,1,589.71,4,0,0,0,0
7,17,3,2,1,0,56.32,4,1,0,1,0
2,21,3,5,0,0,41.83,2,1,0,0,0
7,22,10,1,0,0,71.42,0,1,1,0,0
5,27,6,4,0,1,67.26,2,0,1,0,0
6,32,5,5,1,0,59.63,3,1,1,0,0
4,34,10,5,1,0,124.19,7,1,1,0,1
0,28,1,3,1,1,20.47,8,1,0,0,0
0,21,12,2,1,1,41.04,2,0,0,0,0
0,44,8,3,0,0,194.73,8,1,1,0,0
6,22,5,3,1,1,57.65,2,0,0,0,0
6,26,3,3,1,1,84.51,8,1,0,0,1
2,26,8,2,1,1,96.8,5,1,1,0,0
5,39,2,2,0,1,40.79,9,1,0,0,1
7,22,10,5,0,0,87.96,11,0,0,0,0
1,48,12,3,0,1,241.92,6,0,1,0,0
10,27,8,5,0,1,6.64,2,1,1,0,0
3,18,6,4,1,1,23.43,6,1,0,0,0
11,30,7,3,1,1,25.74,4,0,1,0,1
5,33,1,5,1,0,78.59,6,1,0,1,0
3,47,7,2,0,0,455.81,1,0,0,0,0
7,32,7,5,0,0,213.92,9,0,0,0,0
11,30,1,4,0,0,309.81,2,1,0,0,1
0,54,7,5,1,1,249.73,2,1,1,1,0
5,39,11,3,0,0,301.67,10,0,0,0,0
0,34,5,1,1,1,68.56,2,1,1,0,0
8,19,5,3,1,0,82.31,5,0,0,0,1
8,23,9,2,0,1,80.43,8,1,1,1,0
6,23,11,5,0,1,53.58,2,1,1,0,0
0,20,10,2,1,0,59.76,3,0,1,0,0
1,35,9,1,1,0,95.25,8,1,0,0,0
5,29,11,2,0,1,83.59,10,1,0,0,0
0,35,7,1,1,1,62.21,5,1,0,0,0
2,39,12,3,0,0,165.57,11,0,1,0,0
0,17,12,2,1,1,12.5,2,0,0,0,0
1,20,4,1,1,0,25.17,4,0,0,0,0
6,25,10,3,0,1,80.85,5,0,0,0,1
4,45,6,4,0,0,439.62,4,0,0,0,0
1,23,1,5,1,0,33.02,5,0,0,0,0
1,47,10,3,0,0,285.05,10,0,1,0,0
9,19,1,1,1,1,75.09,4,1,0,0,0
0,31,3,3,1,1,35.65,0,1,1,0,0
2,23,5,4,1,0,32.06,8,0,1,0,0
0,18,2,3,0,0,19.91,2,1,1,0,0
0,19,8,1,0,0,21.81,1,1,1,0,0
2,21,5,5,0,0,41.83,2,0,0,0,0
0,42,1,3,0,1,16.28,10,0,0,0,0
18,30,8,1,0,0,612.74,10,1,1,0,0
2,35,4,4,1,0,92.49,4,1,1,0,0
1,29,6,2,1,0,68.16,3,1,0,0,0
8,39,4,1,0,0,73.86,0,0,0,0,0
0,31,2,2,1,1,35.65,9,0,1,0,0
5,23,9,5,1,1,52.75,5,0,0,0,0
2,20,12,2,0,1,17.24,9,1,0,0,1
8,52,9,4,0,0,1240.6,7,0,1,1,0
1,42,2,4,0,0,31.38,2,0,0,0,0
6,24,1,1,0,0,75.05,8,0,1,0,0
2,21,1,2,1,1,25.75,3,0,0,0,0
6,27,3,3,1,1,73.26,6,1,1,0,0
2,22,7,2,0,1,41.36,9,0,0,1,0
3,38,8,4,1,1,54.81,3,0,1,0,1
6,19,1,1,0,1,47.31,1,1,1,0,1
0,25,3,4,1,1,67.3,8,0,0,1,0
8,34,2,4,1,0,248.09,1,1,1,0,0
4,49,6,4,1,0,442.19,4,1,1,0,1
2,19,9,5,0,1,27.25,1,0,0,0,0
2,37,12,2,1,1,87.9,3,0,1,0,1
0,43,9,2,1,1,100.62,7,0,1,1,0
7,35,12,3,0,0,96.42,9,1,1,0,0
5,45,12,4,0,0,512.88,4,1,0,0,1
0,24,12,1,0,1,32.99,1,0,0,0,0
5,17,10,2,0,1,33.57,6,1,0,0,0
1,28,6,1,1,1,40.55,0,1,0,1,0
4,24,9,4,0,0,72.89,4,0,0,0,1
6,21,7,3,0,1,44.73,2,1,1,0,0
7,30,10,2,1,1,114.23,7,0,1,0,0
0,32,1,1,1,1,79.96,5,0,0,0,0
7,25,3,4,1,0,57.88,6,0,0,0,0
6,18,5,5,0,0,50.38,4,0,1,1,0
6,40,3,1,0,1,243.09,1,0,1,0,1
0,39,11,4,0,0,157.05,1,0,0,0,0
6,21,4,4,0,0,96.86,3,1,0,0,0
6,22,12,4,0,1,48.96,2,1,1,0,0
5,32,2,3,0,0,168.7,0,1,0,0,1
1,47,10,4,0,1,274.23,1,0,0,0,0
2,29,7,1,0,0,85.57,9,0,0,0,0
4,40,11,4,0,1,225.21,2,0,0,0,0
0,48,4,4,1,0,194.4,1,0,1,0,0
2,40,2,4,0,1,94.19,6,0,0,1,0
2,32,9,5,1,1,73.03,8,0,0,0,0
0,32,2,3,1,1,38.91,13,1,1,0,0
0,33,1,2,1,1,27.71,1,1,0,0,0
8,23,12,4,1,1,92.38,2,1,0,0,1
0,49,9,2,1,1,79.05,6,0,1,0,1
0,33,2,2,1,1,52.61,9,0,0,1,0
2,20,1,1,1,1,19.09,6,1,1,0,0
1,57,10,2,1,1,380.34,2,1,1,1,0
9,18,2,5,0,0,66,6,1,1,0,1
9,50,2,2,0,0,1278.28,4,1,0,0,0
3,26,1,3,1,0,61.78,1,1,0,0,0
0,29,4,4,1,1,29.9,1,1,1,0,0
2,23,2,4,0,0,15.76,7,0,0,1,0
4,20,2,2,0,1,44.8,6,0,0,1,0
0,28,10,1,0,0,60.33,1,0,0,0,0
4,40,10,3,0,1,260.38,5,1,0,1,0
6,20,4,4,0,1,58.16,5,0,0,1,0
1,34,3,4,1,0,70.91,7,1,1,0,0
2,33,11,4,1,1,74.79,10,1,0,0,0
16,28,11,4,0,0,498.77,3,0,0,0,1
10,26,1,1,0,1,14.5,2,0,1,0,1
12,19,9,1,1,0,69.7,6,1,1,0,0
9,18,7,2,0,1,63.5,5,1,0,0,1
12,23,5,5,1,0,61.89,4,0,0,0,0
0,24,12,5,0,1,26.78,4,1,1,0,0
5,19,3,4,1,0,9.6,11,1,1,1,0
5,30,6,1,0,1,108,2,1,0,0,0
0,32,5,5,0,1,68.6,7,1,0,0,1
2,26,11,3,1,1,61,4,0,0,0,1
1,36,2,1,0,0,138.33,1,1,0,0,0
2,30,6,3,1,0,73.63,14,0,0,0,0
6,48,11,2,0,0,46.93,1,1,0,0,1
2,21,6,2,0,1,26.53,4,1,1,0,0
0,31,6,4,1,1,43.91,5,0,0,0,0
6,41,10,2,0,0,407.52,9,1,0,0,0
0,35,5,1,1,0,64.67,1,1,1,0,0
3,22,5,5,0,0,52.18,1,1,0,0,0
1,20,5,3,0,1,30.28,8,1,0,1,0
0,26,6,5,1,0,14.36,5,0,0,0,0
6,18,8,4,0,1,41.92,13,0,0,0,0
4,36,6,5,1,0,177.61,4,0,0,0,0
10,21,1,3,1,1,107.71,1,0,0,0,0
8,50,5,4,0,1,822.66,11,0,1,1,0
0,37,3,2,1,1,73.93,5,1,0,0,0
0,27,11,3,1,1,25.04,5,1,1,0,0
4,26,10,4,1,0,25.85,0,0,0,0,0
6,18,10,1,0,1,48.47,6,1,0,1,0
0,37,12,2,1,1,73.93,0,0,0,0,0
5,19,10,3,0,0,41.9,8,0,1,0,0
0,22,7,1,1,1,85.5,8,1,1,0,0
7,19,3,5,0,0,66.44,2,0,1,0,0
4,29,10,5,1,0,98.72,1,0,0,0,1
4,23,12,5,0,0,52.83,9,1,1,0,0
0,18,6,1,0,1,15.55,11,0,1,0,0
8,24,10,5,0,0,120,1,0,0,0,0
0,26,3,4,0,1,45.61,3,0,0,1,0
10,21,12,3,1,0,137.89,2,0,0,0,0
8,19,8,4,1,0,80.39,3,0,0,0,0
1,62,4,2,1,0,81.14,1,1,1,0,1
4,24,5,1,1,0,61.78,4,0,0,0,0
3,29,1,3,1,1,77.5,8,0,1,0,0
0,28,11,4,1,1,33.7,3,1,0,0,0
8,39,12,4,1,1,375.87,2,1,0,0,1
5,47,4,4,1,0,96.59,0,1,1,0,0
10,25,8,4,1,0,52.88,4,0,0,1,0
6,52,4,1,0,1,65.2,1,1,0,0,0
4,22,9,1,0,0,1.08,2,1,1,0,0
0,21,5,2,1,1,14.62,4,1,1,0,0
5,56,8,1,0,0,17.21,5,0,0,0,0
4,18,4,3,1,0,29.13,6,1,1,0,0
6,37,4,3,0,0,289.61,2,0,0,0,0
0,50,1,2,0,1,315.74,5,1,0,0,1
0,20,5,2,1,1,74.57,8,0,0,0,0
0,21,1,2,0,1,20.44,5,1,1,0,0
1,40,3,2,1,1,114.96,0,0,0,1,0
5,19,10,3,1,0,47,2,1,0,0,0
6,51,1,5,1,1,700.39,9,0,0,0,0
3,28,12,2,1,0,3.13,13,1,0,1,0
13,20,1,4,0,1,125.46,14,0,0,0,0
0,35,4,5,0,0,90.42,10,1,1,0,0
13,31,4,2,1,0,84.87,1,1,1,0,0
9,17,4,3,0,0,58.82,1,0,1,0,0
4,24,8,1,1,0,62.15,11,0,0,1,0
3,31,2,3,1,1,75.09,6,0,0,0,0
3,17,1,5,0,0,38.27,4,0,0,1,0
0,20,2,4,0,1,71.82,13,0,1,0,0
5,33,9,4,1,1,106.35,2,0,1,0,1
3,21,6,5,1,1,98.87,2,0,1,0,0
9,28,11,2,0,0,162.39,2,0,1,0,1
1,27,8,5,0,1,50.31,1,1,0,0,1
7,57,10,4,1,1,1362.08,3,1,0,0,0
14,17,1,2,0,0,115.68,2,1,1,0,1
2,19,3,5,1,0,22.31,10,1,1,0,0
4,19,1,2,1,1,30.7,5,1,0,0,0
6,24,2,3,0,0,92.43,11,1,0,0,0
6,20,12,5,1,0,61.56,5,0,0,0,0
7,25,12,4,1,1,92.43,7,1,0,0,1
0,25,5,2,1,1,83.19,2,1,0,0,0
3,27,1,2,1,0,16.44,5,0,0,0,0
9,48,4,1,0,1,866.87,4,1,0,0,1
0,37,4,2,0,1,83.93,7,0,1,0,0
6,23,8,5,1,0,44.16,7,1,0,0,0
6,49,7,2,0,0,795.74,1,0,0,0,0
4,31,6,3,0,0,132.47,2,1,0,0,0
0,47,12,2,0,0,250.17,5,1,1,0,0
4,18,11,5,0,1,27.86,3,1,1,0,0
13,23,5,5,1,1,33.49,5,1,0,0,1
3,22,1,3,0,0,42.37,1,1,1,0,0
12,23,11,5,1,0,5.61,8,0,0,0,1
6,33,7,4,1,0,197.02,4,1,0,1,0
6,19,11,2,1,0,34.72,6,0,0,0,0
3,23,8,4,1,0,51.18,0,1,0,0,0
0,37,4,2,1,0,11.11,1,0,0,0,0
10,29,11,1,0,0,243.15,2,0,0,0,0
0,25,2,1,1,1,1.8,12,1,1,0,0
0,18,9,3,1,1,11.12,6,1,1,0,0
0,39,10,1,1,1,87.75,6,0,0,0,0
6,18,6,2,0,0,43.57,0,0,1,0,0
2,23,11,2,1,1,25.19,11,1,1,1,0
5,35,10,2,1,1,43.21,3,1,0,0,1
8,24,11,5,0,0,99.76,8,1,1,0,1
8,28,11,2,0,1,133.91,0,0,0,0,0
11,43,8,2,1,0,1135.24,1,1,0,1,0
1,41,6,5,1,1,103.42,9,0,1,0,1
0,19,4,1,0,1,21.49,11,0,0,0,1
2,39,4,3,0,1,129.33,0,1,1,0,0
1,32,7,2,0,0,97.74,9,1,0,0,0
6,50,1,2,0,0,701.57,3,1,1,0,0
2,21,11,1,0,1,26.53,2,0,1,0,0
6,38,7,1,1,1,69.26,7,1,1,0,0
4,39,2,2,0,1,167.92,3,0,1,0,0
0,55,5,5,0,0,593.29,0,0,0,0,0
0,35,1,4,1,0,79.64,6,1,0,0,0
0,23,3,3,0,0,38.6,0,1,0,0,0
10,32,2,4,0,1,247.22,0,0,0,0,0
6,25,4,4,1,0,28.7,4,1,1,0,0
5,52,10,3,0,0,742.62,0,0,1,0,1
8,18,8,4,0,0,69.68,4,1,0,0,0
7,20,9,4,1,1,13.36,3,0,0,0,0
3,28,9,5,0,0,72.47,2,0,1,0,0
3,55,6,2,1,0,64.95,1,1,0,0,1
3,23,11,2,1,1,37.11,5,1,0,1,0
8,42,9,2,0,0,665.78,4,0,0,1,0
6,21,10,1,1,0,67.41,9,1,0,0,0
6,29,2,2,0,1,115.36,7,0,0,0,1
16,22,1,3,0,0,231.26,14,0,1,0,0
5,25,3,2,1,1,63.12,7,1,0,0,0
5,32,12,2,1,0,150.07,1,1,0,0,0
4,27,6,5,0,1,59.02,5,1,1,0,0
10,24,6,1,0,0,126.51,3,1,1,0,0
5,31,7,1,0,1,117.91,6,1,0,0,0
3,26,2,5,0,1,58.36,2,1,0,0,0
5,41,1,3,1,1,45.96,2,1,0,0,0
9,22,11,3,0,0,116.93,10,0,0,0,1
3,27,3,1,1,0,67.53,6,1,0,0,0
2,25,10,3,0,0,59.97,11,0,0,0,0
3,30,3,4,0,0,123.11,4,1,0,1,0
2,19,12,5,1,1,17.43,10,0,1,0,0
1,22,12,4,0,1,29.47,2,1,1,1,0
6,44,7,2,0,0,524.9,2,0,0,0,0
5,17,6,3,1,1,36.18,9,0,0,0,0
3,28,6,3,1,1,46.81,0,1,1,0,0
6,33,4,2,0,1,133.04,6,1,1,0,1
3,21,6,3,0,0,43.49,5,0,0,0,0
8,22,5,5,0,0,100.23,10,1,0,0,0
2,37,2,1,0,1,88.19,2,0,1,0,0
0,31,2,4,1,1,36.5,3,1,1,0,1
12,19,11,2,0,0,128.69,11,1,0,0,0
0,36,1,3,1,1,67.83,9,0,0,0,0
2,18,5,1,1,0,57.26,1,1,0,0,0
1,31,1,1,1,0,35.7,3,1,0,0,0
0,26,8,3,0,1,67.32,6,0,0,0,0
1,35,4,2,1,0,73.57,7,0,1,0,0
12,45,6,5,0,0,56.22,11,1,1,0,1
13,20,6,2,0,1,101.87,10,1,1,0,0
5,24,5,2,1,0,12.77,12,1,0,1,0
7,29,11,4,0,1,104.25,1,0,1,0,0
9,21,10,5,0,0,58.53,5,1,1,1,0
5,21,11,4,0,1,48.34,1,1,0,0,0
7,44,3,4,1,0,600.08,11,1,0,0,0
3,17,4,4,1,1,21.38,8,0,0,0,0
6,27,1,2,1,0,72.68,3,0,0,0,1
5,22,11,1,1,1,15.01,0,1,0,0,0
9,26,4,5,1,0,180.73,1,1,0,0,0
7,18,1,5,1,1,38.91,3,1,1,0,0
6,46,11,3,1,0,484.53,11,1,1,1,0
2,20,3,4,0,1,28.02,4,1,1,1,0
1,43,7,2,1,0,31.19,3,1,1,0,1
2,24,3,4,1,1,28.45,5,1,0,0,1
4,41,11,1,0,0,313.87,3,1,0,0,0
3,32,8,5,1,1,81.97,1,1,0,0,0
9,31,3,5,0,0,3.68,1,1,0,0,0
1,48,8,3,1,0,286.32,8,1,0,0,0
0,22,5,5,0,0,35.27,4,1,0,0,0
2,20,10,1,1,1,15.1,3,1,0,0,0
8,18,6,1,1,0,73.37,8,1,0,0,0
8,29,12,4,0,0,152.06,2,0,1,0,0
1,29,12,2,0,1,47.63,3,1,1,0,0
1,27,2,1,0,0,72.73,8,1,0,1,0
0,45,1,3,1,1,118.31,4,0,1,0,0
6,52,12,1,1,1,83.58,2,1,0,0,0
12,49,4,3,0,0,98.45,6,0,0,1,0
5,20,8,2,1,1,40.46,1,1,0,1,0
8,17,7,5,1,1,42.46,6,0,1,0,0
4,24,7,1,1,0,62.15,0,1,0,1,0
5,24,11,4,0,0,93.78,1,1,0,1,0
11,26,4,1,0,1,134.66,6,1,1,0,0
6,37,10,4,1,0,226.15,13,0,1,1,0
5,38,2,1,1,1,197.04,3,0,0,0,0
10,20,7,4,1,0,6.52,2,1,0,0,1
6,18,10,3,0,0,53.66,1,1,0,0,0
0,63,12,5,1,1,508.74,8,1,1,0,0
6,17,9,2,0,1,38.25,8,1,0,0,0
6,22,4,3,0,0,77.2,0,1,0,0,0
6,18,9,5,0,0,43.57,8,1,1,0,0
14,22,5,3,1,0,308.75,7,1,0,0,0
2,46,6,3,1,0,289.99,4,1,0,0,0
4,45,11,1,1,1,55.8,14,0,0,0,0
3,37,1,5,0,1,124.16,5,1,1,0,0
0,42,9,4,1,1,94.12,1,1,1,0,1
0,41,3,5,1,1,84.47,8,0,1,0,0
1,21,12,2,1,0,27.56,1,0,0,0,0
9,20,10,2,1,0,105.3,10,1,0,0,0
0,22,12,1,1,1,16,8,1,1,0,0
3,42,11,4,0,0,346.61,7,1,0,1,0
8,37,7,2,1,0,5.41,2,1,0,1,0
12,30,12,5,0,0,344.79,3,0,0,0,0
4,17,4,3,0,0,37.71,2,1,0,0,0
2,29,12,2,0,0,85.57,1,1,0,0,0
11,19,3,3,1,0,111.64,7,1,1,0,0
6,24,8,5,1,0,88.36,6,1,0,0,0
4,33,3,5,0,1,123.25,4,0,0,0,0
6,22,3,5,0,1,48.96,1,1,1,0,0
4,25,2,3,1,0,74.02,0,0,0,0,0
0,23,11,3,0,0,38.6,5,0,0,0,0
2,28,5,5,0,1,67.57,8,0,0,1,0
9,34,12,5,0,1,209.7,7,1,1,0,0
2,29,2,4,1,0,56.04,8,1,1,0,1
2,36,2,1,1,0,124.18,0,1,0,0,0
1,25,5,5,1,0,32.08,4,1,1,0,0
6,25,1,5,0,0,116.88,1,1,0,1,0
6,22,1,2,0,1,61.74,4,0,0,0,1
3,44,7,4,0,0,67.71,6,1,0,0,0
2,23,7,5,0,0,50.12,6,1,0,0,0
6,33,11,3,0,1,160.03,9,0,0,0,0
0,42,7,4,1,0,30.43,4,0,0,0,0
0,17,6,1,1,0,16,2,0,0,0,0
8,44,11,1,0,0,566.57,3,1,1,0,1
0,40,5,1,1,1,77.59,7,1,1,0,0
0,38,8,3,1,1,57.95,2,0,0,0,0
4,18,12,4,1,1,28.19,5,1,0,1,0
0,41,2,5,1,1,104.03,3,0,0,0,0
12,25,7,2,0,1,62.49,3,1,0,1,0
10,20,9,5,0,0,101.92,11,0,1,1,0
4,22,2,3,0,1,46.44,4,1,0,0,0
9,32,10,2,0,1,216.96,2,0,0,0,0
8,34,4,2,0,1,226.65,4,1,0,0,0
6,29,8,5,1,1,110.28,8,1,0,0,1
4,33,1,5,0,1,123.25,2,1,0,0,0
3,52,2,5,0,1,621.35,3,1,0,1,0
9,18,12,5,1,1,56.98,0,0,1,0,1
4,26,8,4,0,0,69.13,12,0,1,0,0
1,17,6,4,0,1,19.91,9,1,0,0,0
0,40,8,3,0,1,133.6,2,0,0,0,0
0,20,2,2,1,1,31.7,8,1,0,0,0
2,29,10,1,0,1,68.44,12,1,0,0,1
0,39,1,4,1,1,88.27,2,0,0,1,0
0,46,3,4,0,1,221.45,12,1,0,0,0
7,26,12,1,1,0,126.37,13,1,0,0,0
5,23,5,1,1,0,54.83,11,1,1,0,0
1,29,12,1,0,1,58.66,8,1,0,0,0
4,19,5,2,0,1,28.72,1,0,1,0,0
0,42,11,1,1,1,45.98,1,1,0,0,0
12,21,8,3,1,0,198.4,4,0,0,1,0
1,32,6,3,1,0,59.57,11,0,1,0,0
0,18,12,5,0,0,24.52,0,1,0,0,0
0,22,1,5,1,1,16,3,1,1,0,0
13,27,6,3,0,0,348.38,3,0,0,1,0
1,24,7,5,1,1,66.81,0,1,0,1,0
6,29,3,4,1,1,87.46,2,1,1,0,0
0,55,11,3,1,1,331.47,12,1,0,0,0
4,29,9,4,0,0,42.43,6,0,1,0,0
3,20,9,4,0,1,34,8,0,0,0,0
2,17,5,2,1,1,17.88,4,0,0,0,0
0,25,3,1,1,1,25.96,9,0,0,1,0
2,21,2,4,1,0,32.96,13,0,0,0,0
7,20,2,1,1,0,12.79,5,1,1,0,0
12,35,3,2,0,0,42.22,0,0,0,0,0
0,28,10,2,1,0,43.15,4,0,0,0,0
5,26,10,5,1,1,69.02,5,1,0,0,0
5,17,2,4,1,1,31.3,8,0,0,0,1
14,20,7,5,0,0,152.14,1,0,1,0,1
3,24,1,5,0,0,62.47,1,1,0,0,0
0,18,3,3,1,1,13.7,2,0,0,0,0
4,28,4,3,0,0,117.57,3,0,0,1,0
7,31,2,5,1,1,84.99,11,0,0,1,0
0,41,9,3,0,0,186.19,1,1,0,0,0
7,35,11,5,1,0,32.31,3,0,0,0,0
4,36,5,2,1,1,138.74,2,0,0,0,0
9,22,3,4,0,0,114.21,6,1,0,0,0
9,19,9,2,1,1,76.89,9,1,0,0,1
8,33,3,2,1,1,88.23,8,0,1,1,0
2,34,4,5,0,0,107.64,5,0,1,0,0
0,31,2,5,1,1,43.91,3,0,0,0,0
0,18,3,1,0,0,24.52,2,1,0,0,0
5,26,7,1,0,0,97.01,10,0,0,0,0
8,60,5,5,1,0,2712.02,10,1,0,0,1
6,34,1,2,1,0,173.47,11,0,1,0,0
1,35,11,1,1,0,24.4,3,0,1,1,0
0,28,8,3,1,1,85.6,1,0,0,0,0
2,22,8,5,0,1,33.58,3,0,1,1,0
0,30,10,1,1,1,32.65,7,0,1,0,0
4,18,6,2,0,1,33.06,1,1,0,0,1
3,30,5,4,0,0,86.46,6,0,1,0,0
12,31,5,1,0,1,86.79,2,0,0,0,0
1,21,12,2,0,1,28.68,2,1,0,0,0
3,26,7,4,0,0,74.71,2,1,0,0,0
8,35,11,3,1,1,67.46,0,1,1,0,0
4,27,6,2,0,1,59.02,2,1,1,0,0
13,26,4,2,0,0,54.35,4,0,0,0,1
12,19,4,1,0,0,128.69,6,1,0,0,0
2,17,10,4,0,1,23.23,6,0,0,0,1
2,25,9,5,1,0,91.36,9,0,0,0,0
8,38,6,3,0,1,320.04,7,1,0,0,0
4,30,11,2,0,1,94.78,0,0,0,0,0
5,27,1,3,1,0,96.58,8,0,0,0,0
2,23,2,1,0,1,39.15,2,0,0,0,0
6,37,7,2,0,1,183.69,4,0,1,0,0
5,36,6,2,1,0,31.49,6,0,1,0,0
6,28,7,4,0,0,83.28,9,1,0,0,1
0,22,12,4,0,1,28.21,3,1,0,0,1
2,29,4,1,0,1,54.27,0,0,1,0,0
7,37,4,1,1,0,45.47,0,1,1,0,1
11,29,12,2,1,0,345.35,4,1,0,0,1
5,23,1,5,0,1,54.37,1,1,1,1,0
1,29,2,3,1,1,7.47,7,1,1,0,1
1,46,1,2,0,0,373.48,5,1,0,1,0
0,18,12,3,1,1,13.7,8,1,0,0,0
4,33,1,3,1,0,140.2,6,0,0,0,1
5,23,5,1,0,0,60.2,0,1,1,0,0
6,53,4,2,1,1,673.57,7,1,1,1,0
0,37,4,4,1,1,73.93,3,1,0,0,0
3,19,7,5,0,1,23.96,7,1,0,0,0
6,25,11,4,1,0,64.42,3,1,0,0,0
0,20,8,2,1,1,81.73,1,1,1,0,1
3,37,2,4,1,0,131.43,10,1,1,0,0
7,21,6,4,0,0,82.27,1,0,0,0,1
4,29,7,1,0,1,13.82,14,1,0,0,0
1,29,5,5,1,0,84.72,8,1,0,0,0
0,19,4,2,1,1,12.19,4,0,1,0,0
10,20,8,5,0,0,94.89,3,1,0,0,0
3,25,12,5,1,1,44.4,2,0,0,1,0
5,28,6,3,0,1,90.51,4,0,0,0,0
5,36,11,4,0,0,233.19,2,1,0,0,0
4,21,7,1,0,1,60.29,0,1,1,0,0
4,26,2,5,0,1,66.5,1,0,0,0,0
6,19,6,3,0,0,66.61,8,0,0,1,0
6,19,10,1,0,0,47.74,7,0,1,0,0
0,45,2,1,1,0,190.98,7,1,0,0,1
0,26,12,1,1,0,29.33,6,1,1,0,0
0,36,6,5,1,0,70.5,3,1,1,0,0
0,50,3,5,1,0,66.34,4,0,1,0,1
9,40,1,1,0,0,553.79,8,1,0,0,0
6,39,5,5,1,0,330.58,8,0,0,1,0
4,39,8,3,1,1,180.56,1,1,0,1,0
5,31,12,4,0,1,117.91,9,1,0,0,0
5,28,7,1,0,1,92.68,1,1,0,0,1
8,21,7,5,1,1,75.31,1,0,0,0,0
3,38,6,2,1,0,176.37,11,0,0,0,0
9,37,12,3,0,1,334.68,5,0,0,0,0
0,19,12,5,1,1,71.08,1,1,0,0,0
6,35,9,2,0,1,96.42,3,1,1,1,0
0,63,12,1,1,1,520.89,0,0,1,0,1
12,21,9,3,0,0,158.03,3,0,0,0,1
8,42,10,1,1,0,23.54,4,1,0,0,0
6,23,9,3,1,0,79.56,1,0,0,0,0
10,21,5,2,1,0,114.63,2,0,1,0,1
6,18,1,4,1,1,40.31,3,1,0,1,0
6,21,5,2,1,1,52.66,1,0,0,0,0
1,20,9,2,0,0,31.47,8,1,1,1,0
8,19,2,1,0,0,54.17,12,1,1,0,1
6,21,4,5,0,1,44.73,9,1,1,0,0
0,43,8,1,1,0,157.7,4,0,0,0,0
0,27,5,5,0,1,43.12,1,0,0,0,0
6,19,1,2,0,1,45.93,10,0,0,0,0
7,31,12,4,1,0,163.47,11,1,1,0,1
0,17,7,2,0,1,14.19,1,0,1,0,0
1,17,8,2,0,1,19.91,3,0,0,0,0
8,26,11,3,1,1,118.76,9,1,0,1,0
0,36,12,3,1,1,22.58,0,0,1,0,0
6,17,5,1,1,0,47.93,4,1,0,0,1
14,19,6,4,0,0,167.08,8,1,0,0,0
2,27,11,3,1,1,44.11,1,0,0,0,0
0,17,10,3,1,1,12.5,8,0,0,0,0
5,44,12,2,0,1,359.84,0,1,0,0,0
3,29,8,1,1,1,62.98,9,1,0,0,0
0,19,1,4,0,1,20.98,13,1,0,0,0
8,22,2,4,1,1,84.41,6,1,0,0,1
1,26,12,5,1,0,40.35,0,1,0,0,0
11,32,3,3,1,1,342.93,3,0,0,0,0
6,20,10,4,0,0,74.46,7,1,0,1,0
0,26,9,4,0,1,39.45,5,0,0,0,0
7,50,11,2,0,0,924.25,1,1,1,1,0
7,21,10,1,1,0,80.62,4,1,0,0,0
0,42,12,2,1,1,98.11,1,1,1,1,0
6,17,4,3,0,1,44.22,3,0,0,1,0
11,31,11,5,0,1,209.55,4,0,1,0,0
0,38,10,4,0,1,91.45,6,0,1,0,0
4,25,2,3,1,1,43.88,9,0,1,0,1
9,49,12,2,0,0,1177.24,14,1,0,0,0
10,41,7,4,0,0,557.8,3,0,1,0,0
0,33,10,2,1,1,52.29,4,0,0,0,0
6,28,3,5,0,1,33.91,7,1,1,1,0
11,38,9,1,0,0,700.79,11,0,0,1,0
1,21,3,1,0,0,42.45,9,1,0,1,0
14,38,10,3,0,1,717.2,2,1,0,0,1
9,24,12,3,0,0,140,12,0,0,0,1
8,44,10,3,0,1,532.36,2,1,0,0,0
11,44,2,3,0,0,818.66,7,1,1,0,0
8,44,5,5,0,0,681.51,3,0,0,0,0
0,27,11,1,0,1,35.01,4,1,1,0,0
6,18,11,3,1,0,40.37,6,0,0,0,0
12,20,5,5,0,0,140.95,4,1,0,0,0
14,44,11,5,1,0,1704.61,6,1,1,0,0
8,29,2,2,0,0,187.28,3,1,0,0,0
0,24,10,5,1,0,98.24,2,1,0,0,1
10,29,3,3,1,0,229.01,8,1,1,0,0
5,31,2,4,0,0,27.02,0,0,0,0,0
3,48,9,3,1,1,259.72,4,1,1,0,0
0,31,6,1,1,0,56.21,2,0,0,0,0
9,33,2,5,1,0,273.61,2,0,1,1,0
3,43,8,1,1,1,211.96,0,1,0,1,0
1,46,7,3,1,0,42.68,1,0,0,1,0
0,20,6,2,0,1,19.11,1,1,1,0,1
1,62,11,5,1,1,709.21,4,1,0,0,1
0,32,1,2,1,0,61.35,6,0,0,0,0
9,25,12,2,1,0,169.23,10,1,0,0,1
5,24,4,3,1,0,59.99,2,0,1,0,0
0,35,5,1,1,1,62.21,8,1,0,0,0
12,18,6,4,1,1,117.23,1,0,0,0,0
6,38,10,5,1,0,244.94,5,1,1,0,0
4,29,7,2,0,0,111.1,0,0,0,0,0
6,41,6,3,0,1,318.33,0,1,0,0,0
2,24,3,3,1,0,43.2,6,0,0,0,0
7,47,12,4,1,1,605.83,2,0,0,1,0
12,25,2,4,0,0,179.65,3,1,1,0,0
0,61,2,2,0,1,766.28,4,0,0,0,1
4,18,11,1,1,0,29.3,10,1,1,1,0
2,34,2,1,1,0,105.08,0,0,0,1,0
4,21,2,3,0,0,54.31,7,1,0,0,0
0,32,10,3,1,1,38.91,0,1,1,0,0
3,48,9,2,0,1,386.84,9,0,0,0,0
1,20,5,2,1,1,19.66,1,1,0,0,0
0,28,5,5,1,1,33.7,9,1,0,0,0
0,28,3,2,0,1,38.26,3,1,1,0,0
8,22,11,2,1,0,85.7,2,1,1,0,0
5,26,12,3,0,1,75.78,11,0,0,0,0
2,36,9,3,1,0,101.44,1,1,1,1,0
3,21,12,4,0,0,47.67,0,1,0,0,0
0,23,12,5,0,1,25.07,9,0,1,0,1
0,25,7,3,1,0,26.82,9,0,1,0,0
4,20,10,2,0,0,40.28,11,0,1,0,0
0,32,10,1,1,1,73.55,1,1,0,0,0
2,47,10,5,1,1,199.89,6,1,1,0,0
12,18,12,2,0,1,93.94,2,1,0,0,1
2,51,3,3,1,0,440.99,10,0,0,1,0
6,38,9,5,1,0,56.19,6,0,1,1,0
0,25,12,3,1,1,71.34,2,0,0,0,0
8,41,12,1,0,1,335.59,10,1,1,0,0
0,53,2,2,0,0,504.52,10,0,0,0,0
12,33,6,3,1,1,28.19,12,1,0,0,0
9,26,11,3,0,1,35.35,0,0,0,0,0
9,29,7,5,0,0,213.39,0,1,0,0,0
0,33,4,1,1,1,42.46,6,1,1,0,0
4,20,4,2,1,0,43.05,3,0,0,0,0
12,35,4,1,0,0,433.12,1,0,1,0,0
4,35,10,2,0,1,169.53,5,1,0,1,0
8,27,9,2,1,1,88.35,2,1,0,0,1
4,38,5,5,0,1,154.16,3,1,1,0,0
6,36,6,4,0,0,215.75,1,1,1,0,0
1,20,5,1,1,1,15.96,10,1,1,0,0
2,43,12,1,0,1,223.62,2,0,0,0,0
0,22,8,4,0,1,28.21,2,0,0,0,1
10,18,3,5,0,1,62.77,4,0,0,1,0
5,28,5,1,1,1,82.44,4,1,0,0,0
6,43,5,2,0,1,306.08,1,1,1,0,0
0,35,9,1,1,0,64.67,6,1,1,0,0
7,37,5,5,1,0,71.57,1,0,0,0,0
2,25,3,5,1,1,36.91,3,1,0,0,0
0,36,5,4,0,1,94.83,1,0,0,0,0
1,28,5,1,0,0,64.53,8,0,1,1,0
8,24,6,3,1,0,105.05,7,1,1,0,1
6,43,10,2,0,0,482.57,1,0,0,0,0
1,43,2,3,1,1,60.09,0,0,0,0,0
5,46,5,5,0,1,425.37,12,1,0,0,0
2,24,5,4,0,1,93.71,6,0,1,0,0
0,24,8,1,1,1,19.16,8,0,1,0,0
0,50,9,2,0,1,308.38,9,1,0,0,0
2,30,9,1,1,0,25.84,8,1,0,0,0
0,29,3,4,0,0,61.87,10,0,1,1,0
0,49,8,4,0,1,284,5,0,0,0,0
7,31,10,4,1,0,197.82,9,1,0,1,0
0,21,5,4,1,1,14.97,1,0,1,0,1
0,26,2,3,1,1,11.04,1,1,1,0,0
0,40,9,4,0,0,138.87,5,0,1,0,0
6,32,2,3,0,1,150.15,2,1,0,0,1
4,34,1,4,1,0,150.28,0,0,0,1,0
12,18,5,4,0,1,91.75,11,1,0,0,0
4,29,6,3,0,0,90.21,3,1,1,0,0
4,33,3,3,0,1,123.25,3,0,0,0,0
7,19,4,4,1,1,43.65,4,0,1,0,1
3,42,8,1,0,0,299.8,4,1,0,0,0
0,39,5,4,1,1,71.68,5,0,1,1,0
5,33,12,2,0,0,207.86,5,1,0,1,0
3,25,7,1,0,1,9.9,10,1,1,0,0
2,23,8,4,0,1,31.79,5,0,1,0,0
2,26,1,3,1,0,88.19,2,1,0,0,0
5,40,4,3,0,1,256.62,1,1,0,0,0
7,28,2,1,0,1,117.52,2,1,0,0,0
6,21,6,5,1,0,67.41,3,1,0,0,0
7,22,6,2,0,1,73.1,3,0,0,0,1
0,35,12,2,1,1,62.59,2,0,0,1,0
5,26,10,1,1,0,88.36,7,1,0,0,0
0,40,2,1,0,0,38.47,5,1,0,0,0
3,23,6,3,0,0,57.1,1,0,0,0,0
4,26,1,2,0,0,85.13,4,1,0,0,0
0,25,7,3,1,1,7.81,3,0,1,0,0
4,20,7,1,1,1,27.3,8,1,1,0,0
0,33,1,2,0,1,68.01,4,1,0,0,1
12,27,2,3,1,0,274.35,6,0,1,0,0
6,21,3,1,0,0,90.55,3,1,0,0,0
0,19,5,5,0,0,26.86,5,0,0,0,0
6,22,6,2,1,1,59.02,11,1,0,0,1
12,19,12,1,0,1,100.52,2,0,0,0,0
1,32,9,3,0,0,79.36,2,1,1,0,0
7,34,6,5,0,0,254.64,7,0,0,0,0
8,19,12,3,0,1,48.42,0,1,1,0,0
0,46,5,2,1,0,40.53,8,1,0,0,0
3,21,1,4,0,1,30.23,10,0,1,0,0
9,17,5,5,0,0,58.82,7,1,1,0,0
0,55,3,5,0,1,463.45,8,0,0,0,0
12,34,3,2,0,0,565.51,11,0,0,1,0
12,21,11,5,1,0,160.13,7,0,1,0,0
0,26,6,5,0,1,39.45,7,1,0,0,0
4,22,7,4,0,0,15.57,14,1,0,0,0
6,26,12,4,1,1,84.51,9,1,0,0,1
0,47,4,1,0,1,195.42,7,1,1,0,0
6,21,2,2,1,1,43.78,4,0,1,0,1
11,20,11,4,0,0,123.7,0,1,0,0,0
4,29,11,5,0,0,111.1,6,1,0,0,0
1,19,6,3,1,1,18.38,9,0,0,0,1
1,24,7,3,0,0,39.07,10,0,1,0,0
0,44,4,2,1,1,133.99,2,0,0,0,0
7,48,7,5,1,0,24.61,12,1,0,0,1
6,21,11,5,0,0,81.53,2,0,0,1,0
4,28,7,3,1,0,88.25,7,1,0,0,0
3,35,12,1,1,0,110.61,9,1,1,0,0
3,27,8,5,1,1,54.01,5,0,0,0,1
0,41,5,3,0,0,44.05,3,0,0,0,0
2,28,6,2,1,0,50.1,5,1,1,0,0
1,23,1,3,0,1,34.36,2,1,0,0,0
0,27,5,3,0,0,51.82,11,1,1,1,0
0,31,8,2,0,1,49.84,4,1,1,0,0
0,35,9,2,0,1,86.98,3,1,0,0,0
1,36,1,2,1,0,103.84,3,1,0,0,0
4,19,6,4,0,1,35.37,3,0,0,0,0
10,24,6,2,0,0,146.27,5,1,1,1,0
5,33,7,1,1,1,106.35,0,1,1,0,1
2,38,8,2,1,0,120.47,12,0,1,1,0
6,20,4,3,0,0,65.94,8,1,0,0,1
0,21,5,5,0,1,20.44,0,1,1,0,0
5,18,2,5,1,1,33.51,4,0,0,0,0
6,22,9,2,0,0,77.2,12,0,0,0,0
1,23,7,2,0,1,34.36,4,1,0,0,0
0,46,5,1,0,1,221.45,7,0,0,0,0
3,25,10,1,1,1,44.14,2,1,0,0,0
3,28,4,3,0,1,69.71,3,1,0,0,0
0,59,9,1,1,1,46.35,2,1,0,1,0
4,44,4,4,0,0,15.05,8,0,1,0,0
2,19,5,4,1,0,27.48,0,0,0,0,0
3,18,7,4,1,1,19.14,5,1,1,1,0
0,52,2,2,1,1,259.82,3,0,0,0,0
9,18,3,5,1,0,89.84,6,1,0,0,1
3,23,5,1,0,1,44.61,4,1,0,0,0
3,39,5,5,0,1,73.35,8,0,0,0,0
5,28,5,5,0,1,73.5,5,1,1,0,0
0,18,12,4,0,0,19.91,4,1,1,0,0
2,32,7,5,1,1,96.68,9,0,0,1,0
0,22,11,2,1,0,45.59,4,1,0,0,0
0,25,6,1,0,1,36.08,8,1,0,0,0
2,34,3,2,1,0,29.7,2,1,1,0,1
7,29,5,4,0,1,128.39,4,1,0,0,0
1,29,3,3,1,0,45.77,4,1,1,0,0
0,26,10,2,1,1,28.89,7,1,0,0,1
7,19,4,2,1,1,52.51,1,1,0,0,0
1,45,10,1,1,0,224.41,4,0,0,1,0
6,26,12,5,0,0,29.22,3,1,0,1,0
0,21,12,3,1,1,18.11,3,0,0,1,0
0,23,6,4,0,1,5.87,2,0,0,1,0
0,28,2,1,0,0,48.98,2,0,1,0,0
9,39,1,2,0,1,397.24,6,1,0,0,0
8,28,11,3,0,1,133.91,13,1,0,0,0
10,25,11,1,0,1,133.11,7,1,0,0,0
11,32,8,5,0,1,234.18,2,1,1,0,1
4,44,7,2,0,0,91.75,2,1,0,0,1
3,31,10,2,0,0,46.33,3,0,0,0,0
3,17,10,4,1,1,21.38,4,0,0,0,0
3,21,9,1,1,1,30.79,1,0,0,0,0
11,26,9,4,0,0,172.39,1,0,1,0,0
0,39,5,1,0,1,122.68,2,1,0,0,0
13,25,8,2,1,0,346.15,1,0,0,0,1
0,36,7,3,0,1,94.83,5,1,0,0,0
1,18,12,2,0,1,21.82,4,1,0,0,0
4,18,11,5,1,1,22.75,4,0,1,0,0
0,50,10,3,1,0,24.27,6,0,1,0,1
10,30,7,3,1,1,200.04,5,0,1,0,1
11,23,5,4,0,1,102.92,4,1,1,0,0
3,27,4,3,0,0,90.29,5,1,0,0,0
6,24,3,3,1,1,69.02,2,0,0,0,0
5,27,10,5,0,0,106.04,4,0,0,0,0
0,30,6,4,0,1,45.65,1,1,1,0,0
4,28,9,3,0,0,82.57,1,1,1,0,0
4,31,1,5,0,0,107.57,4,0,1,0,0
1,20,5,2,0,0,27.22,1,0,1,0,0
12,35,12,5,1,0,566.62,2,1,1,0,1
4,19,12,1,0,0,45.29,5,1,0,0,0
0,21,3,3,1,1,14.62,5,0,1,0,0
6,34,11,1,1,0,213.64,2,1,0,0,0
4,24,8,1,0,1,49.37,8,1,1,0,0
5,20,1,4,0,1,35.85,1,0,1,0,0
0,38,5,3,1,1,4.47,10,1,0,0,1
4,25,2,3,0,0,77.86,5,1,0,0,0
0,38,4,5,0,1,91.45,10,1,1,0,0
10,19,12,1,1,1,6.73,9,0,1,0,0
0,30,5,3,1,1,2.75,5,0,0,0,0
6,32,7,2,1,0,50.36,9,1,1,0,0
0,46,5,3,1,1,128.61,0,0,1,0,0
7,26,11,2,1,1,98.71,14,1,0,0,0
4,45,9,1,0,1,343.4,9,0,0,0,0
0,28,9,1,1,1,34.51,4,1,0,0,1
2,30,7,5,0,1,84.4,4,1,0,1,0
0,30,3,2,1,1,54.97,0,0,1,0,0
12,21,10,5,1,1,157.72,5,1,0,0,1
3,22,10,1,0,0,42.37,5,1,1,0,0
0,48,10,1,0,1,84.84,11,1,0,0,1
1,31,12,4,1,1,42.63,12,0,1,0,0
9,33,8,5,0,0,246.09,9,0,1,0,0
3,32,7,5,0,1,99.13,0,0,0,0,0
1,23,5,5,0,1,27.9,8,1,1,0,0
5,27,10,3,1,1,61.63,4,1,1,1,0
3,55,5,5,0,1,685.63,9,0,0,0,0
7,32,7,2,1,1,171.66,8,1,0,0,1
8,32,9,3,0,0,19.2,4,0,1,1,0
1,28,12,2,0,1,43.6,8,1,1,0,0
6,26,6,5,1,1,68.11,4,1,0,1,0
0,18,8,3,1,1,4.82,0,0,1,0,0
13,19,6,2,1,0,46.17,4,0,1,1,0
12,33,8,4,1,0,55.01,2,1,1,1,0
1,24,8,2,1,1,28.89,8,0,0,0,1
8,61,2,2,0,0,2722.6,5,1,0,0,0
4,18,2,1,1,0,29.3,1,1,1,1,0
0,39,11,1,0,1,99.61,14,1,1,0,0
1,25,9,2,1,0,39.51,2,0,0,0,0
9,22,12,5,0,1,74.17,0,1,1,0,1
2,20,11,2,1,0,52.67,3,0,0,0,0
6,36,3,1,0,1,40.4,6,0,1,0,0
0,35,7,1,0,1,86.98,8,1,0,0,0
7,35,10,4,0,1,216.93,0,0,0,0,0
15,29,1,5,1,0,12.02,2,0,1,1,0
2,28,6,3,0,1,61.18,2,1,0,0,0
10,28,3,5,1,1,164.74,12,0,1,1,0
0,29,6,2,1,1,37.04,12,1,0,1,0
6,20,6,1,1,0,49.99,3,1,1,0,0
0,40,4,3,0,1,22.32,3,1,1,0,0
3,21,10,4,1,1,30.36,4,0,0,1,0
0,34,5,5,0,1,79.76,1,0,0,0,0
6,18,11,5,1,1,97.22,1,0,1,0,0
0,23,10,3,1,1,21.7,13,1,0,1,0
3,17,10,2,1,1,86.43,8,1,0,1,0
12,58,5,3,1,0,4000,5,1,1,0,0
3,42,9,4,0,0,19.87,10,0,0,0,1
2,38,6,3,1,1,93.54,1,0,1,0,0
0,59,3,3,0,1,599.55,6,1,1,1,0
8,41,6,2,0,0,89.27,2,0,0,0,0
6,22,4,3,0,1,60.3,2,0,0,0,0
6,33,1,3,0,0,204.86,2,1,0,0,0
6,17,6,4,1,0,47.09,0,1,0,1,0
3,33,9,1,0,0,112.44,1,1,1,0,0
3,22,11,3,1,1,33.7,7,0,0,0,0
2,35,6,1,0,1,112.94,3,1,0,0,0
6,35,12,4,1,0,232.98,3,1,0,0,0
6,48,2,3,0,0,25.08,7,1,0,0,0
4,31,2,3,0,0,153.16,0,0,0,1,0
0,19,12,5,1,1,44.47,13,1,1,0,0
2,32,7,5,1,1,55.65,3,1,1,0,0
4,21,5,1,0,1,34.45,3,0,1,0,0
4,28,10,2,0,1,64.5,3,0,1,0,0
0,18,5,4,1,1,14.03,8,0,0,0,1
3,29,3,2,0,0,97.5,7,1,0,0,0
7,29,6,2,1,1,104.59,2,1,1,0,0
4,20,5,3,1,1,27.96,10,0,0,0,1
4,24,4,3,0,1,45.15,4,1,1,0,0
0,17,1,4,0,0,18.17,10,1,1,0,0
3,34,9,3,1,0,102.03,4,0,1,1,0
5,19,9,1,1,1,29.93,2,1,0,0,0
0,28,2,3,0,1,47.12,7,1,0,0,0
3,20,11,1,1,0,29.23,3,0,1,0,0
0,27,8,2,0,1,62.16,11,1,0,0,0
4,54,10,5,1,0,800.51,0,0,0,0,0
0,37,2,3,1,0,94.64,7,1,0,0,0
2,36,6,5,1,1,97.01,2,0,0,0,0
6,29,10,2,0,1,115.36,1,0,0,0,1
0,38,7,4,1,0,77.98,0,1,1,0,0
5,19,12,5,0,1,41.27,11,0,0,0,1
0,28,8,4,0,0,48.98,0,1,1,0,0
7,53,8,1,0,1,982.86,7,0,0,0,0
7,32,12,4,0,1,167.1,1,1,0,0,0
0,29,8,2,0,0,6.03,7,0,0,0,0
5,27,5,5,0,0,106.04,8,0,0,0,0
5,20,1,1,0,1,44.15,2,0,0,0,0
0,41,6,4,1,1,104.03,4,1,0,0,0
0,24,12,1,1,1,84.51,6,0,0,0,0
5,40,10,4,0,1,256.62,9,0,0,0,0
3,43,10,3,1,0,276.16,1,0,0,0,1
6,44,5,1,1,1,325.86,4,0,1,0,1
0,20,9,5,0,1,21.58,12,1,1,1,0
2,34,2,1,0,1,119.73,6,1,0,1,0
9,24,9,1,0,0,111.03,4,1,1,0,0
6,32,4,2,1,0,145.73,3,1,1,0,0
2,23,9,5,0,0,50.12,4,0,0,0,0
6,29,10,4,0,1,130.27,1,1,0,1,0
4,24,8,2,0,0,57.8,3,0,1,0,0
14,29,1,1,0,0,38.18,5,1,1,0,0
14,22,8,3,0,0,205.94,5,1,1,1,0
1,44,4,3,1,0,11.47,7,1,1,0,1
0,20,6,1,0,1,23.53,4,0,0,0,1
4,20,11,3,1,1,34.43,7,0,0,0,1
0,26,2,3,1,1,22.91,4,1,1,0,0
0,20,3,3,1,1,16.44,6,1,0,0,0
12,18,8,4,1,0,150.07,5,0,0,0,0
0,29,2,3,0,0,53.51,7,1,1,0,0
2,42,3,3,0,0,44.97,6,0,1,0,0
4,34,7,5,0,1,134.45,11,1,0,0,0
7,18,5,2,1,1,20.69,13,0,1,0,0
8,28,3,3,0,0,171.43,3,0,0,0,0
6,38,6,3,0,0,364.84,2,0,0,1,0
4,20,2,5,1,1,27.3,2,0,1,0,0
13,32,5,2,0,0,468.2,8,1,0,0,0
0,34,9,1,0,1,79.76,2,1,0,0,0
10,22,1,5,0,1,101.65,5,1,0,0,0
4,34,8,5,1,1,57.04,8,1,0,0,1
4,56,10,3,0,0,1109.96,0,1,0,0,1
5,30,11,2,1,0,27.13,4,1,0,0,1
12,36,1,2,0,1,83.43,10,0,0,0,0
3,31,11,4,1,1,75.09,2,1,0,0,0
6,30,1,2,0,0,161.29,2,0,0,0,1
4,43,11,5,1,0,88.26,8,1,0,0,0
6,38,10,3,0,1,246.5,10,1,0,0,0
9,35,3,5,1,0,97.36,4,0,0,0,0
0,30,12,2,0,0,71.98,1,1,0,0,0
12,23,1,1,0,1,144.44,6,0,0,0,0
4,24,1,1,0,1,42.79,1,0,0,0,0
3,21,11,2,1,1,25,0,0,1,0,0
0,44,12,4,1,0,139.28,7,0,1,0,0
5,18,5,1,1,0,88.24,9,0,1,0,1
0,29,2,2,1,0,48.26,1,0,0,0,1
0,28,4,4,1,1,33.7,6,1,0,0,0
0,22,4,2,0,0,35.27,2,1,0,0,0
0,44,9,1,0,1,187.34,2,0,0,0,0
4,22,7,5,0,0,59.46,5,1,0,0,0
0,39,5,5,1,1,87.75,12,0,0,0,0
10,41,9,4,0,1,65.62,3,0,0,0,1
5,19,8,1,1,0,27.35,2,0,1,0,0
10,17,10,4,1,0,77.74,9,1,1,0,0
3,27,12,1,1,1,52.75,1,1,0,0,0
2,44,4,2,1,1,66.59,3,0,0,1,0
10,26,10,5,1,0,221.29,2,1,0,0,1
0,46,6,1,0,1,221.45,4,1,0,0,0
9,41,10,4,0,1,470.95,1,0,0,0,0
8,37,11,2,0,1,43.87,9,1,0,0,1
1,36,11,2,0,1,124.93,11,1,0,1,0
9,22,2,5,1,0,27.76,12,0,0,0,1
0,25,6,3,0,0,37.5,2,0,1,0,0
4,44,9,3,0,1,365.12,6,1,0,1,0
0,31,6,1,0,0,78.59,12,1,0,0,0
6,37,2,5,0,1,231.63,4,0,0,0,1
0,23,9,4,1,0,22.55,4,1,1,1,0
1,46,4,2,1,0,243.95,1,1,0,1,0
8,18,12,5,1,1,57.31,9,0,0,0,0
8,23,7,2,1,1,73.7,0,1,1,1,0
7,21,10,3,1,1,62.98,8,1,0,0,0
0,28,4,5,0,1,47.12,7,1,0,0,0
4,35,1,4,0,0,192.19,1,1,0,0,1
5,37,2,2,0,0,53.54,3,1,0,0,0
2,24,9,1,0,1,43.85,1,1,0,0,1
0,18,12,4,1,0,17.54,6,0,0,0,0
6,31,1,2,1,0,164.42,3,0,0,0,0
5,17,1,5,1,1,25.42,8,0,1,0,1
4,26,7,1,1,1,31.63,2,1,0,0,0
2,19,5,1,0,1,22.12,3,1,1,0,0
6,19,3,5,1,0,56.21,3,1,0,0,0
0,39,10,5,0,1,141.84,5,1,0,1,0
9,25,12,1,0,0,172.91,8,1,0,1,0
1,35,8,2,1,1,74.4,2,0,0,0,0
3,20,2,5,0,1,34,6,1,0,0,0
0,37,11,1,0,1,105.83,7,0,0,0,1
4,23,9,4,0,0,75.23,10,0,0,1,0
0,50,2,1,1,0,234.74,1,1,1,0,1
0,20,2,4,1,1,13.35,5,1,1,0,0
6,39,8,1,0,1,268.51,3,0,0,0,0
8,31,11,5,0,0,223.32,2,1,0,0,0
0,21,5,5,1,1,14.62,5,0,1,0,0
9,43,4,3,0,0,670.21,2,0,1,1,0
0,62,1,1,1,1,582.7,5,0,0,1,0
8,46,11,4,0,1,52.39,8,0,1,0,0
8,22,1,3,0,0,83.33,2,1,1,0,1
9,28,12,5,1,0,175.29,6,1,1,0,0
2,20,4,3,1,0,25.02,3,1,1,0,1
12,34,1,2,0,1,382.08,0,0,0,0,0
0,42,6,5,0,0,164.54,0,0,1,0,0
3,40,8,1,0,0,259.06,2,0,0,0,1
2,39,12,3,1,1,125.49,6,0,0,0,0
2,32,5,5,1,1,98.45,3,0,1,0,0
2,36,8,1,0,1,102.36,8,1,1,0,1
6,20,11,3,0,0,15.77,1,0,0,0,1
5,32,2,1,1,0,150.07,3,1,0,0,0
0,19,12,2,0,0,49.03,4,1,0,1,0
0,31,2,2,0,1,61.39,12,0,0,0,0
2,24,8,4,0,0,54.83,4,0,0,0,0
6,18,5,4,0,1,41.92,11,1,0,0,0
4,19,4,2,0,0,45.29,6,0,0,0,0
6,40,3,1,0,1,96.29,2,0,0,0,0
1,25,2,3,1,1,25.06,7,1,1,0,0
13,44,1,1,0,0,1088.28,2,0,1,0,1
6,30,3,1,1,0,122.28,7,0,1,0,0
11,20,4,5,0,0,123.7,14,0,0,0,0
4,30,2,2,1,1,82.25,13,0,0,0,0
0,42,1,5,0,1,128.53,1,0,1,0,0
4,36,6,3,0,0,204.65,11,0,0,0,0
9,20,9,1,0,0,95.28,3,1,0,0,0
8,36,11,5,0,0,344.99,7,1,0,0,0
6,33,9,3,1,1,124.96,5,0,1,1,0
11,24,9,1,0,0,144.15,0,1,1,0,0
0,22,11,3,1,1,19.71,2,0,0,0,0
6,49,10,5,0,0,920.01,4,1,0,1,0
4,38,6,4,0,0,197.35,7,1,1,0,0
0,46,4,4,1,0,202.77,6,0,0,0,0
0,21,2,4,0,0,32.22,3,0,0,0,0
0,20,7,4,0,1,18.66,6,1,1,0,0
4,31,7,3,1,1,90.35,9,1,0,1,0
0,22,9,3,1,0,70.24,3,0,0,0,0
0,30,10,4,0,1,46.24,8,1,0,0,0
0,18,2,3,1,1,13.7,8,1,0,0,0
0,52,1,2,1,1,212.24,1,0,1,1,0
2,27,3,5,1,0,56.47,6,1,0,0,0
6,28,6,2,1,0,79.58,3,0,0,0,0
9,49,9,1,1,0,1056.43,5,1,1,0,0
5,18,2,4,0,0,47.1,7,0,0,0,0
0,23,11,4,0,1,24.48,11,1,1,0,0
6,31,4,1,0,0,176.11,6,1,0,0,1
6,19,12,5,1,1,2.93,9,1,0,1,0
8,40,6,1,1,1,87.97,0,1,0,0,1
7,44,4,2,0,1,379.36,3,1,1,0,0
5,22,2,5,0,1,52.92,9,1,0,0,0
6,50,10,4,0,1,22.37,9,0,1,0,0
2,32,7,2,1,0,88.27,5,1,0,1,0
5,19,8,4,0,1,53.28,2,1,1,0,0
0,34,9,3,0,1,81.66,8,1,0,0,1
3,37,11,1,1,0,12.87,4,0,0,0,0
10,30,5,2,0,0,265.56,0,0,0,0,0
1,24,7,2,1,0,73.7,7,0,1,1,0
0,20,7,5,1,0,31.06,4,1,1,0,0
4,29,4,2,0,1,88.85,0,1,0,0,1
0,38,10,4,1,1,80.55,2,0,0,0,0
6,45,1,2,0,1,456.5,7,1,0,0,1
8,44,6,4,0,0,681.51,1,1,0,0,0
0,49,1,3,0,1,230.6,1,1,1,0,0
9,21,3,4,1,1,80.51,4,0,1,1,0
0,22,6,2,1,1,16.1,1,1,1,1,0
8,31,7,1,1,0,62.45,0,1,1,0,0
13,28,1,3,0,1,263.35,10,0,0,0,1
6,50,9,4,1,0,686.69,1,0,1,0,1
0,29,10,2,0,0,67.48,1,1,0,0,1
10,19,9,3,0,0,99.11,8,1,0,0,0
4,32,10,2,0,0,167.18,4,1,0,1,0
9,18,4,5,0,0,79.39,5,1,0,0,0
0,46,12,2,1,1,128.61,6,1,1,0,0
2,19,6,5,0,1,27.25,10,1,0,0,0
9,37,8,5,1,0,384.48,2,0,1,0,0
5,18,11,5,1,0,42.9,7,0,0,0,0
4,24,7,4,0,0,66.83,2,0,1,1,0
6,25,8,4,1,0,91.99,5,1,0,0,0
0,21,1,1,1,1,18,11,1,0,0,0
6,40,1,1,0,0,15.56,0,1,1,0,0
0,22,12,5,1,1,19.71,4,0,0,0,0
8,21,6,3,0,0,91.56,2,1,0,0,0
5,30,1,2,1,1,98.37,4,1,0,0,0
4,41,10,5,0,1,245.18,8,0,0,0,0
0,32,8,2,1,1,47.92,12,0,0,0,0
5,29,1,1,0,0,146.36,2,0,0,1,0
3,26,4,3,0,0,60.67,3,0,1,0,0
6,28,3,5,0,1,103.14,2,1,0,0,0
6,29,10,2,0,1,105.77,2,1,1,1,0
5,43,10,2,0,1,330.82,7,1,0,0,0
0,47,11,5,1,1,41.49,5,0,0,1,0
1,18,5,3,1,0,20.97,1,1,0,0,0
4,21,2,1,0,1,35.27,8,1,1,0,1
3,22,6,3,0,1,40.76,5,1,0,0,0
9,23,11,5,0,0,144.5,9,1,0,1,0
0,32,3,2,1,1,47.92,12,1,0,0,0
3,28,1,3,1,0,73.8,2,1,0,0,0
6,41,11,3,1,1,304.31,10,1,0,0,0
3,49,1,3,1,1,39.52,6,1,0,0,0
12,21,12,3,0,0,39.43,2,0,0,0,0
9,32,9,2,1,0,249.24,14,0,1,0,0
0,27,12,1,1,1,31.58,1,0,0,0,1
3,27,6,3,0,0,83.62,4,0,0,0,1
0,24,3,3,0,0,34.29,0,1,1,0,0
7,33,2,5,0,1,32.77,11,1,0,0,0
2,21,7,1,0,0,42.83,5,1,0,0,1
9,30,6,3,0,0,233.06,1,1,0,0,0
6,30,5,2,1,0,122.28,6,1,1,0,0
6,33,6,3,0,1,57.98,1,1,1,1,0
4,25,7,4,1,1,42.86,8,1,1,0,0
2,28,6,3,1,1,1.1,4,1,0,0,1
6,32,8,2,0,0,217.06,1,0,0,1,0
6,31,11,5,0,0,176.11,6,0,0,0,1
0,29,10,1,1,1,36.82,2,0,0,0,0
3,38,12,1,0,1,96.84,3,0,0,0,0
8,25,1,1,0,1,102.53,4,1,0,0,0
11,24,5,1,0,0,177.53,11,1,0,0,0
3,36,1,2,0,0,179.61,5,0,0,0,0
2,37,4,4,1,1,105.73,3,0,0,0,0
4,21,4,2,1,0,38.27,9,1,1,0,0
9,22,2,2,0,0,114.21,8,0,0,0,0
5,46,5,1,1,0,498.98,5,0,0,1,0
6,18,5,1,0,0,98.71,10,0,1,0,0
2,24,6,2,1,1,53.18,13,0,0,0,0
6,25,12,1,0,1,80.85,5,1,0,0,1
0,41,5,1,0,0,215.27,0,1,0,1,0
16,20,11,3,0,0,237.61,3,1,0,0,0
8,26,2,1,0,1,91.02,7,1,1,0,0
2,51,9,5,1,0,438.35,7,0,0,0,0
6,21,5,5,1,1,52.66,4,1,0,0,0
6,27,12,5,1,1,73.7,3,1,1,1,0
5,23,4,1,0,1,59.3,0,1,0,0,1
6,17,12,1,0,1,44.22,4,0,0,1,0
11,21,10,5,1,1,17.63,7,0,0,0,1
1,20,9,3,0,1,26.82,1,1,0,0,1
4,19,4,3,0,1,28.72,0,0,1,0,0
0,25,7,5,1,1,25.8,8,1,0,0,0
3,28,11,5,1,0,33.48,12,0,0,0,0
6,30,9,4,1,1,95.52,5,1,1,0,0
6,35,4,4,1,1,181.99,2,0,0,0,0
6,24,4,2,1,1,97.84,13,1,1,0,1
11,33,8,4,1,0,481.93,8,1,0,1,0
3,40,1,3,0,1,202.37,4,1,0,0,1
11,21,7,4,0,1,108.34,3,1,0,0,1
2,31,3,3,1,1,47.71,3,0,1,0,0
11,22,6,5,0,0,171.44,2,0,0,1,0
4,25,12,3,1,0,84.99,7,1,0,0,0
0,36,11,5,1,1,5.77,3,1,0,0,0
9,32,1,3,0,1,216.96,6,1,0,0,0
0,32,8,3,0,1,67,5,1,0,0,0
0,34,7,5,0,0,82.91,12,1,1,0,0
5,37,10,1,0,1,198.54,12,0,0,0,0
0,18,12,4,1,1,24.71,5,1,0,0,1
2,22,8,2,0,1,35.77,10,0,0,0,0
6,55,7,1,1,1,787.34,0,0,1,0,0
6,18,5,1,0,1,34.85,10,1,1,0,1
0,53,11,1,0,1,320,1,1,1,0,0
3,24,1,4,1,0,51.97,7,0,0,1,0
6,30,12,4,0,0,161.29,2,1,0,0,1
0,21,8,5,1,1,15.01,3,1,0,0,0
1,20,7,3,1,1,19.78,0,1,0,1,0
2,32,9,2,1,0,87.74,4,0,0,0,0
0,18,10,4,1,0,14.24,0,0,1,0,0
0,60,6,3,1,0,633.11,2,1,0,0,0
0,21,5,3,1,0,91.2,4,0,0,0,1
7,30,9,5,1,0,184.4,7,1,0,0,1
3,34,7,5,0,1,118,11,0,0,0,0
5,18,6,2,1,1,33.51,1,1,0,0,0
10,34,6,4,1,1,88.27,5,0,0,0,1
0,30,5,2,1,1,40.21,1,0,0,0,0
4,23,10,4,0,1,41.27,8,1,1,0,0
0,49,7,2,1,0,211.14,9,0,1,0,0
12,26,8,3,0,0,241.92,9,1,0,0,0
8,37,5,3,0,0,305.31,3,0,1,0,0
6,19,3,3,1,1,43.91,2,1,0,0,0
8,22,10,4,0,1,58.1,3,1,0,0,0
10,26,7,4,0,1,145.55,5,1,0,0,0
6,21,5,2,1,0,69.02,8,1,0,0,1
6,22,9,2,1,0,75.56,3,1,0,0,1
1,30,11,2,0,1,52.02,3,1,1,0,0
5,45,11,5,0,0,500.92,1,0,0,0,0
0,36,12,3,0,1,77,2,0,1,0,0
5,54,5,5,0,1,821.02,9,0,0,0,0
5,28,6,2,0,1,90.51,2,1,0,0,0
2,43,5,1,0,1,43.34,0,0,0,0,0
1,27,3,3,1,1,29.95,4,1,1,0,0
8,26,10,1,0,1,91.02,13,1,1,0,0
0,28,11,5,1,1,33.7,2,1,0,0,0
8,40,1,1,1,0,511.78,7,1,0,0,0
0,28,4,5,1,1,95.71,11,1,0,0,0
1,23,7,1,0,1,34.36,2,1,0,0,0
6,22,12,3,1,1,57.99,5,1,0,1,0
4,50,8,5,1,1,89.65,0,0,1,0,0
12,19,2,2,0,1,100.52,8,1,0,0,0
0,19,11,4,0,1,20.98,9,1,0,0,0
6,18,3,2,1,1,89.2,2,0,1,0,1
1,34,7,3,0,1,90.88,2,1,0,0,0
8,48,11,1,0,0,973.92,6,1,0,0,1
2,50,2,1,1,0,413.46,0,0,0,0,1
2,28,12,3,0,1,61.18,9,1,0,0,0
1,26,5,5,1,1,33.74,5,1,0,0,0
1,23,1,1,0,1,27.9,4,1,1,0,0
0,53,1,1,0,1,403.51,1,0,0,0,1
0,29,5,2,1,1,69.28,1,1,0,1,0
2,42,4,2,0,0,213.63,9,1,1,0,0
0,19,7,3,1,0,34.49,1,0,0,0,0
12,28,8,3,1,0,299.81,3,1,1,0,0
0,33,6,3,0,0,108.22,8,1,0,1,0
0,22,10,5,1,1,19.71,4,1,0,0,0
1,37,12,3,1,1,83.34,2,1,0,0,0
5,49,10,5,0,0,580.58,7,0,1,0,1
5,48,11,3,0,1,580.68,7,1,0,1,0
5,39,10,3,1,0,276.43,10,1,0,1,0
3,31,1,4,1,0,96.13,7,1,0,0,0
2,18,3,1,0,0,36.81,6,0,0,1,0
0,22,5,1,1,1,19.82,1,1,0,1,0
4,34,11,5,0,0,7.19,13,0,1,1,0
6,40,6,1,1,0,366.38,7,0,0,0,1
3,17,3,1,0,1,25.85,6,0,0,0,0
7,35,9,5,0,0,277.71,11,0,0,0,0
10,48,10,4,0,0,1235.02,2,0,0,0,0
1,33,7,2,0,1,85.3,2,0,0,0,1
0,33,11,5,1,0,66.95,8,1,0,0,0
0,38,7,3,1,1,80.55,12,0,0,0,0
2,19,3,5,1,1,21.59,8,1,0,1,0
7,18,12,1,0,0,62.61,9,1,0,0,1
7,41,2,5,1,0,477.01,10,1,0,0,1
4,47,6,5,0,1,405.7,3,1,0,0,0
4,38,5,4,0,0,243.05,6,1,0,0,0
8,30,7,5,1,0,64.42,11,0,1,0,1
0,20,8,2,1,1,13.67,0,1,1,0,1
2,22,6,4,1,0,36.94,6,0,0,0,1
7,23,8,4,1,1,77.25,5,0,0,0,1
1,24,8,3,1,1,16.64,0,1,0,0,0
0,29,4,2,1,1,29.9,6,0,1,0,0
3,22,7,5,0,1,40.76,6,0,0,0,0
0,26,12,1,1,1,41.62,7,0,1,0,0
8,22,10,3,0,1,78.29,0,1,0,0,0
2,22,9,2,1,0,36.08,5,0,0,0,0
2,22,6,5,0,0,37.18,4,0,1,0,0
0,33,2,5,0,1,73.12,7,0,0,0,0
6,23,11,2,0,1,54.86,1,1,1,0,1
3,31,4,5,0,1,73.74,3,0,1,0,0
0,21,11,1,1,1,88.85,5,0,0,1,0
0,35,10,1,0,0,111.35,2,1,0,0,0
10,43,9,1,0,1,635.45,8,1,0,0,0
6,23,7,3,0,1,67.57,1,0,0,0,1
4,43,8,2,0,1,65.09,2,0,0,0,1
0,28,3,3,1,1,11.25,6,1,0,0,0
2,35,10,1,1,1,89.51,4,1,0,1,0
7,21,3,5,0,0,92.9,5,1,0,1,0
4,27,12,5,1,1,64.59,10,1,0,0,1
8,34,9,3,0,0,335.47,3,1,0,1,0
2,24,5,3,1,0,69.16,13,0,0,0,0
0,60,5,2,0,1,691.46,2,1,0,0,0
1,36,7,1,0,0,112.32,2,1,1,0,0
1,40,8,4,1,1,114.27,3,1,0,0,0
0,43,2,4,1,0,131.1,1,1,1,0,1
6,22,12,1,0,1,69.72,2,0,0,1,0
2,46,4,2,0,1,269.92,3,0,1,1,0
4,32,8,5,1,0,28.66,8,0,1,0,0
12,26,1,3,0,1,193.49,1,1,0,0,1
4,22,2,1,1,1,40.31,8,0,0,0,0
7,20,2,5,1,0,60.14,2,0,1,1,0
7,27,7,5,1,0,114.83,4,1,1,0,1
0,57,3,4,1,0,498.42,10,1,0,0,0
0,22,5,5,1,0,6.73,8,1,0,0,0
0,18,1,1,0,1,19.15,12,0,0,0,0
3,21,2,2,0,1,43.05,6,1,0,1,0
0,24,1,2,0,1,32.99,13,0,0,0,0
4,25,7,5,1,1,52.62,4,1,1,1,0
4,20,9,2,0,0,49.6,1,1,0,0,0
4,19,3,3,0,0,42.51,14,0,1,1,0
6,20,8,1,1,0,63.03,1,0,0,0,1
12,18,8,4,0,1,74.5,4,1,1,0,0
3,40,7,3,0,1,197.65,8,1,0,0,0
8,24,10,1,1,0,30.65,6,0,0,1,0
7,26,7,1,1,1,82.06,0,0,1,0,1
0,19,10,4,0,0,48.97,4,1,1,1,0
6,29,9,5,0,0,144.24,12,1,0,0,0
5,19,11,3,1,0,98.21,6,1,0,0,1
0,19,3,4,0,1,24.26,3,1,0,1,0
3,38,4,3,0,0,213.3,2,1,0,0,0
4,24,8,2,1,0,51.36,0,1,1,0,1
13,20,5,5,1,1,168.24,2,0,0,0,0
5,23,3,4,1,1,70.66,0,1,0,1,0
3,40,3,3,0,0,259.06,7,0,0,0,1
0,25,3,5,1,0,83.64,1,0,0,0,0
8,32,2,1,0,0,84.84,7,1,1,1,0
8,18,2,2,0,1,6.71,7,1,0,1,0
3,17,5,2,0,1,25.85,0,1,0,0,0
8,19,12,3,0,1,68.94,6,1,0,1,0
0,26,12,2,1,1,23.05,1,0,1,1,0
9,24,5,2,0,0,136.74,12,1,0,0,0
3,26,3,1,1,1,40.38,5,0,0,0,0
9,25,9,5,0,0,121.43,12,1,1,0,0
0,46,9,1,1,1,82.48,2,1,0,1,0
0,19,11,2,0,1,45.15,3,0,0,0,1
8,25,2,1,0,0,109.12,13,1,1,0,1
2,26,6,5,0,1,41.59,3,1,1,0,0
1,21,11,1,1,1,47.63,2,0,0,0,0
7,24,6,3,0,0,105.32,4,1,0,0,0
17,26,1,1,0,0,464.69,8,1,0,0,0
3,22,11,5,0,1,40.76,3,1,0,0,0
12,18,10,3,0,1,93.94,5,1,0,0,1
4,19,6,2,0,0,45.29,1,1,0,0,0
9,25,4,3,1,0,165.29,5,1,0,0,0
6,27,5,4,1,0,115.5,9,1,0,0,0
9,26,5,3,0,0,135.95,1,1,1,0,1
14,22,5,4,0,0,178.12,11,0,1,0,0
7,20,2,3,0,0,49.05,5,1,0,0,0
2,31,5,4,0,1,92.15,1,0,0,1,0
3,27,11,2,0,1,51.8,12,1,1,0,0
6,32,2,1,1,0,2.61,1,1,0,1,0
0,43,11,5,1,1,123.18,0,1,0,0,0
0,20,5,3,1,1,16.54,9,1,0,1,0
0,28,3,1,0,0,69.75,5,0,0,1,0
2,49,4,2,0,1,299.4,1,0,1,0,0
3,49,11,1,0,1,341.16,7,1,1,0,0
4,49,8,5,0,0,612.88,10,1,0,0,0
0,21,12,3,1,0,96.47,0,0,1,0,0
9,41,8,5,1,0,666.31,0,0,0,0,0
10,21,2,5,0,1,56.75,2,1,0,0,0
1,34,12,2,1,1,56.72,4,1,1,0,1
0,38,7,5,1,0,103.12,12,1,0,0,0
8,28,1,2,0,1,108.73,6,1,1,0,0
2,33,5,2,0,0,58.36,0,0,0,0,0
0,42,6,2,1,1,22.09,2,0,0,0,1
14,22,2,3,0,0,224.6,0,0,0,0,1
6,19,4,4,0,0,58.8,3,0,0,0,0
4,20,7,5,0,1,38.75,4,0,0,0,0
0,27,11,3,1,1,30.84,8,0,0,0,0
4,23,3,1,0,1,50.83,2,1,0,0,0
0,21,5,1,1,1,18.11,7,1,0,1,0
3,34,12,3,0,0,151.06,2,0,0,0,0
0,37,12,1,0,0,107.44,7,1,1,0,0
0,26,2,1,1,1,28.22,9,0,0,0,0
0,20,12,2,1,0,21.17,10,1,0,1,0
6,18,10,5,1,0,42.65,5,0,1,0,1
6,22,10,2,0,0,77.2,5,0,0,0,0
5,50,11,2,1,0,14.48,0,0,0,1,0
2,24,7,3,0,0,63.39,1,0,0,1,0
0,38,2,1,1,0,83.73,5,1,1,0,0
9,17,3,4,1,0,55.25,0,1,0,1,0
3,52,10,3,0,0,688,1,1,0,0,0
12,33,7,1,0,1,350.25,4,0,0,0,0
8,26,2,5,0,1,105.24,10,0,1,1,0
0,23,10,1,1,1,21.57,6,1,0,0,0
0,23,12,4,1,1,21.57,3,1,0,0,0
5,25,2,5,0,1,69.3,6,1,0,0,0
4,34,12,2,0,0,172.12,14,1,0,0,0
2,30,6,2,0,0,93.45,2,1,0,0,0
6,32,11,1,0,0,187.74,3,1,0,0,0
6,26,10,4,0,0,103.76,1,1,1,1,0
6,35,8,1,0,1,194.92,1,0,0,0,1
6,36,2,2,1,0,254.01,11,1,0,0,0
4,20,6,1,0,1,44.8,10,1,0,1,0
7,28,4,1,1,0,150.95,5,0,0,0,0
0,32,3,4,0,0,69.65,3,0,1,0,0
11,28,1,4,1,0,15.11,7,1,0,0,1
8,23,9,2,1,0,115.5,9,1,0,0,0
4,28,4,4,0,0,117.57,10,0,0,1,0
5,19,4,2,1,1,36.93,1,1,0,1,0
6,31,12,3,1,1,128.44,2,0,0,0,0
1,36,4,5,0,1,108.06,4,1,0,0,0
5,22,3,1,0,1,42.97,3,1,1,0,0
9,39,2,5,1,1,439.03,3,0,0,0,0
7,24,8,5,1,1,67.42,4,1,1,1,0
0,29,3,5,1,1,24.79,7,0,0,1,0
3,32,2,4,0,1,80.49,3,1,1,0,0
0,32,12,1,1,1,73.9,10,0,0,0,0
6,22,6,1,0,0,89.25,9,1,0,1,0
8,35,2,1,0,0,256.93,6,1,1,0,0
2,20,10,5,1,1,85.14,6,1,0,1,0
1,27,2,3,0,0,62.9,2,1,0,0,0
12,46,4,3,0,1,1060.83,2,0,0,0,0
4,19,1,5,0,0,52.36,3,1,0,1,0
17,43,6,1,0,0,2077.17,0,0,0,0,1
0,29,1,5,0,0,65.9,2,0,0,0,0
9,46,5,2,0,1,717.06,10,1,0,0,0
2,24,4,4,0,0,54.83,8,0,0,0,0
0,28,9,3,0,0,48.98,6,0,1,0,0
0,41,3,3,0,0,151.18,1,0,1,0,0
6,32,3,3,0,0,152.44,12,0,1,0,0
4,24,7,5,0,0,59.18,1,1,1,0,1
14,37,8,3,0,0,951.49,9,1,0,1,0
3,31,11,3,0,0,94.4,3,0,1,0,0
6,61,7,1,0,0,2096.96,4,1,0,0,0
3,26,8,2,0,0,74.71,3,0,0,0,0
0,24,3,2,1,0,82.46,4,0,0,0,1
2,27,7,1,1,0,73.13,3,0,0,0,0
6,29,12,1,0,1,112.67,0,1,0,0,0
10,50,1,4,1,1,1319.74,6,0,0,0,0
0,36,4,5,1,1,55.07,12,1,1,0,0
13,18,9,4,0,0,70.91,11,1,0,1,0
6,26,7,2,1,1,16.13,0,1,0,0,0
10,20,6,3,0,1,73.2,1,0,1,0,0
6,30,3,3,1,0,150.6,11,0,0,0,0
5,19,6,2,0,0,41.9,1,1,1,0,0
0,20,10,2,0,0,30.13,4,1,0,0,1
13,33,10,1,1,0,701.48,2,1,0,0,1
1,19,8,5,0,0,15.64,7,1,0,0,0
4,18,1,3,1,1,28.02,7,1,0,0,0
2,24,9,1,0,0,54.83,3,0,0,0,0
6,37,4,1,1,0,276.85,4,1,0,0,0
0,23,1,2,1,0,41.47,1,0,0,0,0
1,39,5,2,0,1,113.51,1,1,1,0,0
4,56,9,4,0,1,979.06,9,1,0,1,0
1,44,12,1,1,0,49.61,9,1,0,0,0
5,60,10,1,1,1,982.27,3,0,1,0,0
6,23,6,3,1,0,65.97,1,0,1,1,0
3,41,8,2,1,1,177.92,7,1,0,0,0
1,27,2,2,1,1,36.88,9,1,0,0,0
4,19,10,5,0,0,11.11,2,1,0,0,0
5,44,4,1,0,0,28.53,1,1,0,1,0
0,32,3,3,1,1,44.08,1,1,0,1,0
6,22,9,2,0,0,77.2,2,0,0,0,0
11,48,2,4,0,0,1321.08,5,1,1,1,0
0,44,8,1,1,1,51.89,2,1,1,0,0
0,43,1,3,1,1,100.02,0,1,1,0,0
6,19,2,4,0,1,45.93,5,1,0,0,0
9,18,8,5,0,1,62.02,7,0,0,0,0
7,37,9,2,0,1,52.14,10,0,0,0,0
6,34,5,5,1,0,10.67,5,1,0,0,0
2,31,2,4,1,1,62.79,9,1,0,0,0
8,24,6,5,1,1,99.3,2,1,0,1,0
0,26,11,5,0,1,32.03,4,1,1,0,0
2,41,7,3,0,1,218.33,8,1,0,1,0
4,18,9,1,0,1,75.29,1,1,0,0,0
4,26,8,4,1,1,81.95,7,1,1,0,0
7,21,10,5,1,0,81.11,14,0,0,1,0
6,24,7,3,0,0,92.43,1,1,0,0,0
1,40,4,2,0,1,152.23,8,0,0,0,0
3,17,7,5,1,0,22.75,9,1,1,0,1
4,27,12,1,1,1,63.09,7,1,0,0,0
9,40,6,5,0,1,351.25,6,1,1,0,0
0,26,10,4,1,1,22.91,1,1,1,0,0
12,18,6,4,0,0,117.45,9,1,0,0,0
0,35,8,1,1,1,62.59,1,1,0,1,0
9,21,5,4,1,0,9.08,1,0,0,0,0
0,36,7,3,1,0,75.63,9,1,1,0,0
8,43,7,3,0,0,724.39,4,0,0,1,0
7,21,1,5,0,1,64.27,10,1,0,0,1
11,18,5,4,1,0,125.49,5,1,0,0,0
9,43,8,4,0,0,713.92,3,1,0,0,0
2,47,1,2,1,1,246.18,2,1,0,0,0
7,21,11,2,0,1,62.77,5,0,0,0,0
6,21,11,4,0,1,66.82,1,1,0,0,0
6,37,6,3,1,1,216.26,0,1,0,0,0
4,55,7,1,1,0,94.54,5,1,0,0,1
7,26,3,1,1,0,105.05,5,0,1,0,1
6,23,2,4,0,0,84.48,3,1,0,0,0
0,33,1,5,0,1,73.12,4,0,0,0,0
9,23,5,2,0,0,124.98,4,0,0,0,0
6,21,5,5,0,1,44.73,1,1,1,0,0
0,38,4,2,0,1,130.21,10,0,0,1,0
8,21,5,4,1,1,61.52,0,1,1,1,0
1,53,6,2,1,1,337.1,0,0,0,0,0
1,37,5,1,1,0,115.88,8,1,0,0,1
4,19,12,5,0,1,55.58,11,1,1,1,0
5,20,3,2,0,1,44.15,3,0,0,0,0
6,26,1,1,1,0,105.67,1,1,0,0,0
2,60,4,3,1,1,707.3,1,0,0,0,0
3,18,4,1,1,0,24.35,1,1,1,0,0
1,47,8,5,1,1,205.86,5,0,0,0,0
0,37,11,5,1,0,65.94,1,1,0,0,0
10,49,5,2,0,0,1341.41,7,1,0,0,0
8,38,3,5,0,0,409.71,10,1,0,0,0
5,21,10,5,1,0,56.71,2,0,0,1,0
1,24,3,2,1,0,3.87,4,0,1,0,0
6,22,12,1,0,0,77.2,6,1,0,0,0
2,31,1,5,0,1,21.84,2,1,0,0,1
15,31,10,5,0,0,570.22,4,0,0,0,1
3,22,12,1,0,0,60.33,5,1,0,1,0
6,30,10,4,1,1,117.64,3,0,0,0,0
0,21,9,5,0,1,63.73,7,1,0,0,0
8,30,9,4,0,1,59.94,1,1,0,1,0
5,35,3,2,1,1,86.05,13,1,0,0,0
7,24,9,2,1,1,83.04,7,1,0,1,0
0,23,5,4,1,0,27.61,6,0,0,0,0
14,50,11,1,1,0,41.44,6,1,0,0,1
6,22,5,4,0,0,68.85,13,0,0,1,0
1,23,8,1,1,1,25.79,2,1,0,0,0
2,26,1,3,1,1,40.35,14,0,0,0,0
1,49,12,5,1,0,310.98,6,1,0,0,0
5,18,12,3,0,0,48.22,8,1,0,0,1
0,47,4,2,0,1,86.09,0,1,0,0,0
3,17,8,5,1,1,21.51,8,1,0,1,0
0,19,5,3,1,0,54.28,10,1,0,0,0
7,47,4,1,0,0,638.78,8,0,1,0,1
7,30,2,3,0,1,140.22,4,1,0,0,0
6,37,7,5,1,0,224.8,2,0,1,0,0
0,46,1,5,0,1,226.74,9,1,0,0,1
0,18,10,5,1,1,14.03,1,0,0,0,1
0,36,7,3,0,0,98.58,5,1,1,0,0
0,42,7,5,1,1,91.93,1,0,1,0,0
6,32,3,1,1,1,140.19,9,0,0,0,0
9,19,5,3,0,0,86.98,3,1,0,0,0
1,22,7,1,1,1,23.57,1,1,0,0,0
0,33,5,4,1,1,52.61,3,0,0,1,0
4,22,12,4,0,0,59.46,2,1,0,0,0
13,28,8,4,0,0,329.28,5,0,0,0,0
0,35,3,4,1,1,58.61,7,1,0,0,0
0,22,4,4,1,0,20.48,8,0,1,0,0
3,35,11,2,0,0,164.74,5,1,0,0,0
3,27,8,1,0,0,81.67,1,0,0,0,0
0,22,1,4,0,1,22.37,6,1,1,0,0
2,29,8,1,0,0,87.61,1,0,0,0,1
13,55,12,5,0,0,2629.47,12,0,1,0,0
8,19,5,5,1,0,65.27,2,0,1,0,0
8,33,7,4,0,1,212.73,8,0,0,0,1
4,19,2,1,1,0,39.3,1,1,0,0,0
4,33,1,4,1,0,111.86,0,0,1,1,0
0,17,4,1,1,1,12.5,8,1,0,0,0
2,45,5,5,1,1,1.31,1,1,1,0,0
9,34,8,1,0,0,274.86,8,1,1,0,1
9,30,8,2,1,0,263.72,5,1,0,0,1
6,28,6,3,1,1,81.97,2,1,1,0,1
4,28,12,2,0,1,79.44,6,1,0,0,0
11,29,5,1,0,0,277.06,1,0,0,0,0
0,26,1,1,1,0,36.34,6,1,0,1,0
0,18,6,4,1,0,17.54,13,0,0,0,0
8,26,12,4,0,1,91.02,3,0,1,0,0
6,26,7,5,1,0,85.8,3,1,1,0,0
8,35,4,3,0,0,88.08,1,1,1,0,1
8,20,12,1,1,0,88.05,2,0,0,0,0
5,26,10,2,0,1,61.53,6,1,1,0,0
0,27,1,5,0,1,43.12,1,0,0,0,0
3,27,4,5,0,1,65.32,0,0,0,0,1
0,19,6,3,1,1,95.13,4,0,0,0,0
1,20,4,1,1,1,37.82,6,0,0,0,0
0,25,10,1,0,0,46.19,1,1,0,0,0
6,18,11,2,0,0,11.06,3,1,0,0,0
5,30,1,2,0,1,108,8,0,0,0,0
0,17,7,1,1,0,12.99,12,0,1,0,0
8,19,8,4,0,0,76.34,4,1,0,0,0
0,30,4,2,1,1,67.99,0,1,0,0,0
0,42,7,5,1,1,34.5,5,0,0,0,0
0,29,4,3,1,0,47.14,4,0,0,0,0
4,40,7,3,0,1,182.86,2,0,1,0,0
6,27,5,1,0,1,76.63,10,1,1,0,0
4,37,1,4,1,0,193.58,4,0,0,0,0
7,31,11,4,0,1,124.31,7,0,1,0,0
0,41,4,5,0,0,215.27,2,0,0,1,0
14,37,9,4,0,0,842.62,0,0,0,0,1
6,18,2,5,0,0,40.9,2,1,1,0,1
3,18,11,5,0,1,42.16,7,0,0,0,0
0,49,3,2,0,1,284,13,0,0,0,0
0,28,6,1,0,1,47.12,8,1,0,0,0
4,31,2,3,1,1,44.77,11,1,0,0,0
8,19,10,4,0,0,76.34,3,0,0,0,0
3,34,6,5,1,0,48.61,2,1,0,0,0
0,53,6,1,1,1,98.02,4,1,0,0,0
5,33,8,5,0,0,179.79,13,1,0,0,0
8,34,3,2,1,0,312.83,13,0,0,0,1
4,43,4,4,1,0,322.56,11,1,0,0,0
0,23,1,3,1,1,21.57,1,1,0,0,0
5,29,10,4,0,1,36.33,1,1,1,0,1
8,34,9,1,0,1,97.74,5,1,1,0,1
6,28,2,5,0,0,132.03,9,1,0,0,0
1,23,1,4,1,0,1.57,7,0,0,0,0
9,24,2,4,1,0,151.12,8,1,0,0,0
1,33,11,5,1,0,65.01,1,1,1,0,0
2,24,2,4,1,0,43.2,6,0,0,0,0
6,32,5,4,0,1,8.81,7,1,1,0,0
15,25,10,1,1,0,73.96,7,1,1,0,1
4,34,4,2,0,0,172.12,2,1,0,0,0
8,47,8,4,0,0,875.52,4,0,0,0,0
0,25,3,2,1,1,25.8,3,1,0,0,0
1,51,12,3,0,1,381.43,2,1,0,0,0
2,25,3,2,1,0,72.64,1,0,0,0,0
1,17,7,3,0,1,19.91,8,0,0,0,0
5,44,7,3,1,0,419.59,2,1,0,0,0
7,18,3,4,0,0,50.84,10,1,1,0,1
0,22,1,2,1,1,44.41,12,1,0,0,0
6,49,4,5,1,0,617.66,12,0,1,0,0
1,33,2,4,1,1,78.17,2,0,0,1,0
9,23,1,3,1,0,25.19,8,0,0,0,1
2,27,6,5,0,0,71.67,7,0,0,0,0
0,28,1,4,1,1,33.7,3,0,0,0,0
12,22,11,3,0,0,25.15,4,1,0,0,1
0,26,5,3,0,1,5.99,9,1,0,0,0
9,29,8,1,1,0,235.84,1,1,0,0,0
9,33,10,5,0,1,222.25,10,1,1,1,0
2,20,12,2,1,0,30.1,1,0,0,0,0
0,25,2,2,0,0,46.19,0,0,0,0,0
1,30,6,1,0,1,64.06,7,1,0,0,0
0,48,11,4,0,1,212.31,9,1,1,0,0
0,57,8,3,1,1,6.72,8,0,0,0,0
2,61,8,3,0,1,971.7,7,0,0,0,0
6,21,6,3,1,0,54.74,5,1,1,0,0
9,17,5,4,1,0,80.54,7,1,0,1,0
6,19,9,3,1,0,57.55,4,1,0,0,1
1,20,8,4,0,1,26.19,1,1,0,0,0
6,21,4,5,0,1,55.09,7,0,0,0,0
5,37,4,5,1,0,12.45,1,0,0,0,0
2,35,5,2,0,0,117.39,2,1,1,0,0
4,34,10,4,0,1,134.45,6,0,0,0,0
8,24,10,5,0,0,120,0,0,0,0,0
7,30,2,3,1,1,65.45,1,0,1,0,0
8,25,5,3,0,1,102.53,2,1,0,0,0
4,17,8,1,0,0,38.61,10,1,0,0,1
5,20,6,2,0,0,56.52,5,1,0,0,0
0,32,9,1,1,1,49.07,2,1,0,0,1
4,23,3,2,0,1,52.04,4,1,0,0,1
1,20,1,5,0,0,33.53,2,1,0,0,0
3,32,10,5,0,1,114.61,1,1,0,1,0
0,20,8,1,1,0,21.55,3,1,0,0,1
6,55,8,3,0,1,19.21,6,0,0,0,0
6,45,1,2,1,0,548.93,6,0,0,1,0
7,29,12,4,0,1,128.39,11,0,0,0,0
6,17,9,5,0,0,39.76,6,0,1,0,0
5,26,2,2,1,1,70.67,1,0,0,0,1
3,28,5,2,0,1,80.6,10,1,0,1,0
5,28,1,5,0,1,90.51,7,0,0,0,0
2,45,1,3,0,0,281.49,5,1,1,0,1
12,20,11,4,1,0,180.1,4,1,0,0,0
1,18,10,2,0,1,21.82,1,1,0,0,0
4,17,5,1,1,1,95.13,8,1,0,0,0
9,22,1,3,0,0,116.93,8,1,0,0,1
3,26,2,3,0,0,86.38,1,1,0,1,0
8,38,10,2,0,0,46.36,5,0,0,0,0
8,21,3,3,0,1,58.07,11,1,1,0,0
10,23,6,3,0,0,164.65,3,0,0,1,0
6,33,5,1,0,0,166.34,5,1,1,0,0
4,21,2,3,0,0,54.31,11,1,0,0,0
6,28,2,3,0,1,103.14,7,1,0,0,0
0,46,6,2,1,0,164.64,5,0,1,0,0
5,30,1,3,0,0,141.55,5,1,0,0,1
7,27,12,2,0,0,111.79,6,1,1,0,0
1,29,11,1,1,1,44.03,1,0,0,0,0
4,38,7,4,1,0,37.95,7,1,1,0,0
9,21,5,2,0,0,120.62,2,1,0,1,0
6,22,7,2,1,1,57.65,1,0,0,0,0
6,32,9,4,1,1,40.72,3,0,0,0,0
0,18,9,5,1,1,14.03,1,0,0,0,1
1,40,7,3,0,1,126.56,13,1,1,0,1
2,36,3,3,0,1,99.98,5,0,1,0,0
5,22,7,3,1,0,61.71,2,1,0,0,0
0,48,2,4,0,0,387.01,2,0,0,1,0
3,46,10,5,0,0,340.55,5,1,1,0,0
6,26,2,2,0,1,70.11,2,0,1,0,0
17,20,2,4,0,0,270.74,7,0,0,0,0
0,30,6,2,1,1,40.46,7,1,0,1,0
0,30,7,5,0,1,45.65,3,1,1,0,0
6,40,4,3,0,0,303.94,0,1,1,0,0
0,42,9,1,1,1,74.5,2,1,1,1,0
6,25,6,2,1,1,95.88,5,1,1,0,0
12,21,3,2,0,0,154.34,1,1,0,0,0
2,58,9,5,0,1,765.65,1,1,0,0,0
3,20,10,4,0,1,34,1,1,0,0,0
0,48,7,4,1,0,194.4,1,1,1,0,0
0,37,5,5,0,0,48.12,5,0,0,0,0
0,22,8,5,0,1,27.55,0,1,0,0,0
1,18,7,3,1,0,20.97,6,1,0,0,0
4,35,5,3,0,0,152.42,0,0,1,0,0
5,40,8,2,1,1,5.01,5,0,1,1,0
3,32,9,3,0,1,101.49,0,0,0,0,1
8,20,10,4,1,1,68.78,1,0,0,0,0
12,24,1,2,0,1,128.31,1,1,1,0,0
0,23,1,1,0,0,38.6,3,1,0,0,0
13,28,9,5,1,1,286.76,2,1,1,0,1
0,47,1,4,1,0,11.9,4,0,0,0,0
0,23,3,1,1,1,21.57,3,0,0,0,0
4,44,1,2,1,1,274.07,5,0,0,0,0
6,29,4,5,0,1,2.61,7,0,1,0,0
5,22,10,1,0,0,55.01,9,0,1,0,0
0,27,7,1,1,1,84.53,9,0,0,0,0
2,21,6,2,1,0,26.92,1,0,1,1,0
4,18,6,1,1,0,32.99,9,0,0,0,1
12,26,7,1,0,1,188.98,3,0,0,0,0
3,18,5,5,1,1,19.02,2,0,1,0,0
5,54,7,1,0,0,1051.04,12,1,0,0,0
2,36,11,1,0,0,157.62,9,1,0,0,0
1,45,6,1,0,0,297.15,6,0,0,0,0
12,40,3,2,0,1,519.65,3,1,1,0,0
4,26,12,3,0,0,85.13,7,1,0,0,0
1,30,5,1,1,1,49.24,7,0,0,0,1
9,21,12,3,0,0,53.58,1,0,0,0,0
3,24,11,5,0,1,40.57,1,1,1,0,1
2,47,6,2,0,0,324.81,6,1,1,0,0
6,18,12,2,0,0,53.66,1,1,0,0,0
0,25,10,2,1,1,68.94,3,1,0,1,0
4,18,3,1,1,0,3.54,3,0,0,1,0
7,21,2,2,0,0,5.61,2,1,0,0,0
4,25,7,4,0,1,95.8,7,0,1,0,0
16,17,3,5,0,0,180.66,9,1,0,0,0
5,29,11,1,0,1,82.21,2,1,1,0,1
6,32,7,4,0,0,82.74,1,0,0,0,0
0,27,10,5,0,1,43.12,2,1,0,0,0
3,35,1,1,0,1,128.68,1,1,0,0,0
4,18,1,1,1,0,35.87,10,1,0,0,0
4,30,2,5,0,1,109.58,9,0,0,1,0
0,49,8,4,1,1,164.93,1,1,1,0,0
1,26,3,3,0,1,89.15,5,0,0,0,0
7,30,2,2,0,0,72.76,2,1,1,0,0
6,23,3,1,0,1,65.99,4,0,0,0,0
6,23,12,1,1,0,80.76,11,1,0,0,0
3,19,12,4,1,1,31.74,12,1,1,0,0
2,24,7,4,1,0,66.7,3,0,1,0,1
0,24,4,4,1,1,23.59,8,1,0,0,0
6,24,1,3,1,1,79.83,2,0,0,0,1
4,37,11,5,1,1,38.27,5,1,0,0,0
4,22,12,4,0,1,3.66,9,0,0,0,0
0,27,10,1,0,0,55.2,2,1,0,0,0
0,23,9,1,0,1,30.15,8,1,0,0,0
10,29,3,1,0,1,154.22,6,1,1,0,0
6,30,1,2,0,1,123.06,6,1,0,0,0
1,49,8,4,1,0,5.52,9,1,0,0,1
5,44,3,2,0,1,292.18,5,1,1,0,0
1,27,6,1,0,1,50.31,1,1,0,0,1
5,35,1,5,0,1,135.66,1,0,1,0,0
6,40,9,3,0,1,237.42,3,1,1,0,0
6,20,4,5,1,1,48.09,5,0,0,0,0
11,18,12,4,0,0,50.41,3,0,1,1,0
0,44,1,2,0,0,239.82,6,1,0,0,0
8,19,12,5,0,1,48.42,1,1,1,0,0
8,51,11,2,0,1,772.39,2,0,1,0,0
0,22,2,4,1,1,16.38,4,1,1,0,1
1,28,4,5,1,0,80.65,3,1,0,0,0
0,32,6,3,1,1,47.92,10,0,0,0,0
6,20,10,2,0,0,64.4,10,0,0,0,0
1,29,2,5,1,0,24.04,3,0,0,1,0
9,27,10,4,1,1,45.85,1,0,0,0,0
0,20,11,4,0,1,22.98,3,1,0,0,0
1,21,11,1,1,1,93.11,0,0,0,0,1
0,39,12,5,0,1,30.92,1,1,0,0,0
0,20,7,5,1,0,21.05,1,1,0,0,0
1,30,10,1,1,0,49.99,1,1,1,0,0
0,23,6,4,1,1,21.7,9,1,0,1,0
6,33,11,4,0,1,160.03,1,1,0,0,0
1,18,2,4,1,1,82.52,9,1,1,0,0
7,37,5,5,1,1,34.62,7,1,0,0,0
6,27,4,1,1,0,94.35,7,1,1,1,0
2,41,12,1,1,0,18.39,4,0,1,0,0
0,22,9,2,1,0,20.97,8,1,1,0,1
0,48,4,5,1,0,194.4,0,1,1,0,0
0,28,5,3,0,1,47.12,8,1,0,0,0
1,27,1,2,0,1,49.14,3,1,0,0,0
6,27,1,3,0,1,4.74,5,1,1,0,0
10,19,2,4,1,0,93.35,1,1,1,0,0
1,30,6,2,1,1,89.48,6,0,0,0,0
0,23,3,2,1,0,22.42,3,1,1,0,0
4,34,6,5,1,0,122.02,2,1,1,1,0
1,30,5,3,1,0,61.56,4,1,0,0,0
13,33,12,3,0,0,414.84,10,0,1,0,0
0,20,2,4,1,1,13.35,5,0,1,0,0
1,51,6,2,0,0,488.3,6,1,0,0,0
0,26,4,1,0,1,39.45,3,0,0,0,0
0,20,5,1,1,1,13.35,3,1,1,0,0
3,27,12,2,1,1,67.04,2,0,0,0,0
0,57,6,4,1,1,389.34,3,1,0,0,0
0,63,10,4,0,1,1012.82,8,1,0,1,0
5,30,10,2,1,0,102.86,6,1,1,1,0
3,29,8,2,1,0,65.46,8,1,1,0,0
1,46,2,2,1,0,242.49,1,1,0,0,0
3,27,5,1,0,1,51.8,8,1,1,0,0
0,21,6,1,1,0,19.16,2,0,1,0,1
6,26,8,4,1,1,67.02,5,0,1,0,0
5,38,7,4,0,1,203.09,2,0,1,1,0
0,53,6,3,0,1,320,4,1,1,0,0
6,29,12,3,1,1,23.95,8,1,0,1,0
1,41,10,5,0,1,134.57,1,0,1,0,0
0,39,6,2,1,0,91.21,11,0,1,0,0
14,38,3,2,0,0,46.61,3,0,0,1,0
2,43,1,5,1,0,183.13,7,1,1,0,0
0,27,12,1,1,0,39.48,10,0,0,0,0
2,28,8,1,0,0,78.32,11,0,0,0,0
0,19,5,3,1,1,8.24,1,0,0,1,0
0,24,1,3,1,0,30.2,4,1,0,0,0
6,20,7,3,0,0,74.46,14,0,0,1,0
0,41,8,3,0,1,145.44,10,0,0,0,0
4,21,3,4,0,0,54.31,4,1,0,0,0
6,25,10,4,1,1,75.94,10,0,0,1,0
6,21,1,3,1,1,38.47,5,0,1,0,1
1,40,7,1,1,1,92.79,3,1,1,0,0
0,26,6,4,1,0,36.12,7,0,0,0,0
7,39,10,2,1,0,392.98,5,0,0,0,0
8,29,11,5,0,1,149.78,0,1,0,0,1
6,24,12,4,0,1,58.62,1,0,1,0,0
9,20,10,2,0,1,76.2,2,1,0,0,1
0,35,2,4,1,1,62.21,5,0,0,0,0
0,29,6,1,0,0,65.9,9,1,0,0,0
3,20,2,5,0,0,5.24,6,1,0,0,0
1,61,12,2,1,0,819.5,2,1,0,0,0
10,22,10,4,1,0,122.56,8,0,1,0,0
0,34,2,2,0,1,79.76,1,1,0,0,0
8,19,4,5,0,0,61.98,6,1,1,0,0
12,31,1,2,1,0,45.94,11,1,1,0,1
3,46,4,4,0,1,266.02,5,1,1,0,0
3,39,7,1,0,1,181.5,2,1,0,0,0
0,31,9,3,0,0,73.77,4,1,1,1,0
3,54,2,3,0,1,593.63,7,1,1,1,0
0,28,5,3,0,1,47.12,10,1,0,0,0
0,26,3,2,1,0,29.33,3,0,1,0,0
4,45,2,4,0,0,439.62,7,0,0,0,0
8,22,2,5,1,0,86.21,7,0,1,1,0
7,20,5,2,0,1,46.54,2,1,1,0,0
6,19,12,1,0,1,45.93,3,0,0,0,0
6,32,9,4,1,0,149.2,0,1,1,0,1
4,47,7,5,1,1,352.09,1,0,0,0,0
4,22,6,3,1,1,40.31,0,1,0,0,0
6,32,11,4,0,0,187.74,9,0,0,0,0
2,43,6,2,0,0,13.59,1,0,0,0,0
5,49,5,5,0,0,698.35,2,1,0,0,0
1,23,9,1,0,1,39.72,7,0,0,1,0
0,31,7,1,0,1,49.84,2,1,1,0,0
2,33,5,2,1,1,74.79,3,1,0,0,0
0,24,2,1,1,0,5.06,14,1,0,0,0
0,30,8,4,1,1,40.21,7,1,0,0,0
0,25,9,3,0,0,60.88,0,0,0,0,0
3,26,3,2,0,0,70.14,8,0,1,1,0
0,35,12,5,0,0,24.48,2,1,1,0,0
5,58,8,5,0,0,1676.52,9,0,0,1,0
0,19,2,1,0,0,26.86,8,0,0,0,0
6,56,9,4,1,0,80.36,10,1,0,1,0
0,28,10,5,1,1,98.82,3,0,1,0,0
2,35,2,3,1,1,73.72,1,0,1,0,1
12,30,7,5,1,1,281.1,0,0,1,1,0
3,23,7,4,0,0,57.1,5,0,0,0,0
8,26,9,2,0,1,129.61,6,0,0,1,0
12,31,5,3,1,1,375.73,15,1,0,0,0
15,33,1,2,0,1,518.16,5,0,0,0,0
7,21,9,3,1,1,63.36,2,1,0,1,0
6,42,1,5,1,1,331.2,12,1,0,0,0
13,30,3,3,0,1,306.89,2,1,0,0,0
0,34,10,3,1,0,73.03,3,1,0,0,0
3,39,1,5,1,0,28.85,1,1,0,0,0
9,39,9,5,1,0,89.24,6,0,0,0,0
6,19,6,4,1,0,56.21,1,0,0,0,0
4,24,5,5,1,0,61.78,1,1,0,0,0
6,31,10,4,1,0,68.45,8,0,0,0,0
12,30,10,4,0,0,344.79,2,0,0,0,0
0,35,11,4,0,1,86.98,9,1,0,0,0
4,34,10,4,0,1,126.22,4,1,1,1,0
3,39,3,5,1,0,192.12,9,0,0,0,0
6,24,11,3,1,1,26.58,5,1,0,0,0
6,29,9,4,0,0,35.82,8,1,1,0,0
0,29,5,2,1,1,52.72,0,0,0,0,0
8,28,2,4,0,0,171.43,6,1,0,0,0
6,32,10,3,0,0,217.06,5,0,0,1,0
0,18,3,3,1,1,13.7,6,1,0,0,0
6,35,1,4,0,0,243.72,4,1,0,0,0
4,42,9,5,1,1,231.58,10,0,0,0,0
9,22,10,4,1,0,50.32,2,1,0,0,0
0,25,4,2,1,1,21.08,4,0,1,1,0
0,17,6,1,1,1,12.57,3,1,0,1,0
3,37,10,4,1,1,126.44,11,0,0,0,0
3,28,7,3,1,1,57.65,8,1,0,0,0
6,19,4,1,0,0,58.8,4,0,0,0,0
1,45,2,1,1,1,175.29,1,0,0,1,0
6,20,1,2,1,1,48.09,6,1,0,0,0
0,23,2,1,0,1,93.9,7,1,0,1,0
0,22,8,2,1,0,25.23,9,1,0,0,0
0,19,3,5,1,1,12.19,5,1,1,0,0
15,31,2,3,0,1,435.04,6,0,0,0,0
1,18,2,2,0,0,27.94,6,0,0,0,0
6,28,1,3,1,1,51.31,7,1,0,0,0
0,44,2,2,0,1,191.81,12,1,0,0,1
8,42,2,3,0,1,460.56,1,0,0,0,1
0,20,10,2,0,1,19.11,2,0,1,0,1
3,28,8,1,1,0,61.35,3,0,1,0,1
6,24,3,5,0,1,73.92,13,0,0,0,1
0,32,5,1,0,1,67,3,1,0,0,0
1,19,7,1,1,1,17.95,9,1,0,0,0
6,35,10,3,1,0,234.39,1,0,0,1,0
0,52,4,5,0,1,363.27,3,1,0,0,0
7,31,4,2,1,0,47.62,7,1,0,0,0
6,21,1,4,1,1,53.92,6,1,0,0,1
13,29,3,5,0,0,415.9,6,0,0,1,0
6,21,12,1,1,0,74.61,5,1,0,0,0
2,37,11,3,1,1,60.45,8,1,1,0,1
4,28,8,3,0,0,101.69,10,1,0,0,0
1,18,2,1,0,1,17.72,2,1,1,0,0
1,30,8,3,1,0,61.56,13,1,0,0,0
0,45,9,5,1,0,186.52,3,1,0,0,0
0,20,8,3,1,0,17.09,2,1,1,0,0
1,31,6,3,1,1,43.65,7,1,1,0,1
0,27,10,2,1,1,67.85,1,1,0,0,0
3,34,11,1,1,1,97.57,5,0,0,0,0
6,31,6,3,0,0,21.73,4,0,0,1,0
8,38,10,5,0,0,332.67,3,0,1,0,0
6,39,1,1,0,0,343.74,1,0,0,0,0
6,30,1,1,0,0,157.53,2,0,0,0,0
0,34,2,3,0,1,59.45,10,1,0,0,0
0,27,1,2,0,1,35.01,2,1,1,0,0
5,25,2,4,1,1,39.03,8,1,0,1,0
0,51,9,1,0,1,334.75,1,1,0,0,0
0,25,6,3,0,1,36.08,9,1,0,0,0
0,35,10,1,1,0,79.64,7,1,0,0,0
0,27,10,5,0,1,43.12,12,0,0,0,0
6,28,4,1,1,0,102.49,1,0,1,0,0
7,17,2,2,0,0,42.88,2,1,1,0,1
4,49,3,5,1,0,42.82,1,1,0,0,0
8,27,7,3,1,0,169.13,4,1,0,0,1
8,20,8,5,0,1,75.81,1,1,1,0,0
0,24,7,4,0,1,26.78,5,0,1,0,0
9,19,11,5,1,0,98.43,2,0,0,0,1
0,48,1,4,0,0,387.01,7,0,0,1,0
3,23,6,3,0,1,84.02,5,0,1,0,0
7,32,7,4,0,0,61.79,8,1,1,0,0
7,22,1,2,0,0,71.42,6,1,1,0,0
0,19,5,5,0,1,24.26,4,1,0,1,0
0,34,5,5,0,1,79.76,4,0,0,0,0
1,41,2,3,1,1,124.41,0,0,0,0,0
7,26,6,1,0,1,100.73,1,0,0,0,1
6,20,2,1,0,0,65.94,11,1,0,0,1
7,26,2,3,1,1,86.99,2,0,0,0,0
1,24,4,5,0,1,30.52,10,1,1,0,0
5,27,1,1,0,1,67.26,7,0,1,0,0
3,48,2,3,0,1,386.84,6,1,0,0,0
1,31,6,2,0,1,69.95,2,1,0,0,0
3,27,7,2,0,1,63.8,12,1,0,0,0
1,31,12,4,1,1,52.51,8,0,0,0,0
7,27,6,5,0,0,57.3,4,1,0,0,0
4,20,6,4,0,0,49.59,5,0,0,1,0
4,19,7,3,1,1,23.35,1,0,0,0,0
4,24,3,4,1,0,62.15,1,1,0,1,0
11,21,10,1,0,0,127.16,11,1,1,1,0
0,30,11,5,1,1,32.65,14,1,1,0,0
1,23,4,3,1,1,20.94,7,0,1,0,0
7,42,6,2,0,1,320.54,8,0,1,0,0
8,19,12,2,0,1,61.06,3,0,0,0,1
0,28,11,2,1,0,35.03,0,1,1,0,0
2,24,10,4,0,0,54.83,8,0,0,0,0
2,19,5,1,0,1,27.9,1,1,0,0,1
6,29,8,5,0,1,112.67,6,0,0,0,0
12,31,3,3,1,0,483.89,1,1,0,1,0
6,37,10,3,1,1,221.43,7,1,0,0,1
2,34,10,1,1,1,33.94,8,1,0,0,0
8,24,10,1,0,1,95.98,4,1,0,0,1
7,40,1,5,0,0,436.71,4,0,0,0,1
0,35,12,2,1,0,96.68,9,0,0,0,0
4,50,4,3,1,0,591.33,0,1,0,0,1
4,18,6,5,0,0,65.71,6,1,0,0,0
2,29,12,4,0,1,77.28,2,1,0,1,0
3,19,4,5,0,1,68.34,5,1,1,0,0
1,36,2,4,1,0,103.84,9,0,0,0,0
3,40,1,5,1,0,209.22,7,0,0,0,0
8,23,8,4,0,0,109.69,7,1,0,0,0
3,51,10,5,0,1,22.21,2,1,1,0,0
0,51,10,2,0,0,347.96,2,0,1,0,0
0,52,1,3,0,0,377.6,0,0,1,0,0
6,33,9,2,1,0,40.27,5,1,1,0,0
0,19,11,5,1,1,15.01,4,0,0,0,0
2,49,11,3,0,1,299.4,2,1,1,0,0
6,24,3,3,0,1,73.92,8,1,0,0,1
6,19,5,5,1,1,35.65,2,0,1,0,0
6,40,5,1,0,0,351.41,10,1,1,1,0
0,37,9,1,0,1,103.36,3,1,0,0,0
7,35,7,4,0,0,277.71,3,0,0,0,0
7,25,3,2,1,0,26.18,12,1,1,1,0
9,19,4,1,1,0,96.13,12,0,0,0,0
3,41,6,2,0,0,275.46,3,0,0,0,0
4,35,7,2,1,1,130.29,13,1,0,0,1
6,44,7,4,1,1,391.97,4,0,0,0,0
3,41,12,2,1,0,227.77,6,1,0,0,0
5,21,9,1,0,1,39.25,11,1,1,0,0
0,33,5,1,1,1,52.29,5,1,0,0,0
6,27,12,2,0,0,96.43,2,1,0,0,0
0,46,4,3,1,0,66.99,8,1,0,0,1
6,35,5,3,1,0,232.98,4,0,0,0,0
7,30,11,3,0,1,140.22,11,0,0,0,0
1,19,9,4,0,1,24.48,6,1,0,0,1
3,21,5,4,1,1,75.39,1,1,0,0,0
2,29,11,5,1,1,52.66,7,0,0,0,0
3,25,2,3,0,1,50.11,4,0,1,1,0
6,39,3,5,1,0,273.18,8,0,1,0,1
2,21,12,5,0,1,32.68,3,1,0,0,0
8,37,2,3,0,0,376.01,1,1,0,0,0
17,36,1,4,0,1,893.42,7,0,0,0,1
2,61,6,2,1,0,35.5,7,1,1,0,1
3,19,9,3,0,1,64.46,6,0,0,0,0
0,38,6,2,0,1,91.45,6,0,1,0,0
0,46,4,5,0,1,221.45,0,0,0,0,0
0,21,11,1,1,1,45.56,0,0,0,0,0
0,48,2,3,0,0,278.28,2,1,1,0,1
0,41,1,5,0,1,59.22,8,0,0,0,0
6,20,8,1,0,0,90.02,6,1,1,0,0
0,41,11,1,1,0,48.81,3,0,0,0,0
2,19,9,4,1,1,19.88,0,1,0,0,0
6,26,1,3,0,1,86.34,1,1,0,0,0
4,50,6,5,0,0,8.74,1,0,1,0,0
3,30,2,4,1,1,38.08,6,1,0,0,0
12,26,8,5,0,0,201.12,1,0,1,0,1
3,34,11,2,1,0,28.86,2,0,0,0,0
1,24,7,1,1,1,28.89,12,0,0,0,1
3,18,11,5,0,1,28.34,4,1,0,0,0
6,32,12,3,0,1,34.37,6,0,0,1,0
0,51,5,5,0,0,347.96,1,0,1,0,0
2,35,11,3,1,1,88.98,5,0,0,0,0
0,23,9,4,0,0,81.3,1,0,1,0,0
0,22,11,1,1,1,19.71,4,0,0,0,0
6,45,4,4,0,1,445.86,3,1,0,0,0
1,20,5,1,1,1,24.54,2,0,0,0,1
4,35,1,1,0,1,146.63,1,1,0,0,0
0,23,5,1,1,0,22.42,13,1,1,0,0
0,32,6,2,0,1,67,2,1,0,0,0
1,25,12,1,0,0,52.63,7,0,0,0,0
9,47,1,2,1,1,861.26,6,0,0,0,0
4,25,7,5,1,0,67.57,2,1,0,0,0
13,45,12,5,0,0,1423.47,5,1,0,0,0
4,50,5,5,0,1,519.84,4,1,0,0,0
7,31,7,3,1,0,196.64,4,0,0,0,0
4,42,8,3,0,1,266.84,9,1,0,0,0
0,17,10,4,1,1,52.24,5,0,0,0,0
1,36,6,4,0,0,138.33,4,1,0,0,0
6,29,10,5,1,1,108.36,3,0,0,1,0
1,37,10,3,1,0,87.75,9,1,0,0,0
6,20,1,5,0,0,64.4,1,0,0,0,0
8,20,12,2,0,0,83.62,9,0,0,0,0
4,31,11,3,1,0,114.97,4,1,0,0,0
0,18,1,4,0,1,22.14,2,0,0,1,0
3,21,6,4,0,0,47.67,3,1,0,0,0
6,42,5,3,0,1,281.31,7,0,1,0,0
0,54,2,4,1,1,249.73,2,1,1,1,0
1,36,7,3,1,1,81.12,10,0,0,0,0
6,27,4,2,1,0,116.2,4,1,0,1,0
1,21,8,5,1,0,68.16,10,1,0,0,0
4,50,7,4,1,1,375.06,1,1,1,0,1
5,20,7,5,0,0,15.98,3,0,1,0,0
1,47,8,1,1,0,213.98,8,1,1,0,0
5,43,12,4,1,0,320.69,9,1,1,0,1
2,35,1,3,1,0,73.4,5,1,0,1,0
3,25,10,4,0,1,10.71,2,0,1,1,0
12,24,3,3,1,0,258.47,4,0,0,0,0
0,24,8,1,0,1,26.78,5,0,1,0,0
1,27,4,2,1,0,47.22,5,1,0,0,0
0,42,6,2,1,0,6.82,4,1,1,0,0
1,47,1,5,0,0,351.06,1,0,0,0,0
8,40,4,1,0,0,561.91,2,1,0,1,0
2,47,4,5,1,0,315.16,6,0,0,0,0
6,50,4,3,1,1,523.9,9,0,1,0,0
2,23,4,1,0,0,50.12,4,1,0,0,0
2,24,3,1,1,0,43.2,12,0,0,0,0
0,29,12,2,0,1,51.48,1,0,0,0,0
8,17,6,4,1,0,67.35,14,1,0,1,0
0,22,8,5,1,1,19.71,7,1,0,0,0
4,18,9,1,0,1,26.22,5,1,1,0,0
1,21,7,5,1,1,17.59,2,0,1,1,0
2,48,11,5,1,0,278.02,3,0,1,0,0
7,20,9,1,0,0,73.38,11,1,0,0,0
0,63,2,3,1,1,61.29,2,1,1,0,0
6,50,8,4,1,1,649.1,7,0,0,1,0
3,22,8,2,1,0,43.15,6,1,0,0,0
0,25,5,4,0,1,36.08,10,1,0,0,0
5,18,12,3,0,0,38.24,13,1,1,0,0
6,26,6,4,0,0,110.53,1,1,0,0,0
0,42,8,2,1,1,115.92,2,1,0,0,1
0,30,7,2,0,1,57.57,11,0,0,0,1
3,37,9,4,0,1,124.16,6,1,1,0,0
6,49,5,4,0,1,636.43,3,0,0,0,1
7,20,5,2,0,0,84.84,3,1,0,1,0
2,29,10,1,1,1,24.65,6,0,0,0,0
10,17,8,3,0,0,84.51,6,0,0,0,1
14,18,10,4,0,0,152.5,7,0,0,0,0
6,35,6,3,1,1,181.99,8,1,0,0,0
6,28,8,2,1,1,100.95,9,1,0,0,1
6,45,2,1,1,0,445.71,4,0,1,1,0
3,47,2,5,0,1,356.05,10,1,0,0,0
2,35,9,5,1,0,73.19,1,1,0,0,0
12,21,6,1,1,0,197.21,11,0,0,0,0
0,35,2,1,0,0,96.07,3,0,1,0,0
6,47,12,2,1,1,57.59,1,1,1,0,0
1,38,2,4,1,0,102.52,9,1,1,0,1
1,33,7,5,0,1,83.31,13,0,0,0,0
10,21,6,3,0,0,96.52,3,0,1,0,0
3,26,11,4,1,1,90.27,0,0,0,0,0
6,47,4,2,0,0,84.92,0,1,1,0,0
4,52,10,2,1,0,684.44,8,1,0,1,0
2,33,3,5,1,1,98.01,3,0,1,0,0
1,25,11,2,0,0,52.63,4,0,0,0,0
3,23,2,3,1,0,47.5,7,0,0,1,0
6,24,12,5,0,0,92.43,7,0,0,0,0
0,28,5,5,0,1,44.24,1,0,1,1,0
0,22,8,2,0,0,35.27,1,0,0,0,0
2,47,3,5,1,1,34.36,10,0,0,0,0
7,18,7,3,0,1,48.91,1,1,0,0,1
10,27,2,5,0,1,41.34,5,1,1,0,0
9,20,11,5,0,0,110.15,5,1,0,1,0
4,32,10,2,0,1,10.67,5,1,0,0,1
8,34,5,1,0,0,290.15,4,0,0,0,0
5,18,3,3,0,1,42.53,1,1,0,1,0
3,32,5,2,1,1,82.46,11,0,0,1,0
12,53,1,2,0,0,2416.81,4,1,0,0,0
4,18,5,5,1,1,28.02,3,1,0,0,0
8,23,10,3,0,1,71.23,8,1,1,0,1
3,19,4,4,1,1,26.28,2,1,0,0,1
13,28,4,3,0,0,337.14,4,0,0,0,1
0,50,1,3,1,0,35.16,10,0,1,1,0
3,19,4,3,1,1,20.84,1,1,1,0,0
6,35,12,1,0,0,243.72,4,1,0,0,0
1,18,10,2,1,0,17.03,5,0,1,0,0
0,27,4,3,0,1,35.85,4,0,1,0,1
9,20,5,2,0,0,95.28,9,0,0,0,0
6,39,1,5,1,0,328.6,6,1,0,0,0
0,19,12,4,1,1,72.86,9,1,1,0,0
0,22,10,5,1,1,16,2,0,1,0,0
11,27,8,5,1,1,20,2,1,0,0,1
4,25,2,4,0,1,70.32,11,1,0,1,0
0,35,12,3,1,0,56.32,3,0,0,0,0
2,30,9,4,0,1,73,7,0,0,0,0
8,44,6,3,0,1,615.49,1,0,0,1,0
2,23,2,5,0,1,72.7,1,0,0,0,0
3,20,1,1,1,0,32.67,4,0,1,0,0
4,43,7,2,1,0,322.56,6,1,0,0,0
8,20,3,5,0,1,70.5,10,0,0,0,0
6,20,7,2,1,1,97.65,2,0,1,1,0
2,33,12,4,0,1,94.93,11,1,0,0,0
0,34,9,5,1,1,57.05,3,0,0,0,0
6,33,7,4,0,0,204.86,14,1,0,0,0
0,47,10,1,0,0,256.14,0,1,1,0,1
6,28,12,5,0,0,107.21,3,0,1,0,0
6,39,11,5,0,0,351.95,1,0,0,0,1
0,37,3,5,0,1,119.5,7,0,0,1,0
5,19,5,3,1,0,38.16,1,0,1,0,0
0,35,2,2,0,0,111.35,2,1,0,0,0
1,41,1,5,1,0,159.26,6,1,0,0,0
0,40,2,4,1,0,125.25,6,0,0,0,1
2,46,6,2,0,1,332.43,13,0,0,1,0
2,18,3,3,1,0,25.23,3,1,0,1,0
0,48,3,5,0,1,261.48,0,0,0,0,0
4,19,12,5,1,1,84.1,9,0,0,0,1
5,31,6,1,0,1,117.91,4,0,0,0,0
3,32,1,4,0,1,80.49,2,1,1,0,0
8,36,7,4,1,0,65.11,1,1,0,0,0
0,30,1,1,0,1,65,6,1,0,1,0
9,28,8,5,0,0,195.33,5,0,0,0,0
8,20,11,3,0,0,83.62,3,0,0,0,0
9,24,3,4,0,1,86.73,1,1,1,0,0
5,40,5,1,0,1,41.87,0,0,0,1,0
7,32,7,4,1,0,214.63,7,0,0,0,0
0,40,5,4,0,0,171.03,0,1,0,0,0
9,19,10,1,0,0,18.1,7,1,0,0,0
6,37,7,3,1,1,176.66,3,0,1,1,0
0,34,10,5,0,1,92.22,3,1,0,1,0
3,35,4,3,0,1,104.49,3,1,1,0,0
6,34,5,5,1,0,22.28,5,0,0,0,0
8,19,12,5,0,1,96.85,2,0,0,0,0
1,27,12,4,0,1,56.81,1,0,0,1,0
4,35,9,2,0,1,119.06,0,1,1,0,0
2,26,5,5,1,0,41.95,9,1,1,0,0
9,19,1,5,1,1,92.1,7,0,1,1,0
4,19,9,4,0,0,52.36,12,1,0,1,0
6,18,4,3,0,1,42.92,1,0,0,0,1
9,18,2,5,0,0,81.29,9,1,0,0,1
2,22,2,3,0,0,52.95,13,0,0,1,0
4,33,8,5,0,1,142.5,0,1,0,1,0
0,29,2,1,1,1,36.82,5,1,0,0,0
7,27,11,5,1,1,108.55,9,1,0,1,0
8,28,5,5,0,0,70.14,6,0,0,0,1
11,41,3,2,0,0,782.77,3,1,0,0,0
0,39,8,5,1,1,71.25,7,1,1,0,0
5,18,5,4,1,1,3.7,2,0,1,1,0
9,19,11,2,0,0,89.06,4,1,0,0,1
11,34,4,4,0,0,429.26,7,1,0,0,0
11,29,7,3,0,1,175.73,9,0,1,0,0
0,30,4,5,1,1,40.46,1,1,0,1,0
0,21,8,5,0,1,20.44,0,0,1,0,0
1,39,5,1,1,0,109.08,1,0,1,0,0
0,26,7,3,0,1,39.45,4,1,0,0,0
1,22,8,1,0,0,40.19,10,0,0,0,0
10,40,8,3,0,0,631.02,0,1,0,0,0
12,24,9,2,1,0,264.64,6,0,0,0,1
0,30,2,2,0,1,56.22,10,0,0,0,0
0,20,5,1,0,1,26.57,10,1,0,1,0
9,18,6,2,0,0,79.39,4,1,0,0,0
8,27,8,5,1,1,11.14,4,0,0,0,1
6,24,4,1,1,1,69.02,4,0,0,0,0
0,45,8,3,0,1,235.52,3,1,0,1,0
0,49,6,2,0,1,290.78,1,0,0,0,1
3,54,2,5,1,0,685.35,5,1,0,0,1
0,44,1,2,1,1,67.09,6,1,1,1,0
4,27,9,2,1,1,64.59,1,1,0,0,1
0,32,10,3,0,0,85.78,5,1,0,0,0
3,23,2,3,0,0,57.1,8,1,0,0,0
5,30,12,5,1,0,102.25,2,1,1,0,0
0,19,4,5,1,1,15.1,5,0,0,1,0
3,47,12,4,0,1,296,1,0,1,0,1
10,19,12,4,1,0,117.71,1,1,0,0,1
0,26,5,1,0,1,39.45,1,1,0,0,0
7,22,4,4,1,1,70.58,10,1,0,0,1
14,19,9,1,0,1,32.59,4,1,0,0,1
0,30,2,1,1,1,97.46,2,1,0,0,0
12,31,7,2,0,0,385.44,0,0,0,0,1
0,27,9,4,1,1,30.84,1,0,0,0,0
8,19,4,3,0,0,76.34,7,0,0,0,0
2,21,9,2,1,0,33.16,2,0,0,1,0
0,62,4,5,0,0,1036.71,0,1,0,0,0
11,20,4,3,0,1,96.63,3,1,0,0,0
9,34,9,2,1,1,287.15,0,0,0,1,0
5,18,6,3,0,1,42.53,1,1,0,1,0
6,30,2,1,0,1,26.78,10,0,0,0,0
1,22,12,2,0,0,32.63,13,0,1,0,0
0,24,11,1,0,1,32.99,2,0,0,0,0
0,32,4,1,1,1,90.11,5,1,1,0,0
5,32,5,5,1,1,97.44,10,1,0,0,0
6,27,2,4,0,1,52.94,3,0,1,0,0
4,33,4,3,1,1,86.85,1,1,1,0,0
8,32,5,5,0,0,243.75,0,1,0,0,0
0,60,12,5,1,1,494.55,5,0,0,0,0
0,53,7,3,1,0,293,1,1,1,0,0
3,21,7,4,0,1,37.23,2,1,0,0,0
0,50,10,1,1,1,61.65,6,1,0,1,0
0,44,10,1,0,1,191.81,11,1,0,0,1
6,17,3,4,1,0,65.85,12,0,0,0,0
3,21,1,4,1,0,41.64,5,1,1,0,0
14,38,11,4,0,0,918.13,3,0,0,0,1
0,47,4,4,1,1,59.86,7,1,0,0,0
1,17,5,3,1,0,19.14,13,0,0,0,0
1,36,2,1,1,1,87.56,5,0,0,0,0
0,18,8,4,1,0,39.52,4,1,0,0,0
5,30,6,1,0,1,87.69,1,0,1,0,0
10,19,1,4,0,0,99.11,10,1,0,0,0
3,40,3,1,1,0,2.77,1,0,1,1,0
5,40,3,3,1,1,190.93,0,1,1,1,0
12,22,8,4,0,0,168.96,1,1,0,0,0
0,18,7,2,1,1,84.38,2,0,0,0,0
3,22,3,3,0,1,84.32,5,1,0,0,0
4,30,7,5,0,0,98.52,3,1,1,0,0
0,19,8,2,0,0,51.11,0,0,0,0,0
7,38,3,5,0,1,287.58,5,0,0,0,1
4,27,10,5,0,1,59.02,0,1,1,0,0
5,37,6,4,0,1,31.71,5,1,0,0,0
8,17,1,5,0,0,52.85,2,1,1,0,1
3,18,1,5,0,1,32.76,9,0,0,1,0
0,29,2,5,1,1,19.46,3,0,0,0,0
5,19,7,5,1,1,37.59,7,0,0,0,1
4,26,1,4,0,1,68.09,6,1,0,0,1
4,42,12,4,1,1,48.53,5,1,1,0,0
8,17,12,1,0,1,43.11,10,0,1,0,1
9,42,7,3,1,1,7.57,7,1,1,0,0
9,24,12,5,1,0,125.63,3,1,1,0,1
7,24,11,4,1,1,8.16,3,0,0,0,0
16,29,3,5,1,0,34.34,2,0,1,0,1
12,22,9,1,0,0,168.96,3,1,0,0,0
5,24,7,3,1,0,73.88,1,0,0,0,0
6,40,11,2,0,0,432.78,7,1,0,1,0
6,22,2,1,0,1,69.72,6,1,0,1,0
5,48,8,1,0,1,417.55,2,0,1,0,1
7,34,8,4,1,1,162.05,2,0,1,0,0
0,31,2,5,1,1,92.47,8,1,0,0,0
3,19,10,5,0,0,39.74,13,0,0,0,0
13,27,3,4,0,1,191.12,3,1,1,0,0
8,23,6,2,0,0,109.69,2,0,0,0,0
0,41,5,3,0,1,145.44,14,1,0,0,0
1,24,4,2,0,0,39.07,9,1,1,0,0
6,20,6,2,0,0,64.4,2,1,0,0,0
0,18,2,3,1,1,13.7,2,1,0,0,0
4,19,4,1,0,0,45.29,10,1,0,0,0
12,39,12,3,0,1,587.69,8,1,0,0,0
3,20,10,3,0,1,27.61,5,0,1,0,0
8,49,3,4,0,1,27.01,0,1,1,0,0
1,25,12,3,1,0,32.08,0,0,1,0,0
6,30,12,4,0,0,157.53,3,0,0,0,0
13,29,10,4,0,0,97.78,3,1,0,1,0
6,25,11,2,1,1,77.29,14,0,0,0,1
12,31,11,3,0,0,79.27,5,0,0,0,0
2,18,7,5,1,0,25.08,10,0,0,0,0
2,18,12,3,0,1,20.19,4,1,1,0,0
0,24,2,1,0,1,32.99,5,0,0,0,0
0,28,12,2,1,1,75.04,6,0,1,0,0
2,23,7,3,1,0,94.83,2,0,0,0,0
3,50,8,4,0,0,584.04,0,0,0,0,0
8,25,9,5,1,1,108.61,8,0,0,1,0
12,20,9,4,1,0,181.18,8,1,0,1,0
12,19,4,5,0,0,128.69,6,0,0,0,0
1,31,10,3,0,1,65.66,1,0,1,1,0
0,39,11,3,1,0,91.21,7,1,1,0,0
2,29,2,1,1,1,54.41,8,0,0,0,0
3,18,5,3,0,0,36.27,4,0,0,0,0
6,19,5,5,1,1,35.65,4,0,1,0,0
8,23,5,2,0,1,69.57,8,1,1,0,0
7,46,9,1,1,0,709.36,4,1,0,0,0
0,29,4,4,0,0,53.51,10,1,1,0,0
1,39,5,3,1,1,107.44,9,1,0,0,1
2,19,7,2,1,0,97.34,6,1,0,0,0
3,32,6,2,0,1,17.05,12,1,1,0,0
6,19,11,2,0,0,60.2,6,0,0,0,1
4,46,8,3,1,1,323.98,4,1,0,0,0
0,43,6,3,1,1,75.09,11,1,0,0,0
7,25,7,1,1,0,44.6,3,0,0,0,0
4,17,8,3,1,1,25.57,5,1,0,0,0
7,21,9,3,0,1,62.77,12,0,0,0,0
11,38,11,1,0,0,83.1,4,1,0,0,1
2,43,7,4,0,1,181.57,10,1,1,0,0
4,27,3,3,0,1,73.23,7,1,0,1,0
0,20,9,3,1,0,88.9,9,1,1,0,0
0,28,5,1,1,1,33.7,6,0,0,0,0
10,17,5,3,0,1,64.48,4,0,0,0,0
0,17,10,2,0,1,30.61,6,0,1,0,0
0,33,6,1,1,1,53.54,1,1,0,0,1
4,28,10,3,1,1,55.98,2,0,1,0,0
13,29,1,4,1,1,23.65,1,0,0,0,0
5,19,3,2,0,0,51.6,1,0,0,0,0
0,19,1,3,1,1,56.94,1,1,0,1,0
5,19,9,5,0,1,32.73,4,1,1,0,0
6,26,2,5,1,0,84.93,4,0,1,1,0
0,26,11,2,1,0,36.12,5,0,0,0,0
11,24,8,5,0,0,181.77,0,0,0,0,1
1,41,7,1,0,0,172.27,10,0,1,0,0
8,31,1,5,0,0,181.33,1,0,1,0,0
8,26,8,3,1,0,96.39,0,1,1,1,0
0,41,4,2,0,1,120.92,2,1,1,0,1
10,27,7,3,1,1,149.85,2,1,1,0,0
3,37,1,2,0,0,72.01,11,0,0,1,0
0,28,6,5,1,1,58.04,1,0,0,0,0
9,19,3,4,1,0,61.98,4,1,0,0,0
4,19,8,5,0,1,28.72,5,1,1,0,0
9,23,1,5,0,0,101.48,11,0,1,0,0
9,28,4,1,0,0,195.33,0,0,0,0,0
5,22,11,1,1,0,50.1,1,0,1,0,0
6,18,3,4,1,1,33.32,11,1,1,0,1
2,33,3,2,0,1,94.93,4,1,0,0,0
0,29,6,4,0,0,75.89,8,1,0,0,0
3,26,1,2,1,1,83.17,7,0,0,0,0
3,35,12,1,0,0,33.18,5,1,0,0,0
7,20,4,1,0,0,68.89,3,1,1,1,0
11,18,12,4,1,0,101.89,2,0,1,0,0
14,22,5,2,1,1,241.18,8,1,0,0,0
7,30,12,2,0,0,145.75,5,1,1,0,0
2,31,11,2,1,1,59.48,14,1,1,1,0
3,23,9,5,0,1,36.22,1,0,1,0,0
0,48,3,4,1,1,191.48,3,1,0,0,1
11,29,5,5,1,0,337.3,1,0,0,0,0
0,22,8,3,1,1,19.71,1,0,0,0,0
3,28,6,5,1,1,36.05,2,0,0,0,0
16,36,8,4,0,0,980.35,10,1,0,0,0
3,32,12,1,0,1,99.13,1,1,0,0,0
4,18,8,5,0,0,9.7,8,1,1,0,0
2,47,9,3,0,1,21.21,8,1,0,1,0
6,30,3,2,0,0,157.53,13,1,0,0,0
0,29,4,5,0,1,41.8,10,1,1,0,0
1,18,4,1,0,1,21.82,7,0,0,0,0
2,22,6,5,1,1,34.95,6,0,1,0,0
0,38,10,1,0,1,91.45,1,1,1,0,0
8,32,10,2,1,0,98.06,8,0,1,0,0
10,41,9,5,0,0,571.11,5,1,1,0,1
2,19,1,5,1,1,41.33,9,1,1,1,0
0,19,3,3,0,1,20.98,4,0,0,0,0
2,17,8,5,0,0,23.59,8,0,1,0,0
4,29,11,4,1,1,24,2,0,1,0,1
8,20,8,4,0,0,83.62,8,1,0,0,0
0,24,8,1,0,1,32.99,3,0,0,0,0
5,27,10,1,0,0,99.54,6,1,1,1,0
5,38,1,4,0,1,250.11,9,1,0,1,0
6,23,1,2,0,0,84.48,4,0,0,0,0
6,18,11,3,1,0,52.53,5,0,0,0,1
3,39,4,5,1,0,192.12,2,1,0,0,0
0,28,1,5,0,1,16.3,8,1,0,0,0
4,34,1,4,1,0,44.44,1,1,0,0,0
1,27,6,3,1,0,47.22,10,1,0,0,0
9,38,7,3,0,0,379.07,10,1,1,0,0
10,26,5,1,0,1,136.64,1,1,1,1,0
3,22,7,1,0,0,52.18,10,1,0,0,0
1,23,8,3,1,1,25.79,11,0,0,0,0
1,55,11,2,1,1,398.8,5,1,0,1,0
4,39,6,1,0,0,271.07,4,1,0,0,1
8,26,12,2,0,0,143.51,5,1,0,0,0
11,24,8,4,1,0,216.13,8,0,0,0,0
4,18,2,5,1,1,22.75,2,0,1,0,0
1,45,5,3,0,1,48.01,3,1,0,0,0
3,21,5,2,0,0,47.67,3,0,0,0,0
0,25,3,1,1,0,33.03,2,0,0,0,0
0,49,5,1,1,1,203.13,8,1,0,0,0
1,38,6,4,1,1,96.33,0,1,0,0,0
7,18,2,2,0,1,48.91,3,0,0,0,1
2,37,1,4,0,0,139.5,2,1,1,0,0
0,20,1,1,1,1,16.44,2,1,0,0,0
3,17,9,5,1,1,76.68,4,1,0,0,1
6,18,3,3,0,0,53.66,4,1,0,0,0
5,17,8,3,0,1,27.91,12,1,1,0,1
6,25,2,3,0,1,78.97,6,0,0,0,0
2,36,11,1,1,0,124.18,6,1,0,0,0
0,49,11,3,0,1,284,11,0,0,0,0
4,22,10,1,1,1,40.55,7,1,0,1,0
6,18,8,4,0,0,39.88,5,0,0,0,0
0,41,12,2,0,1,145.44,9,1,0,0,0
7,30,11,2,1,1,144.04,1,0,0,0,1
2,32,4,3,0,0,72.83,2,1,0,0,0
0,32,6,2,0,1,62.9,9,1,1,1,0
0,19,9,2,1,1,15.37,5,1,0,0,1
0,21,9,5,1,1,18,1,0,0,0,0
6,30,8,1,0,1,123.06,8,1,0,0,0
0,26,10,3,1,0,67.06,2,1,1,0,0
5,33,7,3,0,1,68.24,1,0,0,0,1
1,24,3,1,0,0,39.07,9,0,1,0,0
0,54,8,3,1,1,305.71,6,1,0,0,0
9,28,11,2,0,0,225.84,1,1,0,1,0
4,22,11,1,0,1,37.71,6,1,1,0,0
7,21,4,2,0,1,62.77,14,1,0,0,0
0,21,6,1,1,0,18.71,2,0,1,0,0
2,19,11,4,1,0,22.31,12,1,1,0,0
11,28,7,5,0,1,198.11,7,1,0,0,0
3,27,3,4,0,1,51.8,8,0,1,0,0
7,29,1,5,0,0,133.45,13,1,1,0,0
0,42,5,2,1,0,39.94,4,0,0,0,0
5,19,12,1,1,1,37.59,6,1,0,0,1
4,59,5,3,0,0,1378.22,13,1,0,0,0
5,47,1,1,0,0,70.75,1,1,0,0,0
6,29,4,1,1,0,71.49,0,0,1,0,1
5,35,3,2,0,1,85.94,12,0,0,1,0
5,19,12,2,0,0,51.6,4,1,0,0,0
6,21,1,5,0,1,15.56,1,1,0,0,0
4,30,8,4,1,0,105.3,2,1,0,0,0
3,53,1,4,0,1,27.01,1,0,0,0,1
8,21,9,3,1,1,75.31,3,0,0,0,0
0,31,6,3,0,1,61.39,2,1,0,0,0
6,39,2,5,1,0,328.6,1,1,0,0,0
7,33,10,5,1,0,235.62,0,1,0,1,0
0,19,8,5,0,1,17.04,0,1,1,0,0
3,44,5,1,1,1,229.17,3,0,0,0,0
1,26,9,5,1,1,31.38,8,1,1,0,0
8,29,6,1,0,0,98.69,6,1,0,0,1
0,29,4,1,1,1,36.82,6,0,0,0,0
3,56,7,1,0,1,617.85,11,1,1,0,1
0,24,2,2,1,0,24.52,2,0,1,0,0
4,34,1,4,1,1,116.69,7,1,0,0,0
10,19,11,2,1,0,93.35,12,0,1,0,0
3,33,7,1,0,1,108.17,0,0,0,0,0
0,37,7,2,0,1,11.78,2,1,1,0,0
3,26,2,5,0,1,58.36,12,0,0,0,0
6,21,11,1,0,1,55.09,6,1,0,0,0
2,47,7,3,0,0,400.02,0,0,0,0,0
3,27,10,5,0,1,53.04,2,1,1,0,1
8,19,3,1,0,0,76.34,9,1,0,0,0
1,41,4,4,0,1,165.73,9,1,0,0,0
6,23,9,5,0,1,61.95,2,0,1,1,0
3,42,4,5,1,0,247.9,5,0,0,0,0
0,56,4,3,1,1,291.74,3,0,1,0,0
8,19,7,3,1,0,85.54,10,0,1,0,0
0,23,12,5,1,0,22.42,9,0,1,0,0
0,24,2,3,1,0,30.2,0,1,0,0,0
13,21,6,2,0,1,111.55,3,0,1,0,0
6,37,10,5,0,0,334.83,7,0,0,1,0
2,43,11,5,0,1,96.65,5,1,0,1,0
0,41,1,4,1,1,21.8,3,1,0,1,0
6,27,1,5,0,1,94.38,11,0,0,0,0
0,19,4,1,1,0,15.6,1,1,1,0,0
3,45,9,2,0,0,320.75,9,0,1,0,1
5,27,8,3,0,0,108.57,8,1,0,0,1
5,18,9,4,0,1,36.79,3,0,0,0,0
3,37,4,2,0,0,200.43,1,0,0,0,1
5,42,11,1,0,0,389.24,1,1,0,0,0
0,21,8,5,1,1,33.37,3,1,0,0,0
5,21,2,3,0,1,39.25,7,0,1,0,0
4,25,7,5,1,0,67.98,7,1,0,1,0
3,37,11,2,0,1,152.92,3,0,0,0,0
3,24,9,4,1,0,41.95,0,1,1,0,0
2,21,10,3,1,0,32.96,2,0,0,0,0
3,37,12,4,0,1,127.13,1,0,1,0,1
0,38,5,4,1,0,21.1,4,1,0,1,0
13,20,1,2,0,0,130.41,1,0,1,0,0
7,23,2,3,0,1,75.19,2,1,0,0,0
3,31,8,3,1,0,98.43,5,1,0,0,1
3,28,2,1,1,0,20.41,11,1,0,0,0
2,22,3,2,1,0,36.08,9,1,0,0,0
4,29,11,2,1,1,77.11,9,1,0,0,1
8,22,1,4,1,1,84.41,5,0,0,0,1
15,45,7,3,1,1,76.21,3,1,0,1,0
3,46,8,5,1,0,346.8,6,1,0,0,0
0,37,2,4,1,1,73.93,1,0,0,0,0
0,52,11,2,1,1,259.82,2,1,0,0,0
3,35,4,4,1,1,106.41,8,1,0,0,0
8,22,11,4,0,0,102.62,12,1,0,0,1
0,19,12,4,1,1,15.37,1,0,0,0,1
1,18,2,5,1,1,13.3,12,0,1,0,0
0,37,11,2,0,1,73.38,0,0,0,0,0
0,26,8,2,0,1,32.03,4,0,1,0,0
8,33,10,4,1,0,228.79,0,0,1,1,0
8,18,5,4,0,0,69.68,8,1,0,0,0
3,55,5,4,0,1,82.47,5,0,0,1,0
1,24,12,1,0,0,48.12,6,1,0,0,0
2,51,3,1,1,1,342.42,4,1,0,0,0
7,35,7,4,1,0,54.09,3,1,0,0,1
6,19,8,3,1,1,43.91,9,0,0,0,0
3,25,8,1,0,1,53.38,10,0,0,0,0
8,37,11,5,0,0,312.6,6,1,1,0,1
1,35,5,2,0,0,15.64,4,0,0,0,1
9,21,7,1,0,0,104.33,12,1,0,0,0
6,21,4,4,1,1,53.92,4,0,0,0,1
5,28,9,4,0,0,115.87,5,1,0,0,0
5,40,5,4,0,1,208.37,4,0,1,0,0
1,20,11,2,0,0,27.22,4,1,1,0,0
0,29,4,1,1,1,22.11,0,1,0,0,0
8,29,6,5,0,1,137.33,3,1,1,1,0
12,25,3,4,0,0,179.65,2,0,1,0,0
9,45,2,1,1,1,39.91,9,1,0,0,0
2,32,11,1,0,1,87,13,1,0,0,0
12,25,10,5,0,0,221.25,5,1,0,0,0
4,44,1,3,1,1,274.07,7,0,0,0,0
4,26,9,2,1,1,59.09,3,1,0,0,1
0,52,6,1,1,0,332.61,2,1,0,0,0
2,19,5,2,1,1,21.59,3,1,0,1,0
5,27,1,2,0,1,84.81,1,1,0,0,1
0,31,12,1,1,1,35.65,3,0,1,0,0
1,35,4,3,1,1,33.8,8,1,1,0,0
3,39,4,2,0,0,232.35,7,1,0,0,0
8,18,3,3,1,0,59.57,3,1,1,0,0
7,21,5,5,0,0,65.24,7,0,1,0,0
7,29,6,3,0,0,87.5,10,0,1,0,0
6,29,6,3,0,1,130.27,4,1,0,1,0
1,35,3,2,0,1,64.86,1,1,0,1,0
1,32,9,4,1,0,21.05,5,1,0,0,0
4,21,1,1,1,1,37.7,1,0,0,0,1
8,17,11,5,1,1,46.74,13,1,0,1,0
0,18,9,1,1,1,53.09,7,1,0,1,0
0,49,6,4,0,0,77.89,8,0,1,0,0
3,25,11,4,0,0,79,0,0,0,1,0
5,38,7,3,1,0,258.27,1,0,0,0,1
12,23,2,5,0,0,173.58,13,0,1,1,0
3,21,1,2,0,1,30.23,8,1,1,0,0
12,43,5,3,0,0,857.59,5,0,1,0,0
9,21,11,2,0,0,17.55,8,0,1,0,0
4,26,8,1,1,0,41.83,3,0,1,0,1
12,36,3,2,1,0,18.88,3,0,1,0,0
9,39,12,1,1,0,459.1,4,1,1,1,0
10,34,4,5,0,0,376.72,0,1,0,0,0
1,27,10,1,1,1,29.95,1,1,1,0,0
3,31,7,4,0,0,116.26,3,0,0,0,0
7,36,3,4,0,0,302.77,1,1,0,0,0
7,36,8,4,0,0,302.77,7,1,0,0,0
6,28,4,5,0,1,14.12,11,0,0,0,0
2,36,12,4,1,1,21.83,7,0,0,0,0
3,25,10,1,0,1,12.87,4,1,1,0,0
4,33,9,3,1,1,109.52,3,0,0,0,1
0,23,4,4,0,1,30.15,1,0,0,0,0
1,25,12,5,1,1,30.86,0,0,0,0,0
7,19,2,2,0,1,53.58,0,1,0,0,1
4,21,6,2,0,1,43.44,4,1,0,0,1
4,24,12,5,0,0,82.3,2,0,0,1,0
2,52,11,3,0,0,603.79,3,0,0,0,0
3,48,7,3,1,1,319.87,10,1,0,0,0
3,36,5,5,1,1,94.2,2,1,1,0,0
6,35,11,3,1,0,44.2,6,1,0,0,1
6,41,9,3,0,1,318.33,5,0,0,0,0
1,35,12,3,0,1,99.11,1,1,0,0,0
7,20,6,3,0,0,59.58,8,0,1,0,0
9,19,1,2,0,0,1.55,11,1,1,0,0
4,26,1,2,0,1,66.5,8,1,0,0,0
3,21,1,3,1,0,56.68,5,0,0,0,0
6,28,8,3,0,0,132.03,2,1,0,0,0
4,43,11,2,0,0,308.99,4,0,1,0,1
1,31,3,5,1,0,16.1,0,0,0,1,0
0,50,2,5,0,1,308.38,9,0,0,0,0
7,32,8,5,0,1,167.1,3,0,0,0,0
9,27,1,1,0,0,178.75,0,0,0,0,0
1,21,3,3,0,1,89.43,5,1,0,0,0
0,17,6,1,0,0,70.78,10,1,1,0,0
0,41,3,2,0,0,215.27,5,0,0,1,0
6,29,4,5,1,0,137.89,1,0,0,0,0
4,21,4,4,0,0,44.1,5,0,1,0,0
2,47,1,3,0,1,253.72,5,0,1,0,0
0,32,3,5,1,0,61.35,1,1,0,0,0
2,62,5,5,1,1,828.38,9,1,0,0,0
6,18,4,4,1,0,51.3,9,1,0,0,0
6,28,6,2,0,1,103.14,3,1,0,0,0
0,31,9,2,1,1,67.47,2,1,0,0,0
8,17,12,5,0,0,63.57,1,0,0,0,0
5,18,4,3,0,0,73.09,0,1,0,0,0
2,27,4,4,0,0,58.2,1,1,1,0,0
0,23,1,3,1,1,17.51,10,1,1,0,0
5,23,2,3,1,1,43.86,1,0,1,0,1
3,25,4,2,0,1,53.38,1,1,0,0,0
2,33,12,5,1,0,80.59,9,0,1,1,0
6,18,2,2,0,1,34.04,5,0,1,0,0
6,24,12,5,1,1,56.04,4,0,1,0,0
5,18,11,3,0,0,38.24,3,0,1,0,0
6,32,7,2,0,0,152.44,3,1,1,0,0
3,25,5,4,0,1,43.34,3,1,1,0,0
5,24,3,1,0,0,81.11,2,1,0,0,0
3,48,1,5,1,0,409.48,2,1,0,0,0
0,26,7,1,0,1,5.11,5,1,1,0,0
3,24,11,3,1,0,51.97,6,0,0,1,0
1,33,3,3,0,1,96.32,1,1,0,1,0
6,20,10,2,0,0,64.4,2,0,0,0,0
0,19,2,3,0,1,21.49,1,1,0,0,1
7,23,1,2,0,1,75.19,5,1,0,0,0
6,29,12,1,0,0,144.24,5,0,0,0,0
2,45,2,5,0,0,67.92,2,0,0,0,0
6,36,4,5,1,1,60.12,4,0,0,0,1
6,25,6,2,1,0,78.94,2,0,1,1,0
6,38,4,3,0,0,315.56,6,0,0,0,0
3,39,2,3,1,0,43.06,2,1,0,1,0
6,18,10,4,1,1,32.54,12,0,1,0,0
8,19,7,2,0,1,48.42,2,0,1,0,0
1,31,6,2,0,1,56.8,6,1,1,0,0
6,55,7,3,0,0,1054.36,9,0,1,0,0
0,26,8,4,1,1,28.89,3,1,0,0,1
2,48,3,2,1,0,342.41,5,1,0,0,0
6,29,6,4,1,1,63.05,7,1,0,0,0
0,18,6,4,0,0,24.52,5,0,0,0,0
8,26,2,4,0,0,143.51,9,1,0,0,0
0,18,7,3,1,1,80.74,1,0,0,0,0
4,17,6,5,1,1,25.57,2,1,0,0,0
7,30,5,4,0,0,179.5,5,0,0,0,0
5,20,11,5,0,1,58.91,6,1,1,0,1
3,39,7,5,1,1,150.08,4,1,0,0,0
8,46,10,5,0,0,654.13,1,0,1,0,0
0,26,2,3,1,1,28.39,6,0,0,1,0
3,39,5,1,1,0,196.71,3,0,0,0,1
8,19,3,5,0,0,76.34,1,0,0,0,0
3,21,4,3,0,1,43.05,8,1,0,1,0
6,25,7,1,0,1,74.13,12,1,1,1,0
0,33,1,1,0,0,93.6,12,0,0,0,0
4,18,6,5,1,1,28.02,3,0,0,0,0
1,32,2,3,0,1,61.99,8,1,1,0,0
5,22,1,2,1,0,61.71,0,0,0,0,0
12,21,1,5,0,0,66.34,4,1,1,0,0
5,49,4,5,0,1,545.52,8,1,0,0,0
5,26,3,5,1,0,88.36,8,1,0,0,0
0,22,6,5,0,1,53.9,5,1,1,1,0
3,45,12,1,0,1,308.57,5,1,0,0,1
0,29,6,2,0,0,65.9,4,1,0,0,0
7,36,1,5,1,1,192.67,1,1,1,0,0
8,19,6,3,0,0,76.34,13,0,0,0,0
0,45,8,4,1,1,145.7,2,0,0,0,0
4,30,10,1,0,1,94.78,5,1,0,0,0
6,27,9,4,0,1,76.63,10,1,1,0,0
3,28,9,5,1,0,59.92,2,0,1,0,0
4,39,2,1,1,0,72.02,3,1,0,1,0
0,31,5,3,0,0,78.59,5,1,0,0,0
0,18,7,3,1,1,81.41,10,0,0,0,0
10,18,6,3,0,0,73.45,10,1,1,0,0
0,29,4,2,0,1,51.48,6,1,0,0,0
4,43,4,2,0,0,429.72,2,0,0,1,0
1,36,2,3,0,1,97.16,5,1,0,0,0
3,37,1,4,1,0,161.87,2,1,0,0,0
5,18,4,4,0,1,36.79,8,1,0,0,0
0,23,3,1,1,0,22.42,6,1,1,0,0
7,23,11,3,0,0,78.16,11,1,1,0,0
11,32,12,5,0,0,416.93,0,1,0,1,0
0,25,1,3,1,0,46.91,9,0,0,1,0
6,27,4,4,0,0,79.13,10,0,0,1,0
8,27,11,4,0,1,125.46,1,0,0,0,1
3,24,3,4,1,0,38.32,5,1,0,0,0
3,30,2,1,0,1,83.1,3,0,0,0,0
6,30,3,2,1,0,20,1,1,0,0,0
8,36,12,2,1,0,365.47,2,1,0,1,0
1,35,3,4,0,0,126.88,0,1,0,0,0
0,41,11,1,1,0,110.71,4,0,1,0,1
0,45,2,4,1,0,152.36,9,0,1,1,0
4,45,11,5,0,1,278.83,1,1,1,0,0
11,17,11,3,0,1,73.47,4,0,0,0,0
0,20,5,2,1,1,16.44,7,0,0,0,0
6,37,6,1,0,1,188.07,2,0,1,0,1
1,21,11,2,0,0,36.71,4,0,0,0,0
4,40,3,4,1,1,195.45,3,0,0,0,0
7,21,1,4,0,0,65.24,5,1,1,0,0
4,25,12,1,0,0,65.92,7,1,1,0,0
4,29,9,5,0,1,24.74,8,1,1,0,0
0,27,4,2,1,1,25.04,9,0,1,0,0
7,18,1,3,1,0,61.35,5,1,0,0,0
0,35,10,1,1,1,62.59,3,0,0,1,0
1,24,9,5,1,0,29.33,7,1,1,0,0
0,46,9,5,0,1,179.81,1,1,1,0,0
0,31,11,1,1,0,45.64,5,1,1,0,0
0,40,6,1,1,1,77.59,5,1,1,0,0
6,32,1,1,0,0,187.74,2,1,0,0,0
4,19,7,3,1,1,30.7,9,1,0,0,0
0,34,12,5,0,1,79.76,8,1,0,0,0
6,28,9,3,1,1,80.06,2,0,1,0,0
0,29,1,2,0,1,41.8,8,1,1,0,0
2,21,9,1,0,1,26.53,8,1,1,0,0
7,22,8,5,0,1,57.12,8,0,1,0,1
0,61,10,5,1,0,685.26,2,1,0,0,0
10,46,5,2,0,0,47.38,3,0,0,0,0
8,19,11,1,1,0,80.39,12,1,0,0,0
2,35,3,5,1,1,88.98,4,0,0,0,0
8,38,6,3,1,0,350.31,8,0,1,0,0
6,33,1,2,0,0,57.16,3,0,1,0,0
6,17,8,1,1,0,93.31,3,0,0,0,0
11,30,7,4,0,1,242.01,6,0,0,0,1
4,52,8,5,0,1,612.37,8,1,0,0,0
8,45,12,3,0,0,741.07,4,1,0,0,0
2,34,2,1,1,0,54.39,2,1,0,0,0
0,34,10,2,1,1,46.32,3,1,1,0,0
3,21,6,1,1,0,39.41,3,1,0,0,0
0,36,12,4,1,1,55.07,2,1,1,0,0
6,28,4,4,0,0,123.95,13,1,1,1,0
0,18,8,4,1,0,10.83,6,1,0,0,0
5,33,9,5,1,1,130.97,1,0,0,0,1
0,38,10,2,0,1,115.31,1,1,0,0,1
4,17,8,5,0,0,37.71,10,1,0,0,0
4,19,7,3,1,0,40.24,0,1,0,0,1
6,19,3,3,0,0,58.8,4,1,0,0,0
1,20,9,4,0,0,34.33,8,1,0,0,1
3,29,1,5,0,1,76.16,1,0,0,0,0
2,28,3,4,1,1,87.27,1,1,1,0,0
7,25,12,2,1,0,5.76,0,1,0,0,0
2,28,6,4,0,1,61.18,10,0,0,0,0
0,38,8,5,0,1,91.45,5,1,1,0,0
2,41,5,5,1,1,121.53,10,0,1,1,0
6,26,1,3,0,1,78.17,2,1,0,0,0
6,19,6,5,0,0,47.74,5,1,1,0,0
6,38,8,4,0,1,200.15,5,0,1,0,0
0,25,10,1,1,1,12.18,8,1,0,0,1
10,31,3,4,0,0,296.87,2,1,0,0,1
6,46,1,4,0,0,620.49,9,1,0,0,0
0,19,8,3,1,1,40.97,1,1,0,0,0
1,47,4,2,1,0,219.09,3,1,1,0,1
0,35,9,2,1,0,81.54,5,1,0,0,1
6,26,9,1,0,1,86.34,2,0,0,0,0
0,27,5,2,1,1,30.84,5,1,0,0,0
8,24,12,2,0,0,138.74,9,1,0,1,0
6,19,10,4,0,1,37.29,0,0,1,0,0
3,31,5,5,1,0,78.06,11,0,1,0,0
0,20,12,2,1,1,50.78,11,0,0,0,0
3,45,2,2,1,1,255.15,1,1,0,0,1
6,20,10,4,1,0,50.29,6,1,1,1,0
0,34,7,2,1,1,85.23,6,0,0,0,0
0,49,5,2,1,1,207.98,5,0,0,0,1
0,22,8,4,0,1,27.55,1,0,0,0,0
0,24,4,2,0,1,26.78,1,1,1,0,0
5,28,3,5,1,1,82.44,1,1,0,0,0
3,36,10,3,1,0,70.02,11,1,0,0,0
5,40,4,4,1,1,190.93,1,1,1,1,0
9,21,11,4,1,0,4.38,10,1,0,0,0
5,22,1,3,1,0,62.08,8,1,0,1,0
0,34,8,2,0,1,74.88,3,1,1,1,0
6,31,9,2,0,1,109.09,8,1,1,0,0
6,25,2,5,0,0,25.05,12,1,0,0,0
3,30,7,5,1,1,70.42,4,1,0,0,1
2,26,5,5,0,1,51.22,1,1,0,0,0
5,32,4,3,0,0,190.49,2,1,0,1,0
4,34,1,5,0,0,139.76,2,1,1,0,0
0,18,6,1,1,0,14.24,11,1,1,0,0
4,23,8,1,0,1,45.69,1,0,1,0,0
12,34,7,1,0,0,397.15,3,0,1,0,0
2,28,4,2,0,1,61.18,6,1,0,0,0
1,40,11,2,1,0,118.78,3,0,1,0,0
5,27,4,2,1,0,78.89,1,0,1,1,0
0,36,3,3,1,1,67.83,2,0,0,0,0
3,33,8,4,0,1,108.17,9,0,0,0,0
10,22,12,5,1,1,120.72,1,0,0,0,1
8,37,2,2,0,1,293.72,8,0,0,0,0
0,25,3,4,0,1,29.3,7,1,1,0,0
3,24,1,1,0,0,62.4,6,0,0,0,0
5,28,2,2,0,0,115.87,12,0,0,0,0
1,42,7,1,0,1,180.37,4,1,0,0,0
8,29,6,5,1,0,36.99,2,0,1,0,1
0,21,6,1,1,0,23.04,4,1,0,0,0
6,30,4,3,0,1,123.06,12,0,0,0,0
14,30,11,3,1,0,645.1,14,1,0,0,1
10,34,6,5,0,1,33.7,3,0,0,1,0
0,47,10,2,0,0,44.24,11,1,1,1,0
6,27,12,5,0,1,94.38,4,1,0,0,0
12,38,9,5,0,0,707.15,10,0,0,0,1
6,38,3,1,1,1,41.36,14,0,0,0,1
2,25,9,1,0,1,38.04,3,0,1,0,0
14,18,6,5,1,0,174.27,9,1,1,0,0
7,25,10,2,1,0,118.33,6,0,0,0,1
1,19,9,2,0,1,84.37,0,0,0,0,0
6,19,12,5,0,1,90.75,2,1,0,0,0
2,38,9,4,0,0,216.43,2,1,0,1,0
0,24,2,1,1,1,24.16,4,1,0,0,1
4,18,1,4,0,1,32.29,4,1,0,0,0
6,34,1,1,1,1,166.88,6,0,0,0,0
3,30,7,5,1,1,68.78,8,0,0,0,0
7,30,4,5,1,0,67.19,5,0,0,0,1
6,48,6,2,0,0,594.87,4,0,1,0,0
2,38,12,5,1,1,22.08,2,0,1,1,0
0,28,7,2,1,1,27.37,10,1,1,0,0
4,51,2,2,1,1,489.72,5,1,0,0,0
2,31,12,5,1,1,52.2,10,0,1,0,1
6,21,10,3,0,0,57.26,0,0,1,0,0
2,46,8,4,1,1,46.86,5,0,0,0,1
0,21,4,5,1,0,54.34,10,1,0,0,0
2,23,2,5,1,1,25.04,8,0,1,0,0
6,39,9,1,1,0,19.46,2,0,0,1,0
8,19,2,1,0,1,59.63,2,1,0,0,0
8,33,8,3,0,1,168.7,6,1,1,0,0
7,18,2,2,0,0,70.7,14,1,0,1,0
1,39,3,2,0,0,145.31,6,0,1,0,0
3,19,12,2,0,0,39.74,4,0,0,0,0
3,30,5,4,1,1,68.78,12,0,0,0,0
1,32,11,3,0,1,61.99,3,0,1,0,0
1,55,11,5,1,1,321.87,5,0,1,0,0
6,49,8,3,0,1,621.59,13,0,0,0,0
6,49,4,5,1,0,617.66,1,1,1,0,0
0,29,4,3,1,1,29.9,2,1,1,0,0
6,30,4,2,0,1,123.06,9,1,0,0,0
6,23,4,1,0,0,68.6,6,0,1,0,0
15,18,11,3,1,0,258.22,9,0,0,1,0
1,26,7,4,1,0,88.05,3,1,0,0,0
6,36,10,3,0,1,62.53,1,1,0,0,0
8,38,3,5,0,1,370.02,12,0,0,1,0
7,35,12,5,0,1,176.14,8,0,1,0,0
5,36,10,3,1,1,134.72,7,1,1,0,0
9,23,3,2,1,0,141.43,6,1,0,0,1
3,22,11,3,0,1,33.89,1,1,1,0,1
3,29,5,4,0,0,81.06,5,0,1,0,1
8,28,9,4,1,1,115.19,7,1,1,1,0
0,25,10,2,0,1,36.08,4,0,0,0,0
7,22,8,1,0,0,87.96,1,0,0,0,0
0,29,9,5,0,0,61.87,11,0,1,1,0
4,33,2,3,1,0,62.62,4,1,0,0,1
15,40,10,2,0,0,1007.65,2,1,1,0,1
2,23,9,3,0,1,40.08,2,0,0,0,1
1,26,5,4,0,0,66.53,6,0,0,1,0
0,24,8,1,1,1,24.16,3,1,0,0,1
6,31,8,4,1,1,104.29,3,1,1,0,0
1,19,6,5,1,0,23.53,0,1,0,0,1
3,28,9,3,0,1,98.1,4,1,0,0,1
5,46,8,5,0,1,9.57,1,0,0,0,0
13,57,11,2,0,1,94.68,4,1,0,0,1
0,28,3,2,1,1,33.7,1,1,0,0,0
2,19,4,2,1,0,22.31,7,1,1,0,0
9,41,10,4,0,0,489.53,6,0,1,0,0
4,21,8,4,0,0,62.8,1,1,0,1,0
0,34,6,1,0,1,64.76,7,0,1,0,0
0,33,1,4,1,1,52.29,3,1,0,0,0
2,27,3,2,1,1,35.82,12,0,1,0,0
3,18,5,1,0,0,36.27,6,1,0,0,0
8,40,1,2,1,1,324.61,10,0,1,0,0
10,17,2,2,0,1,64.48,1,0,0,0,0
12,41,1,2,0,1,25.7,13,0,0,0,1
0,26,7,4,1,1,28.22,4,1,0,0,0
0,35,5,2,1,1,50.82,5,1,1,1,0
5,35,5,4,1,1,123.57,0,1,1,0,0
6,50,10,1,0,1,674.94,2,0,0,0,0
4,23,4,5,1,1,94.73,8,1,0,0,1
1,22,7,5,1,1,23.57,8,1,0,0,0
0,39,6,3,1,1,87.75,5,0,0,0,0
12,34,2,4,1,0,510.51,5,1,1,1,0
0,47,2,4,0,0,250.17,10,0,1,0,0
6,22,9,3,0,1,60.3,2,0,0,0,0
0,30,10,1,1,1,32.65,10,0,1,0,0
0,49,7,4,0,0,295.21,10,0,1,0,0
2,21,5,2,1,1,25.9,1,1,0,1,0
2,29,3,2,1,1,42.76,3,0,1,0,0
0,24,5,3,0,1,38.14,4,1,0,1,0
0,24,12,1,0,1,38.14,3,1,0,1,0
2,28,7,5,1,1,48.2,8,0,0,0,0
3,31,11,5,1,0,96.13,7,1,0,0,0
0,23,8,2,0,1,30.15,2,1,0,0,0
1,25,4,5,0,0,52.63,2,0,0,0,0
9,32,7,5,0,1,216.96,2,0,0,0,0
5,23,3,4,1,0,69.14,4,1,0,0,1
9,22,4,3,0,1,15.99,6,0,0,0,1
1,36,11,2,1,1,81.12,1,0,0,0,0
3,25,1,1,0,0,79,4,0,0,1,0
0,34,8,3,1,0,73.03,1,1,0,0,0
2,28,9,4,0,0,63.6,7,1,1,0,0
1,23,6,5,1,1,21.44,5,1,1,0,1
5,47,4,2,0,0,605.93,4,0,0,0,1
0,28,3,4,0,0,48.98,8,1,1,0,0
2,22,12,5,0,1,41.36,0,0,0,1,0
2,63,8,4,0,0,1210.49,1,0,1,0,1
13,20,10,4,0,0,160.61,14,0,0,0,0
10,31,7,4,1,0,336.32,4,0,0,0,0
0,42,11,1,0,1,158.29,2,1,0,0,0
0,27,9,5,1,1,61.12,1,0,0,0,0
1,27,6,1,1,1,37.76,6,0,0,0,1
9,50,12,4,1,0,94.36,5,1,0,0,0
2,17,5,3,0,1,22.69,2,0,0,0,0
6,39,10,1,0,0,343.74,10,1,0,0,0
0,18,4,1,0,0,24.52,1,1,0,0,0
0,27,10,2,0,1,44.15,3,1,0,0,1
2,18,11,1,0,1,20.67,5,0,1,0,1
2,33,8,2,0,1,61.08,13,0,1,0,1
5,32,2,4,1,1,41.62,9,0,0,0,0
5,21,4,5,1,0,56.37,0,0,0,0,0
6,31,4,1,1,0,134.31,1,1,1,1,0
4,31,6,4,1,1,89.81,3,1,0,0,0
3,36,7,4,0,0,179.61,1,0,0,0,0
1,28,1,1,0,1,43.6,6,1,1,0,0
13,19,10,2,1,0,201.33,2,0,0,0,1
3,24,9,3,1,1,32.77,2,1,1,0,0
6,39,6,3,0,0,343.74,1,1,0,0,0
0,23,11,4,1,0,72.35,4,1,0,0,0
11,27,12,4,0,0,232.08,0,1,0,0,0
7,40,12,1,1,0,54.01,4,0,1,0,0
6,19,8,4,0,0,47.74,2,0,1,0,0
0,25,6,1,0,1,68.26,2,1,0,0,1
0,31,8,3,1,0,56.21,8,1,0,0,0
6,28,4,3,1,1,92.45,0,1,0,0,0
9,23,1,4,0,0,124.98,3,0,0,0,0
6,43,4,1,0,1,306.08,2,0,1,0,0
7,24,4,1,1,0,108.19,9,0,0,0,1
10,22,6,1,0,1,95.43,4,1,1,1,0
6,31,7,1,1,1,58.29,7,0,1,0,1
5,25,2,4,0,1,65.06,5,0,1,1,0
7,28,7,4,0,0,150.45,6,1,0,0,0
12,37,4,5,0,0,648.99,2,0,0,0,1
6,21,9,1,0,0,57.26,10,1,1,0,0
6,25,5,5,1,0,1.43,1,1,1,0,1
0,28,7,3,1,1,85.68,3,0,0,0,0
5,35,4,3,1,1,155.81,6,1,0,0,1
0,42,8,2,1,1,31.29,5,1,0,0,0
4,40,11,3,1,1,63.26,3,1,1,0,0
2,27,11,5,0,0,71.67,11,1,0,0,0
5,18,4,5,1,0,34.83,7,1,1,0,0
7,20,4,2,1,1,57.86,10,0,0,1,0
12,24,3,3,0,0,59.75,11,0,1,0,0
2,44,9,5,0,1,243.23,12,0,0,0,0
16,34,2,4,0,0,844.21,0,0,0,0,1
6,25,7,4,0,0,101.09,9,0,0,0,0
12,22,4,2,0,1,135.13,1,0,0,0,1
10,22,8,3,1,0,150.95,13,0,0,0,0
1,20,9,5,0,1,27.2,5,0,0,0,0
7,18,12,3,0,0,50.84,7,0,1,0,1
8,44,11,3,0,0,681.51,12,0,0,0,0
0,25,2,1,1,1,25.8,3,0,0,0,0
0,36,8,5,0,1,94.83,4,0,0,0,0
7,25,2,4,0,1,72.46,2,0,1,0,1
4,34,1,5,0,0,172.12,10,0,0,0,0
1,18,11,1,1,1,18.74,5,1,0,0,0
8,20,3,2,1,1,74.71,11,0,0,0,1
6,31,5,3,0,1,126.13,3,0,1,1,0
4,22,11,1,0,0,49.43,8,1,1,0,1
9,20,7,1,1,1,82.25,0,1,0,0,0
8,42,3,4,1,0,43.08,1,0,1,0,1
0,21,7,5,1,1,14.62,5,1,1,0,0
10,19,7,3,0,0,101.48,6,1,0,0,1
4,41,11,4,0,1,245.18,2,1,0,0,0
6,24,3,1,0,1,72.2,1,0,0,0,0
1,19,6,1,0,0,30.61,12,0,0,0,0
0,21,5,1,1,0,23.04,9,0,0,0,0
1,37,1,1,1,0,89.71,2,1,0,0,0
4,22,9,2,0,1,37.75,2,1,0,0,0
4,26,7,2,0,1,54,6,0,1,0,0
3,21,8,1,1,0,32.77,1,1,1,0,1
6,25,11,3,0,0,82.08,3,1,1,0,0
7,29,7,4,0,1,128.39,4,1,0,0,0
8,47,7,5,0,1,555.31,4,1,1,0,0
1,25,5,5,0,1,41.11,2,0,0,0,0
0,19,11,1,1,1,93.43,1,1,0,0,0
9,32,6,2,0,0,78.52,0,1,0,1,0
2,59,7,2,1,1,44.93,2,1,0,0,0
3,33,6,2,0,0,138.47,1,1,0,0,0
0,17,6,2,0,1,14.19,0,1,1,0,0
9,17,1,4,0,0,72.44,7,0,0,0,0
0,22,1,2,1,0,20.48,3,1,1,0,0
5,19,7,3,1,0,47,4,0,0,0,0
2,28,8,4,0,0,78.32,12,0,0,0,0
7,27,1,4,0,1,107.54,8,0,0,0,0
0,23,3,5,1,1,46.02,3,1,0,0,0
3,43,6,4,0,1,254.8,6,1,0,0,0
6,28,3,3,0,0,132.03,5,1,0,0,0
6,19,10,2,1,0,37.01,5,1,1,0,0
0,34,8,1,0,0,102.11,13,1,0,0,0
2,18,3,5,0,1,24.87,6,0,0,0,0
5,59,12,4,1,0,1430.4,9,1,0,0,0
1,33,4,2,0,1,83.31,2,1,0,0,0
4,30,5,5,1,0,105.3,12,1,0,0,0
6,32,12,1,0,0,192.22,4,0,0,0,1
6,39,3,1,1,1,84.83,7,0,1,0,1
4,37,10,4,0,1,174.24,0,1,0,0,0
8,26,7,3,1,0,60.72,3,0,0,1,0
0,38,11,2,1,0,74.55,5,1,1,0,0
3,36,10,1,0,0,179.61,0,0,0,0,0
0,50,5,1,1,1,74.54,6,0,1,0,1
6,34,8,3,1,0,55.52,7,0,1,0,0
3,22,5,3,0,1,81.95,1,0,1,0,1
0,22,2,4,0,1,27.55,3,1,0,0,0
0,24,2,2,1,0,24.52,7,1,1,0,0
1,20,6,2,1,1,31.89,0,1,0,1,0
1,39,3,2,1,1,71.79,0,0,0,0,0
12,29,10,2,1,0,403.37,5,0,0,0,0
9,20,10,1,0,1,76.2,8,1,0,0,1
2,42,12,4,0,1,205.52,6,0,0,0,0
4,48,8,4,0,1,9.24,4,1,1,1,0
8,20,8,5,1,0,88.58,2,1,0,1,0
6,24,3,4,1,0,88.36,11,0,0,0,0
1,37,9,1,0,1,95.63,1,1,1,0,0
6,23,2,2,0,0,86.5,0,0,0,0,1
0,28,2,2,0,0,69.75,7,0,0,1,0
2,20,10,2,1,1,19.09,8,1,1,0,0
0,23,7,5,0,1,12.98,3,1,0,0,0
0,52,6,5,0,0,377.6,5,1,1,0,0
11,46,4,5,1,0,18.81,4,0,1,0,0
7,33,4,1,1,1,152.09,10,1,1,0,1
0,63,1,1,1,1,77.25,4,0,0,0,0
6,36,3,4,1,1,198.42,12,1,0,0,0
3,44,9,4,0,0,79.35,6,1,1,0,0
1,18,4,5,1,1,16.38,7,1,0,0,0
1,28,8,4,1,1,40.31,11,1,0,0,0
5,33,6,3,1,0,163.76,8,1,0,0,0
4,28,7,4,0,0,74.61,6,1,0,0,0
6,43,10,4,0,0,57.81,13,1,0,0,1
12,30,10,5,0,0,279.96,0,0,1,0,0
0,23,6,3,0,1,30.15,1,1,0,0,0
1,18,1,2,1,0,20.97,9,1,0,0,0
2,27,9,4,1,0,8.06,8,0,0,0,0
9,37,8,3,0,1,69.72,7,1,0,0,0
0,46,10,4,1,1,79.38,11,0,0,0,0
3,27,8,1,1,1,66.92,5,0,0,0,0
6,39,9,1,0,0,279.11,10,0,1,0,0
0,24,11,5,0,1,32.66,9,1,1,0,0
8,27,4,1,0,1,122.54,2,0,0,0,0
3,36,6,5,0,1,113.92,8,0,1,0,0
8,54,2,3,0,1,1243.63,3,1,0,0,1
6,18,2,4,0,1,34.04,1,0,1,0,0
6,25,4,5,0,1,78.97,3,1,0,0,0
2,35,4,2,0,1,112.94,13,1,0,0,0
5,24,12,1,0,1,73.26,8,1,0,1,0
0,35,6,2,0,1,86.98,2,1,0,0,0
9,50,10,5,0,0,1037.92,2,1,1,0,0
1,46,11,2,1,0,84.03,4,1,1,0,0
0,35,11,5,0,1,86.98,9,0,0,0,0
2,21,7,5,0,1,26.53,7,1,1,0,0
0,24,5,4,1,1,23.59,8,0,0,0,0
9,20,1,1,1,0,105.3,3,1,0,0,0
3,18,9,1,0,0,36.27,12,0,0,0,0
2,23,3,3,1,1,71.04,4,0,1,0,0
5,31,1,2,0,0,11.18,6,0,0,0,0
1,28,8,2,0,1,50.41,5,1,1,1,0
7,28,6,5,1,1,86.82,4,0,0,0,0
1,55,7,5,1,1,321.87,2,1,1,0,0
2,51,4,2,1,1,67.13,14,0,0,0,0
6,29,10,4,1,0,137.89,4,1,0,0,0
1,50,11,3,0,1,351.38,7,0,0,0,0
6,36,9,1,0,1,12.94,3,0,1,0,1
6,20,9,5,0,1,50.31,4,0,0,0,0
4,21,4,3,0,0,41,8,0,1,0,0
10,51,9,5,1,0,1833.97,3,1,0,0,0
3,21,9,4,1,0,39.41,5,1,0,0,0
6,18,11,5,1,1,40.07,6,1,0,0,0
10,23,5,4,0,0,145.81,9,0,0,0,1
5,44,9,5,0,0,460.66,7,1,0,0,0
6,27,9,5,0,0,113.43,9,0,1,1,0
0,22,11,5,1,1,50.07,0,1,1,1,0
5,18,4,2,0,1,42.53,2,1,0,1,0
0,18,7,3,0,1,45.14,12,1,0,0,0
2,36,3,3,0,0,157.62,5,1,0,0,0
7,29,6,3,0,1,106.73,12,1,1,0,1
0,24,1,1,0,1,26.78,4,0,1,0,0
0,19,5,5,1,1,69.59,0,0,0,0,0
4,23,9,3,1,0,32.14,5,0,0,0,0
0,47,12,2,1,0,90.91,6,0,0,0,0
10,23,3,4,0,1,90.33,3,0,1,0,0
4,26,2,1,0,1,95.69,12,1,0,0,0
6,23,8,1,0,1,57.58,2,0,0,0,0
12,18,4,2,0,1,91.75,4,0,0,0,0
6,25,3,3,1,0,84.69,2,0,0,0,1
1,41,10,2,1,0,160.22,7,0,0,1,0
4,49,10,4,0,1,388.73,7,0,1,0,0
1,17,9,5,0,1,16.17,0,1,1,0,0
0,27,6,5,0,1,47.87,0,0,1,0,0
7,24,3,3,0,1,82.27,13,1,0,0,0
12,23,2,5,0,1,144.44,10,0,0,0,0
0,45,12,1,1,1,146.58,7,1,0,1,0
0,44,12,4,1,1,133.99,6,0,0,0,0
8,23,5,4,1,1,90.77,3,0,0,1,0
6,32,11,4,0,1,169.55,1,0,0,1,0
0,26,9,4,1,0,36.12,4,0,0,0,0
0,50,4,4,1,0,282.36,1,1,0,0,0
7,20,10,4,1,1,35.48,4,1,1,0,0
3,21,8,4,1,1,25.15,10,1,1,1,0
1,38,2,1,1,1,96.33,13,0,0,0,0
0,27,10,2,1,1,31.58,1,0,0,0,1
6,20,2,1,0,0,74.46,9,1,0,1,0
4,20,10,5,0,0,11.33,4,0,0,0,0
2,26,6,4,0,1,51.22,8,1,0,0,0
2,19,12,1,0,1,31.5,6,1,0,1,0
6,22,10,5,0,1,60.3,8,1,0,0,0
2,40,2,4,0,1,173.46,0,1,0,0,0
5,17,1,3,0,1,85.28,1,0,0,0,0
9,52,6,3,1,0,65.58,7,0,1,0,1
6,32,11,3,0,1,146.65,0,1,0,0,0
0,18,1,1,1,1,27.6,10,1,1,0,0
3,38,6,5,1,1,42.93,1,1,1,0,0
0,21,2,4,1,1,14.62,2,0,1,0,0
3,30,1,3,0,1,93.5,5,0,1,0,0
0,29,2,2,0,1,51.48,0,1,0,0,0
6,58,2,2,0,1,1047.99,3,1,1,0,0
1,23,5,4,0,0,43.98,4,0,0,0,0
1,42,12,4,1,1,14.06,10,0,1,1,0
2,25,7,1,0,1,80.96,6,1,0,0,0
3,37,3,4,0,0,195.76,4,1,0,0,0
0,22,1,5,1,1,86.95,6,0,0,0,0
3,21,3,1,0,0,48.8,2,0,0,0,1
7,22,8,4,0,0,101.7,7,0,0,1,0
1,23,2,4,0,1,34.36,1,0,0,0,0
16,18,3,4,1,1,245.51,4,1,0,0,1
0,34,12,3,1,0,73.03,3,0,0,0,0
4,39,6,3,1,0,229.76,2,1,0,0,0
14,21,7,4,1,1,54.12,5,1,0,1,0
0,42,2,4,1,1,44.41,11,1,0,0,0
1,23,10,4,0,0,43.98,6,1,0,0,0
11,37,5,5,0,1,444.91,2,1,0,0,1
5,25,3,1,0,0,72.04,10,1,1,0,0
1,34,6,1,0,1,90.88,2,1,0,0,0
7,25,6,3,0,1,92.13,0,1,0,0,1
5,21,9,5,1,1,51.45,0,0,0,1,0
0,37,9,5,1,1,28.92,13,1,0,0,0
2,30,7,5,1,1,57.51,4,0,0,0,0
10,41,8,5,1,0,815.86,9,0,0,0,1
6,38,7,4,0,0,81.88,11,1,0,0,0
5,23,6,4,0,1,57.92,2,1,0,0,0
4,33,8,4,1,0,111.19,1,1,1,0,0
3,24,9,4,1,0,97.31,4,0,0,0,0
9,40,12,3,0,1,442.92,10,1,0,0,1
8,18,4,3,0,0,34.47,2,0,0,0,0
9,39,5,1,0,0,412.92,8,0,1,0,0
3,18,11,4,0,1,28.34,5,1,0,0,0
1,20,11,5,1,1,19.66,6,0,0,0,0
3,25,3,1,1,0,56.5,9,0,0,0,0
11,22,2,5,0,1,118.59,11,1,0,0,1
2,48,11,5,0,1,339.49,4,1,0,0,0
6,19,4,5,1,1,35.65,9,1,1,0,0
6,35,9,3,1,1,181.99,12,1,0,0,0
3,26,9,3,1,1,48.26,2,1,0,0,0
4,27,3,5,0,1,68.24,13,1,1,1,0
12,18,7,4,1,0,98.93,0,1,0,0,0
4,20,12,1,0,0,40.28,9,1,1,0,0
3,29,4,2,0,0,83.6,12,1,1,0,0
0,27,6,2,1,0,39.72,5,0,0,1,0
0,22,1,1,0,0,35.27,3,0,0,0,0
12,37,1,4,0,1,572.46,7,0,0,1,0
6,23,8,3,1,0,44.48,12,1,1,0,1
0,39,10,3,1,1,87.75,6,0,0,0,0
1,34,11,2,1,0,30.27,6,0,0,0,1
3,22,11,2,1,0,43.15,5,1,0,0,0
15,21,11,5,0,0,29.3,8,0,0,0,0
10,17,12,3,0,1,11.74,2,0,0,0,0
10,36,10,5,1,1,405.85,10,1,0,0,0
5,52,6,5,0,1,50.67,3,0,0,0,0
6,23,8,5,0,1,65.99,7,1,0,0,0
3,25,7,5,1,1,21.64,10,0,1,1,0
0,38,7,5,1,1,80.55,4,1,0,0,0
4,24,7,2,1,1,48.26,4,0,0,0,0
5,21,10,2,1,1,19.81,0,0,0,0,0
3,48,5,2,1,1,265.92,1,0,1,0,1
0,52,8,1,0,1,294.96,11,0,1,0,0
0,41,12,2,1,1,104.65,2,0,0,1,0
1,43,3,1,1,0,153.13,5,0,1,0,0
1,32,3,1,1,0,73.37,0,0,0,0,0
0,19,3,5,0,1,24.26,4,0,0,1,0
2,30,3,1,0,1,93.44,0,0,0,0,1
0,28,12,5,0,1,54.48,5,0,0,1,0
2,17,11,5,0,1,18.86,6,1,1,0,1
0,37,2,5,0,0,132.32,12,0,0,0,0
3,23,9,4,0,1,45.67,14,1,0,0,1
7,40,7,4,1,0,430.52,3,0,0,1,0
0,17,9,5,1,1,10.15,6,0,1,0,0
4,39,12,1,0,1,85.29,11,0,0,0,1
0,52,4,1,1,1,212.24,1,0,1,1,0
3,40,6,5,1,1,43.13,4,0,0,0,0
3,31,9,4,0,1,73.74,4,0,1,0,0
6,33,6,1,0,0,209.75,0,0,0,0,1
7,29,5,3,1,0,165.9,3,0,0,1,0
0,27,9,1,1,1,30.84,9,0,0,0,0
7,21,1,4,1,0,80.62,9,0,0,0,0
5,28,3,5,0,1,88.04,1,0,0,0,0
6,18,10,5,0,1,41.92,2,0,0,0,0
8,23,12,2,0,0,109.69,1,1,0,0,0
2,31,2,3,0,1,79.7,1,1,0,0,0
0,40,2,3,0,1,108.48,0,1,1,0,0
13,19,9,3,0,1,114.54,9,1,0,0,0
13,24,3,2,0,1,146.2,7,0,1,0,0
0,22,8,1,1,1,16,1,0,1,0,0
0,59,3,5,1,0,79.9,6,1,0,0,0
3,41,2,1,1,0,64.73,8,0,0,0,0
4,36,4,3,1,0,144.21,3,1,1,0,0
3,19,6,3,1,1,25.83,4,1,0,1,0
8,26,1,2,1,0,154.73,12,1,0,0,1
1,18,5,3,1,0,61.82,5,1,0,0,0
2,42,11,3,0,0,263.1,10,1,0,0,0
0,17,3,3,1,1,12.5,5,0,0,0,0
0,41,4,3,0,1,89.07,1,1,1,1,0
0,30,8,4,0,0,71.98,14,0,0,0,0
6,37,9,3,1,0,276.85,5,1,0,0,0
4,60,9,1,0,1,946.44,7,0,1,0,0
5,39,1,4,0,1,81.76,3,1,0,0,0
0,25,11,4,0,1,36.08,3,0,0,0,0
1,18,8,4,1,1,62.42,7,0,1,0,0
1,34,4,3,1,0,87.67,6,1,0,0,0
12,24,9,5,0,0,164.25,5,1,1,0,0
0,18,11,4,1,0,27.89,7,1,0,0,0
3,29,9,2,0,1,46.6,9,1,0,1,0
0,53,2,4,0,1,85.97,3,1,0,1,0
1,31,2,1,1,0,67.22,14,1,0,0,0
6,55,7,5,1,1,969.66,9,0,0,0,0
0,52,7,1,1,1,77.61,8,1,0,0,1
6,50,10,4,0,1,674.94,3,1,0,0,0
0,23,10,4,1,1,21.57,5,1,0,0,0
3,24,7,2,1,0,83.72,3,0,0,0,0
3,18,2,1,1,0,60.38,2,0,0,0,0
13,22,3,1,0,0,192.52,11,1,0,0,0
3,44,6,1,1,1,90.5,1,1,1,0,0
6,17,3,4,0,0,40.71,2,0,1,0,1
5,22,1,1,1,0,61.71,10,0,0,0,0
0,28,6,5,0,1,38.26,12,0,1,0,0
2,18,2,1,0,1,28.75,7,1,0,1,0
4,49,10,4,0,1,388.73,8,1,1,0,0
0,29,3,3,1,1,36.82,0,0,0,0,0
0,27,1,4,1,1,25.19,10,0,1,1,0
0,32,11,5,1,1,47.92,1,0,0,0,0
11,20,9,2,0,0,49.95,3,0,1,1,0
8,23,1,5,1,1,73.55,2,1,1,0,0
6,22,1,2,0,0,89.25,8,1,0,1,0
6,34,11,3,0,1,75.36,13,1,0,0,0
1,29,9,2,0,1,47.63,9,1,1,0,0
1,18,7,2,0,1,21.82,5,0,0,0,0
5,21,4,4,1,1,35.75,3,0,1,0,0
12,23,3,3,1,1,153.42,6,0,1,0,1
6,27,9,1,1,1,90.22,1,0,0,0,0
6,20,9,3,1,1,48.09,4,0,0,0,0
0,26,12,4,1,1,22.91,3,1,1,0,0
3,28,1,5,1,0,45.47,3,0,0,0,0
4,18,1,3,0,0,41.33,6,1,0,0,0
6,49,5,3,0,1,718.66,3,0,0,1,0
0,20,5,1,0,1,26.57,4,0,0,1,0
4,22,8,5,0,1,37.71,7,0,1,0,0
9,28,12,2,0,0,162.39,13,1,1,0,1
1,17,2,4,0,1,23.02,2,0,0,1,0
7,21,4,2,1,1,62.98,2,1,0,0,0
13,29,9,1,0,0,299.06,2,1,1,0,1
6,22,1,3,1,1,57.65,1,0,0,0,0
9,25,2,4,0,0,149.55,2,1,0,0,0
3,22,7,2,0,1,78.49,2,1,0,0,0
4,51,12,5,1,1,397.64,11,0,1,0,0
5,19,1,1,0,1,37.84,3,0,1,1,0
6,30,4,2,1,1,21.47,8,1,0,1,0
9,25,5,5,0,0,153.12,2,1,0,0,1
6,50,6,5,1,1,645.22,5,1,0,0,0
3,32,4,4,0,0,126.9,2,0,0,0,0
4,43,3,2,1,1,204.59,4,1,1,0,0
4,39,4,4,0,0,264.75,5,0,0,0,0
4,20,2,5,1,1,33.63,2,0,0,0,0
0,21,9,1,1,1,14.62,3,1,1,0,0
6,22,10,3,0,0,77.2,5,0,0,0,0
9,45,5,4,1,0,775.86,2,0,1,0,1
0,50,10,4,1,1,26.24,4,0,1,0,0
0,27,3,3,1,1,1.39,0,0,1,0,0
7,25,10,4,0,0,115.19,4,1,0,0,0
0,19,7,4,0,0,21.81,0,0,1,0,0
4,50,9,3,1,0,577.54,2,1,0,0,0
0,25,3,2,1,1,25.8,7,1,0,0,0
0,21,9,5,0,1,20.92,0,0,1,0,1
7,30,6,3,0,1,8.18,1,1,1,0,1
12,29,11,4,0,1,81.22,4,0,0,0,1
7,33,3,4,1,0,190.17,4,1,1,0,0
4,30,1,1,0,1,11.05,0,0,0,0,0
6,37,3,1,0,0,235.15,5,1,1,0,0
4,26,9,3,0,0,85.13,2,1,0,0,0
1,26,9,4,1,1,48.26,2,0,0,0,0
1,26,10,2,1,1,34.55,6,1,0,0,1
0,40,1,2,1,0,51.49,3,0,1,0,0
3,26,2,2,1,1,39.18,6,1,1,0,0
4,33,5,2,0,0,50.06,3,1,0,0,0
3,30,1,1,0,1,67.54,3,0,1,0,0
0,44,5,3,1,0,93.77,1,1,0,0,0
0,20,5,2,1,0,21.05,3,0,0,0,0
0,29,1,1,1,1,29.9,4,1,1,0,0
0,44,7,2,1,0,35.11,7,1,1,0,0
5,38,7,5,0,1,216.33,0,1,0,0,0
7,26,10,5,0,0,125.95,4,0,0,0,0
0,19,10,1,1,1,12.19,12,1,1,0,0
10,27,11,4,0,0,208.54,7,1,0,0,1
2,24,5,3,0,1,42.83,4,1,0,0,0
6,28,10,4,0,0,132.03,8,0,0,0,0
4,27,2,5,1,1,22.58,6,1,0,0,1
4,24,5,4,1,1,49.41,2,1,0,0,1
0,22,7,1,0,0,98.31,1,0,1,0,0
4,23,1,3,0,0,65.07,3,0,0,0,0
6,22,2,3,0,1,69.72,8,0,0,1,0
4,39,11,4,0,0,264.75,2,1,0,0,0
12,42,8,5,1,1,786.69,4,0,1,0,0
0,35,6,2,1,1,62.21,1,1,0,0,0
3,33,9,2,1,0,114.5,7,1,0,0,0
7,27,12,5,1,1,33.32,6,0,1,1,0
3,25,10,4,0,0,64.15,2,0,1,1,0
0,28,8,2,0,1,47.12,10,0,0,0,0
1,50,11,3,1,1,38.88,11,1,0,0,0
6,22,10,4,1,0,61.35,8,0,1,0,1
0,32,10,4,1,1,38.91,1,0,1,0,0
6,32,1,4,0,1,119.08,5,0,1,0,0
2,23,3,1,1,0,18.74,12,1,0,0,1
5,34,3,1,0,0,196.13,3,1,0,0,0
9,18,7,3,0,0,79.39,0,0,0,0,0
6,25,11,4,0,1,64.12,7,0,1,0,0
10,17,3,1,1,0,77.74,9,1,1,0,0
5,24,3,4,0,1,73.26,2,1,0,1,0
7,23,12,2,0,1,61.06,4,1,1,0,0
4,24,8,5,0,1,56.93,13,1,0,0,1
8,19,4,4,0,1,59.63,6,0,0,0,0
6,32,12,2,1,0,84.59,9,0,0,0,0
6,22,11,5,1,0,59.92,6,0,1,0,0
0,49,10,1,1,1,164.93,5,1,1,0,0
5,21,10,1,0,0,34.89,6,0,0,0,0
0,29,3,3,0,0,54.79,9,1,1,0,1
4,18,4,4,1,0,17.22,2,0,0,0,0
10,18,7,3,0,1,72.35,2,1,0,0,1
4,32,8,3,1,1,98.02,1,1,0,0,0
4,20,10,1,0,1,38.75,10,0,0,0,0
0,28,2,3,0,0,60.33,8,1,0,0,0
4,42,5,3,0,1,266.84,5,0,0,0,0
3,17,11,5,0,1,25.85,9,1,0,0,0
6,21,12,4,0,1,55.09,4,1,0,0,0
1,48,4,1,0,0,309.7,6,0,1,0,0
5,24,2,4,1,1,47.14,7,0,1,1,0
3,40,12,2,0,1,228.51,1,1,0,1,0
4,20,1,5,0,1,38.75,1,0,0,0,0
2,59,7,1,1,0,86.58,5,1,0,0,0
6,26,6,1,0,0,110.53,3,1,0,0,0
0,21,6,5,1,1,18,9,0,0,0,0
3,45,1,5,0,0,29.57,0,0,0,0,0
17,29,8,3,0,0,504.13,0,1,1,0,1
0,48,10,4,0,0,271.8,0,1,1,0,0
1,46,10,4,1,0,196.89,2,1,1,0,0
0,52,8,4,1,1,259.82,5,1,0,0,0
5,31,9,4,0,0,150.95,9,0,0,0,0
4,46,4,2,1,0,81.41,4,1,0,0,0
6,18,8,3,1,0,51.3,13,0,0,0,0
4,18,2,2,0,0,33.56,4,0,1,0,0
11,22,3,3,0,0,123.27,1,0,1,0,1
7,23,10,2,1,1,46.17,1,0,1,0,1
0,22,5,1,0,1,28.21,4,1,0,0,1
5,20,3,3,0,1,44.15,8,1,0,0,0
11,35,4,3,0,0,86.63,6,1,0,0,0
1,23,8,3,0,1,85.21,9,1,1,1,0
12,23,5,3,0,0,213.78,3,1,0,1,0
3,38,10,3,0,0,173.19,1,1,1,0,0
0,41,4,1,1,1,104.03,13,0,0,0,0
3,19,11,3,1,0,65.73,1,0,0,0,0
0,32,6,2,0,0,69.34,7,1,0,0,0
4,19,11,4,1,0,39.3,8,0,0,0,0
4,24,4,1,0,0,57.8,11,0,1,0,0
6,26,8,4,1,1,88.96,0,1,1,0,1
